商品,指导零售价,批发价,订单量,金额,订单日期,订单编号,来源文件
七匹狼(银中支),230.0,201.4,1.0,201.4,2026-01-01,XQJ10000000026109147,订单明细20260329030703.xlsx
七匹狼(银中支),230.0,201.4,1.0,201.4,2026-01-01,XQJ10000000026109147,订单明细20260329030703.xlsx
七匹狼(银中支),230.0,201.4,1.0,201.4,2026-01-01,XQJ10000000026109147,订单明细20260329030703.xlsx
七匹狼(银中支),230.0,201.4,1.0,201.4,2026-01-01,XQJ10000000026109147,订单明细20260329030703.xlsx
七匹狼(银中支),230.0,201.4,1.0,201.4,2026-01-01,XQJ10000000026109147,订单明细20260329030703.xlsx
七匹狼(银中支),230.0,201.4,1.0,201.4,2026-01-01,XQJ10000000026109147,订单明细20260329030703.xlsx
七匹狼(锋芒),180.0,158.0,1.0,158.0,2026-01-01,XQJ10000000026109147,订单明细20260329030703.xlsx
七匹狼(锋芒),180.0,158.0,1.0,158.0,2026-01-01,XQJ10000000026109147,订单明细20260329030703.xlsx
七匹狼(锋芒),180.0,158.0,1.0,158.0,2026-01-01,XQJ10000000026109147,订单明细20260329030703.xlsx
七匹狼(锋芒),180.0,158.0,1.0,158.0,2026-01-01,XQJ10000000026109147,订单明细20260329030703.xlsx
七匹狼(锋芒),180.0,158.0,1.0,158.0,2026-01-01,XQJ10000000026109147,订单明细20260329030703.xlsx
七匹狼(锋芒),180.0,158.0,1.0,158.0,2026-01-01,XQJ10000000026109147,订单明细20260329030703.xlsx
中华(双中支),500.0,424.0,1.0,424.0,2026-01-01,XQJ10000000026109147,订单明细20260329030703.xlsx
中华(双中支),500.0,424.0,1.0,424.0,2026-01-01,XQJ10000000026109147,订单明细20260329030703.xlsx
中华(双中支),500.0,424.0,1.0,424.0,2026-01-01,XQJ10000000026109147,订单明细20260329030703.xlsx
中华(双中支),500.0,424.0,1.0,424.0,2026-01-01,XQJ10000000026109147,订单明细20260329030703.xlsx
中华(双中支),500.0,424.0,1.0,424.0,2026-01-01,XQJ10000000026109147,订单明细20260329030703.xlsx
中华(双中支),500.0,424.0,1.0,424.0,2026-01-01,XQJ10000000026109147,订单明细20260329030703.xlsx
中华(软),700.0,583.0,1.0,583.0,2026-01-01,XQJ10000000026109147,订单明细20260329030703.xlsx
中华(软),700.0,583.0,1.0,583.0,2026-01-01,XQJ10000000026109147,订单明细20260329030703.xlsx
中华(软),700.0,583.0,1.0,583.0,2026-01-01,XQJ10000000026109147,订单明细20260329030703.xlsx
中华(软),700.0,583.0,1.0,583.0,2026-01-01,XQJ10000000026109147,订单明细20260329030703.xlsx
中华(软),700.0,583.0,1.0,583.0,2026-01-01,XQJ10000000026109147,订单明细20260329030703.xlsx
中华(软),700.0,583.0,1.0,583.0,2026-01-01,XQJ10000000026109147,订单明细20260329030703.xlsx
云烟(中支云龙),200.0,175.0,1.0,175.0,2026-01-01,XQJ10000000026109147,订单明细20260329030703.xlsx
云烟(中支云龙),200.0,175.0,1.0,175.0,2026-01-01,XQJ10000000026109147,订单明细20260329030703.xlsx
云烟(中支云龙),200.0,175.0,1.0,175.0,2026-01-01,XQJ10000000026109147,订单明细20260329030703.xlsx
云烟(中支云龙),200.0,175.0,1.0,175.0,2026-01-01,XQJ10000000026109147,订单明细20260329030703.xlsx
云烟(中支云龙),200.0,175.0,1.0,175.0,2026-01-01,XQJ10000000026109147,订单明细20260329030703.xlsx
云烟(中支云龙),200.0,175.0,1.0,175.0,2026-01-01,XQJ10000000026109147,订单明细20260329030703.xlsx
云烟(中支大重九),1000.0,848.0,3.0,2544.0,2026-01-01,XQJ10000000026109147,订单明细20260329030703.xlsx
云烟(中支大重九),1000.0,848.0,3.0,2544.0,2026-01-01,XQJ10000000026109147,订单明细20260329030703.xlsx
云烟(中支大重九),1000.0,848.0,3.0,2544.0,2026-01-01,XQJ10000000026109147,订单明细20260329030703.xlsx
云烟(中支大重九),1000.0,848.0,3.0,2544.0,2026-01-01,XQJ10000000026109147,订单明细20260329030703.xlsx
云烟(中支大重九),1000.0,848.0,3.0,2544.0,2026-01-01,XQJ10000000026109147,订单明细20260329030703.xlsx
云烟(中支大重九),1000.0,848.0,3.0,2544.0,2026-01-01,XQJ10000000026109147,订单明细20260329030703.xlsx
云烟(印象),650.0,561.8,1.0,561.8,2026-01-01,XQJ10000000026109147,订单明细20260329030703.xlsx
云烟(印象),650.0,561.8,1.0,561.8,2026-01-01,XQJ10000000026109147,订单明细20260329030703.xlsx
云烟(印象),650.0,561.8,1.0,561.8,2026-01-01,XQJ10000000026109147,订单明细20260329030703.xlsx
云烟(印象),650.0,561.8,1.0,561.8,2026-01-01,XQJ10000000026109147,订单明细20260329030703.xlsx
云烟(印象),650.0,561.8,1.0,561.8,2026-01-01,XQJ10000000026109147,订单明细20260329030703.xlsx
云烟(印象),650.0,561.8,1.0,561.8,2026-01-01,XQJ10000000026109147,订单明细20260329030703.xlsx
云烟(小熊猫家园),200.0,158.0,4.0,632.0,2026-01-01,XQJ10000000026109147,订单明细20260329030703.xlsx
云烟(小熊猫家园),200.0,158.0,4.0,632.0,2026-01-01,XQJ10000000026109147,订单明细20260329030703.xlsx
云烟(小熊猫家园),200.0,158.0,4.0,632.0,2026-01-01,XQJ10000000026109147,订单明细20260329030703.xlsx
云烟(小熊猫家园),200.0,158.0,4.0,632.0,2026-01-01,XQJ10000000026109147,订单明细20260329030703.xlsx
云烟(小熊猫家园),200.0,158.0,4.0,632.0,2026-01-01,XQJ10000000026109147,订单明细20260329030703.xlsx
云烟(小熊猫家园),200.0,158.0,4.0,632.0,2026-01-01,XQJ10000000026109147,订单明细20260329030703.xlsx
云烟(流金印象细支),450.0,381.6,1.0,381.6,2026-01-01,XQJ10000000026109147,订单明细20260329030703.xlsx
云烟(流金印象细支),450.0,381.6,1.0,381.6,2026-01-01,XQJ10000000026109147,订单明细20260329030703.xlsx
云烟(流金印象细支),450.0,381.6,1.0,381.6,2026-01-01,XQJ10000000026109147,订单明细20260329030703.xlsx
云烟(流金印象细支),450.0,381.6,1.0,381.6,2026-01-01,XQJ10000000026109147,订单明细20260329030703.xlsx
云烟(流金印象细支),450.0,381.6,1.0,381.6,2026-01-01,XQJ10000000026109147,订单明细20260329030703.xlsx
云烟(流金印象细支),450.0,381.6,1.0,381.6,2026-01-01,XQJ10000000026109147,订单明细20260329030703.xlsx
云烟(福),120.0,107.06,3.0,321.18,2026-01-01,XQJ10000000026109147,订单明细20260329030703.xlsx
云烟(福),120.0,107.06,3.0,321.18,2026-01-01,XQJ10000000026109147,订单明细20260329030703.xlsx
云烟(福),120.0,107.06,3.0,321.18,2026-01-01,XQJ10000000026109147,订单明细20260329030703.xlsx
云烟(福),120.0,107.06,3.0,321.18,2026-01-01,XQJ10000000026109147,订单明细20260329030703.xlsx
云烟(福),120.0,107.06,3.0,321.18,2026-01-01,XQJ10000000026109147,订单明细20260329030703.xlsx
云烟(福),120.0,107.06,3.0,321.18,2026-01-01,XQJ10000000026109147,订单明细20260329030703.xlsx
云烟(紫),130.0,114.5,43.0,4923.5,2026-01-01,XQJ10000000026109147,订单明细20260329030703.xlsx
云烟(紫),130.0,114.5,43.0,4923.5,2026-01-01,XQJ10000000026109147,订单明细20260329030703.xlsx
云烟(紫),130.0,114.5,43.0,4923.5,2026-01-01,XQJ10000000026109147,订单明细20260329030703.xlsx
云烟(紫),130.0,114.5,43.0,4923.5,2026-01-01,XQJ10000000026109147,订单明细20260329030703.xlsx
云烟(紫),130.0,114.5,43.0,4923.5,2026-01-01,XQJ10000000026109147,订单明细20260329030703.xlsx
云烟(紫),130.0,114.5,43.0,4923.5,2026-01-01,XQJ10000000026109147,订单明细20260329030703.xlsx
云烟(细支云龙),150.0,129.3,8.0,1034.4,2026-01-01,XQJ10000000026109147,订单明细20260329030703.xlsx
云烟(细支云龙),150.0,129.3,8.0,1034.4,2026-01-01,XQJ10000000026109147,订单明细20260329030703.xlsx
云烟(细支云龙),150.0,129.3,8.0,1034.4,2026-01-01,XQJ10000000026109147,订单明细20260329030703.xlsx
云烟(细支云龙),150.0,129.3,8.0,1034.4,2026-01-01,XQJ10000000026109147,订单明细20260329030703.xlsx
云烟(细支云龙),150.0,129.3,8.0,1034.4,2026-01-01,XQJ10000000026109147,订单明细20260329030703.xlsx
云烟(细支云龙),150.0,129.3,8.0,1034.4,2026-01-01,XQJ10000000026109147,订单明细20260329030703.xlsx
云烟(细支大重九),1000.0,848.0,3.0,2544.0,2026-01-01,XQJ10000000026109147,订单明细20260329030703.xlsx
云烟(细支大重九),1000.0,848.0,3.0,2544.0,2026-01-01,XQJ10000000026109147,订单明细20260329030703.xlsx
云烟(细支大重九),1000.0,848.0,3.0,2544.0,2026-01-01,XQJ10000000026109147,订单明细20260329030703.xlsx
云烟(细支大重九),1000.0,848.0,3.0,2544.0,2026-01-01,XQJ10000000026109147,订单明细20260329030703.xlsx
云烟(细支大重九),1000.0,848.0,3.0,2544.0,2026-01-01,XQJ10000000026109147,订单明细20260329030703.xlsx
云烟(细支大重九),1000.0,848.0,3.0,2544.0,2026-01-01,XQJ10000000026109147,订单明细20260329030703.xlsx
云烟(细支小重九),500.0,424.0,1.0,424.0,2026-01-01,XQJ10000000026109147,订单明细20260329030703.xlsx
云烟(细支小重九),500.0,424.0,1.0,424.0,2026-01-01,XQJ10000000026109147,订单明细20260329030703.xlsx
云烟(细支小重九),500.0,424.0,1.0,424.0,2026-01-01,XQJ10000000026109147,订单明细20260329030703.xlsx
云烟(细支小重九),500.0,424.0,1.0,424.0,2026-01-01,XQJ10000000026109147,订单明细20260329030703.xlsx
云烟(细支小重九),500.0,424.0,1.0,424.0,2026-01-01,XQJ10000000026109147,订单明细20260329030703.xlsx
云烟(细支小重九),500.0,424.0,1.0,424.0,2026-01-01,XQJ10000000026109147,订单明细20260329030703.xlsx
云烟(细支灵感蘑菇),260.0,225.0,1.0,225.0,2026-01-01,XQJ10000000026109147,订单明细20260329030703.xlsx
云烟(细支灵感蘑菇),260.0,225.0,1.0,225.0,2026-01-01,XQJ10000000026109147,订单明细20260329030703.xlsx
云烟(细支灵感蘑菇),260.0,225.0,1.0,225.0,2026-01-01,XQJ10000000026109147,订单明细20260329030703.xlsx
云烟(细支灵感蘑菇),260.0,225.0,1.0,225.0,2026-01-01,XQJ10000000026109147,订单明细20260329030703.xlsx
云烟(细支灵感蘑菇),260.0,225.0,1.0,225.0,2026-01-01,XQJ10000000026109147,订单明细20260329030703.xlsx
云烟(细支灵感蘑菇),260.0,225.0,1.0,225.0,2026-01-01,XQJ10000000026109147,订单明细20260329030703.xlsx
云烟(细支珍品),260.0,225.0,3.0,675.0,2026-01-01,XQJ10000000026109147,订单明细20260329030703.xlsx
云烟(细支珍品),260.0,225.0,3.0,675.0,2026-01-01,XQJ10000000026109147,订单明细20260329030703.xlsx
云烟(细支珍品),260.0,225.0,3.0,675.0,2026-01-01,XQJ10000000026109147,订单明细20260329030703.xlsx
云烟(细支珍品),260.0,225.0,3.0,675.0,2026-01-01,XQJ10000000026109147,订单明细20260329030703.xlsx
云烟(细支珍品),260.0,225.0,3.0,675.0,2026-01-01,XQJ10000000026109147,订单明细20260329030703.xlsx
云烟(细支珍品),260.0,225.0,3.0,675.0,2026-01-01,XQJ10000000026109147,订单明细20260329030703.xlsx
云烟(细支筋斗云),350.0,300.0,1.0,300.0,2026-01-01,XQJ10000000026109147,订单明细20260329030703.xlsx
云烟(细支筋斗云),350.0,300.0,1.0,300.0,2026-01-01,XQJ10000000026109147,订单明细20260329030703.xlsx
云烟(细支筋斗云),350.0,300.0,1.0,300.0,2026-01-01,XQJ10000000026109147,订单明细20260329030703.xlsx
云烟(细支筋斗云),350.0,300.0,1.0,300.0,2026-01-01,XQJ10000000026109147,订单明细20260329030703.xlsx
云烟(细支筋斗云),350.0,300.0,1.0,300.0,2026-01-01,XQJ10000000026109147,订单明细20260329030703.xlsx
云烟(细支筋斗云),350.0,300.0,1.0,300.0,2026-01-01,XQJ10000000026109147,订单明细20260329030703.xlsx
云烟(软印象烟庄),370.0,318.0,1.0,318.0,2026-01-01,XQJ10000000026109147,订单明细20260329030703.xlsx
云烟(软印象烟庄),370.0,318.0,1.0,318.0,2026-01-01,XQJ10000000026109147,订单明细20260329030703.xlsx
云烟(软印象烟庄),370.0,318.0,1.0,318.0,2026-01-01,XQJ10000000026109147,订单明细20260329030703.xlsx
云烟(软印象烟庄),370.0,318.0,1.0,318.0,2026-01-01,XQJ10000000026109147,订单明细20260329030703.xlsx
云烟(软印象烟庄),370.0,318.0,1.0,318.0,2026-01-01,XQJ10000000026109147,订单明细20260329030703.xlsx
云烟(软印象烟庄),370.0,318.0,1.0,318.0,2026-01-01,XQJ10000000026109147,订单明细20260329030703.xlsx
云烟(软大重九),1000.0,720.8,3.0,2162.4,2026-01-01,XQJ10000000026109147,订单明细20260329030703.xlsx
云烟(软大重九),1000.0,720.8,3.0,2162.4,2026-01-01,XQJ10000000026109147,订单明细20260329030703.xlsx
云烟(软大重九),1000.0,720.8,3.0,2162.4,2026-01-01,XQJ10000000026109147,订单明细20260329030703.xlsx
云烟(软大重九),1000.0,720.8,3.0,2162.4,2026-01-01,XQJ10000000026109147,订单明细20260329030703.xlsx
云烟(软大重九),1000.0,720.8,3.0,2162.4,2026-01-01,XQJ10000000026109147,订单明细20260329030703.xlsx
云烟(软大重九),1000.0,720.8,3.0,2162.4,2026-01-01,XQJ10000000026109147,订单明细20260329030703.xlsx
云烟(软珍品),230.0,206.7,45.0,9301.5,2026-01-01,XQJ10000000026109147,订单明细20260329030703.xlsx
云烟(软珍品),230.0,206.7,45.0,9301.5,2026-01-01,XQJ10000000026109147,订单明细20260329030703.xlsx
云烟(软珍品),230.0,206.7,45.0,9301.5,2026-01-01,XQJ10000000026109147,订单明细20260329030703.xlsx
云烟(软珍品),230.0,206.7,45.0,9301.5,2026-01-01,XQJ10000000026109147,订单明细20260329030703.xlsx
云烟(软珍品),230.0,206.7,45.0,9301.5,2026-01-01,XQJ10000000026109147,订单明细20260329030703.xlsx
云烟(软珍品),230.0,206.7,45.0,9301.5,2026-01-01,XQJ10000000026109147,订单明细20260329030703.xlsx
云烟(黑金刚印象),560.0,466.4,1.0,466.4,2026-01-01,XQJ10000000026109147,订单明细20260329030703.xlsx
云烟(黑金刚印象),560.0,466.4,1.0,466.4,2026-01-01,XQJ10000000026109147,订单明细20260329030703.xlsx
云烟(黑金刚印象),560.0,466.4,1.0,466.4,2026-01-01,XQJ10000000026109147,订单明细20260329030703.xlsx
云烟(黑金刚印象),560.0,466.4,1.0,466.4,2026-01-01,XQJ10000000026109147,订单明细20260329030703.xlsx
云烟(黑金刚印象),560.0,466.4,1.0,466.4,2026-01-01,XQJ10000000026109147,订单明细20260329030703.xlsx
云烟(黑金刚印象),560.0,466.4,1.0,466.4,2026-01-01,XQJ10000000026109147,订单明细20260329030703.xlsx
利群(新版),160.0,143.1,1.0,143.1,2026-01-01,XQJ10000000026109147,订单明细20260329030703.xlsx
利群(新版),160.0,143.1,1.0,143.1,2026-01-01,XQJ10000000026109147,订单明细20260329030703.xlsx
利群(新版),160.0,143.1,1.0,143.1,2026-01-01,XQJ10000000026109147,订单明细20260329030703.xlsx
利群(新版),160.0,143.1,1.0,143.1,2026-01-01,XQJ10000000026109147,订单明细20260329030703.xlsx
利群(新版),160.0,143.1,1.0,143.1,2026-01-01,XQJ10000000026109147,订单明细20260329030703.xlsx
利群(新版),160.0,143.1,1.0,143.1,2026-01-01,XQJ10000000026109147,订单明细20260329030703.xlsx
利群(江南韵),260.0,225.0,1.0,225.0,2026-01-01,XQJ10000000026109147,订单明细20260329030703.xlsx
利群(江南韵),260.0,225.0,1.0,225.0,2026-01-01,XQJ10000000026109147,订单明细20260329030703.xlsx
利群(江南韵),260.0,225.0,1.0,225.0,2026-01-01,XQJ10000000026109147,订单明细20260329030703.xlsx
利群(江南韵),260.0,225.0,1.0,225.0,2026-01-01,XQJ10000000026109147,订单明细20260329030703.xlsx
利群(江南韵),260.0,225.0,1.0,225.0,2026-01-01,XQJ10000000026109147,订单明细20260329030703.xlsx
利群(江南韵),260.0,225.0,1.0,225.0,2026-01-01,XQJ10000000026109147,订单明细20260329030703.xlsx
利群(软长嘴),360.0,318.0,1.0,318.0,2026-01-01,XQJ10000000026109147,订单明细20260329030703.xlsx
利群(软长嘴),360.0,318.0,1.0,318.0,2026-01-01,XQJ10000000026109147,订单明细20260329030703.xlsx
利群(软长嘴),360.0,318.0,1.0,318.0,2026-01-01,XQJ10000000026109147,订单明细20260329030703.xlsx
利群(软长嘴),360.0,318.0,1.0,318.0,2026-01-01,XQJ10000000026109147,订单明细20260329030703.xlsx
利群(软长嘴),360.0,318.0,1.0,318.0,2026-01-01,XQJ10000000026109147,订单明细20260329030703.xlsx
利群(软长嘴),360.0,318.0,1.0,318.0,2026-01-01,XQJ10000000026109147,订单明细20260329030703.xlsx
南京(十二钗薄荷),220.0,188.68,1.0,188.68,2026-01-01,XQJ10000000026109147,订单明细20260329030703.xlsx
南京(十二钗薄荷),220.0,188.68,1.0,188.68,2026-01-01,XQJ10000000026109147,订单明细20260329030703.xlsx
南京(十二钗薄荷),220.0,188.68,1.0,188.68,2026-01-01,XQJ10000000026109147,订单明细20260329030703.xlsx
南京(十二钗薄荷),220.0,188.68,1.0,188.68,2026-01-01,XQJ10000000026109147,订单明细20260329030703.xlsx
南京(十二钗薄荷),220.0,188.68,1.0,188.68,2026-01-01,XQJ10000000026109147,订单明细20260329030703.xlsx
南京(十二钗薄荷),220.0,188.68,1.0,188.68,2026-01-01,XQJ10000000026109147,订单明细20260329030703.xlsx
南京(炫赫门),180.0,155.0,1.0,155.0,2026-01-01,XQJ10000000026109147,订单明细20260329030703.xlsx
南京(炫赫门),180.0,155.0,1.0,155.0,2026-01-01,XQJ10000000026109147,订单明细20260329030703.xlsx
南京(炫赫门),180.0,155.0,1.0,155.0,2026-01-01,XQJ10000000026109147,订单明细20260329030703.xlsx
南京(炫赫门),180.0,155.0,1.0,155.0,2026-01-01,XQJ10000000026109147,订单明细20260329030703.xlsx
南京(炫赫门),180.0,155.0,1.0,155.0,2026-01-01,XQJ10000000026109147,订单明细20260329030703.xlsx
南京(炫赫门),180.0,155.0,1.0,155.0,2026-01-01,XQJ10000000026109147,订单明细20260329030703.xlsx
南京(雨花石),530.0,455.8,1.0,455.8,2026-01-01,XQJ10000000026109147,订单明细20260329030703.xlsx
南京(雨花石),530.0,455.8,1.0,455.8,2026-01-01,XQJ10000000026109147,订单明细20260329030703.xlsx
南京(雨花石),530.0,455.8,1.0,455.8,2026-01-01,XQJ10000000026109147,订单明细20260329030703.xlsx
南京(雨花石),530.0,455.8,1.0,455.8,2026-01-01,XQJ10000000026109147,订单明细20260329030703.xlsx
南京(雨花石),530.0,455.8,1.0,455.8,2026-01-01,XQJ10000000026109147,订单明细20260329030703.xlsx
南京(雨花石),530.0,455.8,1.0,455.8,2026-01-01,XQJ10000000026109147,订单明细20260329030703.xlsx
娇子(格调细支),150.0,129.3,1.0,129.3,2026-01-01,XQJ10000000026109147,订单明细20260329030703.xlsx
娇子(格调细支),150.0,129.3,1.0,129.3,2026-01-01,XQJ10000000026109147,订单明细20260329030703.xlsx
娇子(格调细支),150.0,129.3,1.0,129.3,2026-01-01,XQJ10000000026109147,订单明细20260329030703.xlsx
娇子(格调细支),150.0,129.3,1.0,129.3,2026-01-01,XQJ10000000026109147,订单明细20260329030703.xlsx
娇子(格调细支),150.0,129.3,1.0,129.3,2026-01-01,XQJ10000000026109147,订单明细20260329030703.xlsx
娇子(格调细支),150.0,129.3,1.0,129.3,2026-01-01,XQJ10000000026109147,订单明细20260329030703.xlsx
玉溪(中支境界),600.0,510.0,1.0,510.0,2026-01-01,XQJ10000000026109147,订单明细20260329030703.xlsx
玉溪(中支境界),600.0,510.0,1.0,510.0,2026-01-01,XQJ10000000026109147,订单明细20260329030703.xlsx
玉溪(中支境界),600.0,510.0,1.0,510.0,2026-01-01,XQJ10000000026109147,订单明细20260329030703.xlsx
玉溪(中支境界),600.0,510.0,1.0,510.0,2026-01-01,XQJ10000000026109147,订单明细20260329030703.xlsx
玉溪(中支境界),600.0,510.0,1.0,510.0,2026-01-01,XQJ10000000026109147,订单明细20260329030703.xlsx
玉溪(中支境界),600.0,510.0,1.0,510.0,2026-01-01,XQJ10000000026109147,订单明细20260329030703.xlsx
玉溪(合顺),300.0,263.0,1.0,263.0,2026-01-01,XQJ10000000026109147,订单明细20260329030703.xlsx
玉溪(合顺),300.0,263.0,1.0,263.0,2026-01-01,XQJ10000000026109147,订单明细20260329030703.xlsx
玉溪(合顺),300.0,263.0,1.0,263.0,2026-01-01,XQJ10000000026109147,订单明细20260329030703.xlsx
玉溪(合顺),300.0,263.0,1.0,263.0,2026-01-01,XQJ10000000026109147,订单明细20260329030703.xlsx
玉溪(合顺),300.0,263.0,1.0,263.0,2026-01-01,XQJ10000000026109147,订单明细20260329030703.xlsx
玉溪(合顺),300.0,263.0,1.0,263.0,2026-01-01,XQJ10000000026109147,订单明细20260329030703.xlsx
玉溪(硬和谐),400.0,339.2,2.0,678.4,2026-01-01,XQJ10000000026109147,订单明细20260329030703.xlsx
玉溪(硬和谐),400.0,339.2,2.0,678.4,2026-01-01,XQJ10000000026109147,订单明细20260329030703.xlsx
玉溪(硬和谐),400.0,339.2,2.0,678.4,2026-01-01,XQJ10000000026109147,订单明细20260329030703.xlsx
玉溪(硬和谐),400.0,339.2,2.0,678.4,2026-01-01,XQJ10000000026109147,订单明细20260329030703.xlsx
玉溪(硬和谐),400.0,339.2,2.0,678.4,2026-01-01,XQJ10000000026109147,订单明细20260329030703.xlsx
玉溪(硬和谐),400.0,339.2,2.0,678.4,2026-01-01,XQJ10000000026109147,订单明细20260329030703.xlsx
玉溪(细支),300.0,263.0,1.0,263.0,2026-01-01,XQJ10000000026109147,订单明细20260329030703.xlsx
玉溪(细支),300.0,263.0,1.0,263.0,2026-01-01,XQJ10000000026109147,订单明细20260329030703.xlsx
玉溪(细支),300.0,263.0,1.0,263.0,2026-01-01,XQJ10000000026109147,订单明细20260329030703.xlsx
玉溪(细支),300.0,263.0,1.0,263.0,2026-01-01,XQJ10000000026109147,订单明细20260329030703.xlsx
玉溪(细支),300.0,263.0,1.0,263.0,2026-01-01,XQJ10000000026109147,订单明细20260329030703.xlsx
玉溪(细支),300.0,263.0,1.0,263.0,2026-01-01,XQJ10000000026109147,订单明细20260329030703.xlsx
玉溪(细支缤果爆),260.0,225.0,1.0,225.0,2026-01-01,XQJ10000000026109147,订单明细20260329030703.xlsx
玉溪(细支缤果爆),260.0,225.0,1.0,225.0,2026-01-01,XQJ10000000026109147,订单明细20260329030703.xlsx
玉溪(细支缤果爆),260.0,225.0,1.0,225.0,2026-01-01,XQJ10000000026109147,订单明细20260329030703.xlsx
玉溪(细支缤果爆),260.0,225.0,1.0,225.0,2026-01-01,XQJ10000000026109147,订单明细20260329030703.xlsx
玉溪(细支缤果爆),260.0,225.0,1.0,225.0,2026-01-01,XQJ10000000026109147,订单明细20260329030703.xlsx
玉溪(细支缤果爆),260.0,225.0,1.0,225.0,2026-01-01,XQJ10000000026109147,订单明细20260329030703.xlsx
玉溪(软),230.0,201.4,1.0,201.4,2026-01-01,XQJ10000000026109147,订单明细20260329030703.xlsx
玉溪(软),230.0,201.4,1.0,201.4,2026-01-01,XQJ10000000026109147,订单明细20260329030703.xlsx
玉溪(软),230.0,201.4,1.0,201.4,2026-01-01,XQJ10000000026109147,订单明细20260329030703.xlsx
玉溪(软),230.0,201.4,1.0,201.4,2026-01-01,XQJ10000000026109147,订单明细20260329030703.xlsx
玉溪(软),230.0,201.4,1.0,201.4,2026-01-01,XQJ10000000026109147,订单明细20260329030703.xlsx
玉溪(软),230.0,201.4,1.0,201.4,2026-01-01,XQJ10000000026109147,订单明细20260329030703.xlsx
玉溪(软初心),200.0,175.0,2.0,350.0,2026-01-01,XQJ10000000026109147,订单明细20260329030703.xlsx
玉溪(软初心),200.0,175.0,2.0,350.0,2026-01-01,XQJ10000000026109147,订单明细20260329030703.xlsx
玉溪(软初心),200.0,175.0,2.0,350.0,2026-01-01,XQJ10000000026109147,订单明细20260329030703.xlsx
玉溪(软初心),200.0,175.0,2.0,350.0,2026-01-01,XQJ10000000026109147,订单明细20260329030703.xlsx
玉溪(软初心),200.0,175.0,2.0,350.0,2026-01-01,XQJ10000000026109147,订单明细20260329030703.xlsx
玉溪(软初心),200.0,175.0,2.0,350.0,2026-01-01,XQJ10000000026109147,订单明细20260329030703.xlsx
玉溪(软尚善),280.0,243.8,3.0,731.4,2026-01-01,XQJ10000000026109147,订单明细20260329030703.xlsx
玉溪(软尚善),280.0,243.8,3.0,731.4,2026-01-01,XQJ10000000026109147,订单明细20260329030703.xlsx
玉溪(软尚善),280.0,243.8,3.0,731.4,2026-01-01,XQJ10000000026109147,订单明细20260329030703.xlsx
玉溪(软尚善),280.0,243.8,3.0,731.4,2026-01-01,XQJ10000000026109147,订单明细20260329030703.xlsx
玉溪(软尚善),280.0,243.8,3.0,731.4,2026-01-01,XQJ10000000026109147,订单明细20260329030703.xlsx
玉溪(软尚善),280.0,243.8,3.0,731.4,2026-01-01,XQJ10000000026109147,订单明细20260329030703.xlsx
玉溪(软阿诗玛),200.0,175.0,2.0,350.0,2026-01-01,XQJ10000000026109147,订单明细20260329030703.xlsx
玉溪(软阿诗玛),200.0,175.0,2.0,350.0,2026-01-01,XQJ10000000026109147,订单明细20260329030703.xlsx
玉溪(软阿诗玛),200.0,175.0,2.0,350.0,2026-01-01,XQJ10000000026109147,订单明细20260329030703.xlsx
玉溪(软阿诗玛),200.0,175.0,2.0,350.0,2026-01-01,XQJ10000000026109147,订单明细20260329030703.xlsx
玉溪(软阿诗玛),200.0,175.0,2.0,350.0,2026-01-01,XQJ10000000026109147,订单明细20260329030703.xlsx
玉溪(软阿诗玛),200.0,175.0,2.0,350.0,2026-01-01,XQJ10000000026109147,订单明细20260329030703.xlsx
白沙(和天下),1000.0,848.0,1.0,848.0,2026-01-01,XQJ10000000026109147,订单明细20260329030703.xlsx
白沙(和天下),1000.0,848.0,1.0,848.0,2026-01-01,XQJ10000000026109147,订单明细20260329030703.xlsx
白沙(和天下),1000.0,848.0,1.0,848.0,2026-01-01,XQJ10000000026109147,订单明细20260329030703.xlsx
白沙(和天下),1000.0,848.0,1.0,848.0,2026-01-01,XQJ10000000026109147,订单明细20260329030703.xlsx
白沙(和天下),1000.0,848.0,1.0,848.0,2026-01-01,XQJ10000000026109147,订单明细20260329030703.xlsx
白沙(和天下),1000.0,848.0,1.0,848.0,2026-01-01,XQJ10000000026109147,订单明细20260329030703.xlsx
白沙(硬和天下双中支),900.0,763.2,1.0,763.2,2026-01-01,XQJ10000000026109147,订单明细20260329030703.xlsx
白沙(硬和天下双中支),900.0,763.2,1.0,763.2,2026-01-01,XQJ10000000026109147,订单明细20260329030703.xlsx
白沙(硬和天下双中支),900.0,763.2,1.0,763.2,2026-01-01,XQJ10000000026109147,订单明细20260329030703.xlsx
白沙(硬和天下双中支),900.0,763.2,1.0,763.2,2026-01-01,XQJ10000000026109147,订单明细20260329030703.xlsx
白沙(硬和天下双中支),900.0,763.2,1.0,763.2,2026-01-01,XQJ10000000026109147,订单明细20260329030703.xlsx
白沙(硬和天下双中支),900.0,763.2,1.0,763.2,2026-01-01,XQJ10000000026109147,订单明细20260329030703.xlsx
红塔山(细支传奇),180.0,155.0,2.0,310.0,2026-01-01,XQJ10000000026109147,订单明细20260329030703.xlsx
红塔山(细支传奇),180.0,155.0,2.0,310.0,2026-01-01,XQJ10000000026109147,订单明细20260329030703.xlsx
红塔山(细支传奇),180.0,155.0,2.0,310.0,2026-01-01,XQJ10000000026109147,订单明细20260329030703.xlsx
红塔山(细支传奇),180.0,155.0,2.0,310.0,2026-01-01,XQJ10000000026109147,订单明细20260329030703.xlsx
红塔山(细支传奇),180.0,155.0,2.0,310.0,2026-01-01,XQJ10000000026109147,订单明细20260329030703.xlsx
红塔山(细支传奇),180.0,155.0,2.0,310.0,2026-01-01,XQJ10000000026109147,订单明细20260329030703.xlsx
红河(硬88),120.0,97.0,3.0,291.0,2026-01-01,XQJ10000000026109147,订单明细20260329030703.xlsx
红河(硬88),120.0,97.0,3.0,291.0,2026-01-01,XQJ10000000026109147,订单明细20260329030703.xlsx
红河(硬88),120.0,97.0,3.0,291.0,2026-01-01,XQJ10000000026109147,订单明细20260329030703.xlsx
红河(硬88),120.0,97.0,3.0,291.0,2026-01-01,XQJ10000000026109147,订单明细20260329030703.xlsx
红河(硬88),120.0,97.0,3.0,291.0,2026-01-01,XQJ10000000026109147,订单明细20260329030703.xlsx
红河(硬88),120.0,97.0,3.0,291.0,2026-01-01,XQJ10000000026109147,订单明细20260329030703.xlsx
红河(硬99),140.0,121.9,1.0,121.9,2026-01-01,XQJ10000000026109147,订单明细20260329030703.xlsx
红河(硬99),140.0,121.9,1.0,121.9,2026-01-01,XQJ10000000026109147,订单明细20260329030703.xlsx
红河(硬99),140.0,121.9,1.0,121.9,2026-01-01,XQJ10000000026109147,订单明细20260329030703.xlsx
红河(硬99),140.0,121.9,1.0,121.9,2026-01-01,XQJ10000000026109147,订单明细20260329030703.xlsx
红河(硬99),140.0,121.9,1.0,121.9,2026-01-01,XQJ10000000026109147,订单明细20260329030703.xlsx
红河(硬99),140.0,121.9,1.0,121.9,2026-01-01,XQJ10000000026109147,订单明细20260329030703.xlsx
芙蓉王(品悦细支),260.0,225.0,1.0,225.0,2026-01-01,XQJ10000000026109147,订单明细20260329030703.xlsx
芙蓉王(品悦细支),260.0,225.0,1.0,225.0,2026-01-01,XQJ10000000026109147,订单明细20260329030703.xlsx
芙蓉王(品悦细支),260.0,225.0,1.0,225.0,2026-01-01,XQJ10000000026109147,订单明细20260329030703.xlsx
芙蓉王(品悦细支),260.0,225.0,1.0,225.0,2026-01-01,XQJ10000000026109147,订单明细20260329030703.xlsx
芙蓉王(品悦细支),260.0,225.0,1.0,225.0,2026-01-01,XQJ10000000026109147,订单明细20260329030703.xlsx
芙蓉王(品悦细支),260.0,225.0,1.0,225.0,2026-01-01,XQJ10000000026109147,订单明细20260329030703.xlsx
芙蓉王(沁爽细支),300.0,263.0,1.0,263.0,2026-01-01,XQJ10000000026109147,订单明细20260329030703.xlsx
芙蓉王(沁爽细支),300.0,263.0,1.0,263.0,2026-01-01,XQJ10000000026109147,订单明细20260329030703.xlsx
芙蓉王(沁爽细支),300.0,263.0,1.0,263.0,2026-01-01,XQJ10000000026109147,订单明细20260329030703.xlsx
芙蓉王(沁爽细支),300.0,263.0,1.0,263.0,2026-01-01,XQJ10000000026109147,订单明细20260329030703.xlsx
芙蓉王(沁爽细支),300.0,263.0,1.0,263.0,2026-01-01,XQJ10000000026109147,订单明细20260329030703.xlsx
芙蓉王(沁爽细支),300.0,263.0,1.0,263.0,2026-01-01,XQJ10000000026109147,订单明细20260329030703.xlsx
芙蓉王(硬),250.0,218.36,3.0,655.08,2026-01-01,XQJ10000000026109147,订单明细20260329030703.xlsx
芙蓉王(硬),250.0,218.36,3.0,655.08,2026-01-01,XQJ10000000026109147,订单明细20260329030703.xlsx
芙蓉王(硬),250.0,218.36,3.0,655.08,2026-01-01,XQJ10000000026109147,订单明细20260329030703.xlsx
芙蓉王(硬),250.0,218.36,3.0,655.08,2026-01-01,XQJ10000000026109147,订单明细20260329030703.xlsx
芙蓉王(硬),250.0,218.36,3.0,655.08,2026-01-01,XQJ10000000026109147,订单明细20260329030703.xlsx
芙蓉王(硬),250.0,218.36,3.0,655.08,2026-01-01,XQJ10000000026109147,订单明细20260329030703.xlsx
芙蓉王(硬闪带细支),350.0,300.0,1.0,300.0,2026-01-01,XQJ10000000026109147,订单明细20260329030703.xlsx
芙蓉王(硬闪带细支),350.0,300.0,1.0,300.0,2026-01-01,XQJ10000000026109147,订单明细20260329030703.xlsx
芙蓉王(硬闪带细支),350.0,300.0,1.0,300.0,2026-01-01,XQJ10000000026109147,订单明细20260329030703.xlsx
芙蓉王(硬闪带细支),350.0,300.0,1.0,300.0,2026-01-01,XQJ10000000026109147,订单明细20260329030703.xlsx
芙蓉王(硬闪带细支),350.0,300.0,1.0,300.0,2026-01-01,XQJ10000000026109147,订单明细20260329030703.xlsx
芙蓉王(硬闪带细支),350.0,300.0,1.0,300.0,2026-01-01,XQJ10000000026109147,订单明细20260329030703.xlsx
贵烟(跨越),250.0,201.4,2.0,402.8,2026-01-01,XQJ10000000026109147,订单明细20260329030703.xlsx
贵烟(跨越),250.0,201.4,2.0,402.8,2026-01-01,XQJ10000000026109147,订单明细20260329030703.xlsx
贵烟(跨越),250.0,201.4,2.0,402.8,2026-01-01,XQJ10000000026109147,订单明细20260329030703.xlsx
贵烟(跨越),250.0,201.4,2.0,402.8,2026-01-01,XQJ10000000026109147,订单明细20260329030703.xlsx
贵烟(跨越),250.0,201.4,2.0,402.8,2026-01-01,XQJ10000000026109147,订单明细20260329030703.xlsx
贵烟(跨越),250.0,201.4,2.0,402.8,2026-01-01,XQJ10000000026109147,订单明细20260329030703.xlsx
金桥(炫影细支),260.0,225.0,1.0,225.0,2026-01-01,XQJ10000000026109147,订单明细20260329030703.xlsx
金桥(炫影细支),260.0,225.0,1.0,225.0,2026-01-01,XQJ10000000026109147,订单明细20260329030703.xlsx
金桥(炫影细支),260.0,225.0,1.0,225.0,2026-01-01,XQJ10000000026109147,订单明细20260329030703.xlsx
金桥(炫影细支),260.0,225.0,1.0,225.0,2026-01-01,XQJ10000000026109147,订单明细20260329030703.xlsx
金桥(炫影细支),260.0,225.0,1.0,225.0,2026-01-01,XQJ10000000026109147,订单明细20260329030703.xlsx
金桥(炫影细支),260.0,225.0,1.0,225.0,2026-01-01,XQJ10000000026109147,订单明细20260329030703.xlsx
钻石(软荷花),500.0,339.2,1.0,339.2,2026-01-01,XQJ10000000026109147,订单明细20260329030703.xlsx
钻石(软荷花),500.0,339.2,1.0,339.2,2026-01-01,XQJ10000000026109147,订单明细20260329030703.xlsx
钻石(软荷花),500.0,339.2,1.0,339.2,2026-01-01,XQJ10000000026109147,订单明细20260329030703.xlsx
钻石(软荷花),500.0,339.2,1.0,339.2,2026-01-01,XQJ10000000026109147,订单明细20260329030703.xlsx
钻石(软荷花),500.0,339.2,1.0,339.2,2026-01-01,XQJ10000000026109147,订单明细20260329030703.xlsx
钻石(软荷花),500.0,339.2,1.0,339.2,2026-01-01,XQJ10000000026109147,订单明细20260329030703.xlsx
黄金叶(商鼎),200.0,175.0,2.0,350.0,2026-01-01,XQJ10000000026109147,订单明细20260329030703.xlsx
黄金叶(商鼎),200.0,175.0,2.0,350.0,2026-01-01,XQJ10000000026109147,订单明细20260329030703.xlsx
黄金叶(商鼎),200.0,175.0,2.0,350.0,2026-01-01,XQJ10000000026109147,订单明细20260329030703.xlsx
黄金叶(商鼎),200.0,175.0,2.0,350.0,2026-01-01,XQJ10000000026109147,订单明细20260329030703.xlsx
黄金叶(商鼎),200.0,175.0,2.0,350.0,2026-01-01,XQJ10000000026109147,订单明细20260329030703.xlsx
黄金叶(商鼎),200.0,175.0,2.0,350.0,2026-01-01,XQJ10000000026109147,订单明细20260329030703.xlsx
黄金叶(浓香细支),300.0,263.0,1.0,263.0,2026-01-01,XQJ10000000026109147,订单明细20260329030703.xlsx
黄金叶(浓香细支),300.0,263.0,1.0,263.0,2026-01-01,XQJ10000000026109147,订单明细20260329030703.xlsx
黄金叶(浓香细支),300.0,263.0,1.0,263.0,2026-01-01,XQJ10000000026109147,订单明细20260329030703.xlsx
黄金叶(浓香细支),300.0,263.0,1.0,263.0,2026-01-01,XQJ10000000026109147,订单明细20260329030703.xlsx
黄金叶(浓香细支),300.0,263.0,1.0,263.0,2026-01-01,XQJ10000000026109147,订单明细20260329030703.xlsx
黄金叶(浓香细支),300.0,263.0,1.0,263.0,2026-01-01,XQJ10000000026109147,订单明细20260329030703.xlsx
黄鹤楼(硬1916红爆),1000.0,720.8,1.0,720.8,2026-01-01,XQJ10000000026109147,订单明细20260329030703.xlsx
黄鹤楼(硬1916红爆),1000.0,720.8,1.0,720.8,2026-01-01,XQJ10000000026109147,订单明细20260329030703.xlsx
黄鹤楼(硬1916红爆),1000.0,720.8,1.0,720.8,2026-01-01,XQJ10000000026109147,订单明细20260329030703.xlsx
黄鹤楼(硬1916红爆),1000.0,720.8,1.0,720.8,2026-01-01,XQJ10000000026109147,订单明细20260329030703.xlsx
黄鹤楼(硬1916红爆),1000.0,720.8,1.0,720.8,2026-01-01,XQJ10000000026109147,订单明细20260329030703.xlsx
黄鹤楼(硬1916红爆),1000.0,720.8,1.0,720.8,2026-01-01,XQJ10000000026109147,订单明细20260329030703.xlsx
黄鹤楼(视窗),400.0,300.0,1.0,300.0,2026-01-01,XQJ10000000026109147,订单明细20260329030703.xlsx
黄鹤楼(视窗),400.0,300.0,1.0,300.0,2026-01-01,XQJ10000000026109147,订单明细20260329030703.xlsx
黄鹤楼(视窗),400.0,300.0,1.0,300.0,2026-01-01,XQJ10000000026109147,订单明细20260329030703.xlsx
黄鹤楼(视窗),400.0,300.0,1.0,300.0,2026-01-01,XQJ10000000026109147,订单明细20260329030703.xlsx
黄鹤楼(视窗),400.0,300.0,1.0,300.0,2026-01-01,XQJ10000000026109147,订单明细20260329030703.xlsx
黄鹤楼(视窗),400.0,300.0,1.0,300.0,2026-01-01,XQJ10000000026109147,订单明细20260329030703.xlsx
555(双冰),320.0,271.07,1.0,271.07,2026-01-05,XQJ10000000026133353,订单明细20260329030633.xlsx
555(双冰),320.0,271.07,1.0,271.07,2026-01-05,XQJ10000000026133353,订单明细20260329030633.xlsx
555(双冰),320.0,271.07,1.0,271.07,2026-01-05,XQJ10000000026133353,订单明细20260329030633.xlsx
555(双冰),320.0,271.07,1.0,271.07,2026-01-05,XQJ10000000026133353,订单明细20260329030633.xlsx
555(双冰),320.0,271.07,1.0,271.07,2026-01-05,XQJ10000000026133353,订单明细20260329030633.xlsx
555(双冰),320.0,271.07,1.0,271.07,2026-01-05,XQJ10000000026133353,订单明细20260329030633.xlsx
中华(双中支),500.0,424.0,0.0,0.0,2026-01-05,XQJ10000000026133353,订单明细20260329030633.xlsx
中华(双中支),500.0,424.0,0.0,0.0,2026-01-05,XQJ10000000026133353,订单明细20260329030633.xlsx
中华(双中支),500.0,424.0,0.0,0.0,2026-01-05,XQJ10000000026133353,订单明细20260329030633.xlsx
中华(双中支),500.0,424.0,0.0,0.0,2026-01-05,XQJ10000000026133353,订单明细20260329030633.xlsx
中华(双中支),500.0,424.0,0.0,0.0,2026-01-05,XQJ10000000026133353,订单明细20260329030633.xlsx
中华(双中支),500.0,424.0,0.0,0.0,2026-01-05,XQJ10000000026133353,订单明细20260329030633.xlsx
中华(硬),450.0,381.6,3.0,1144.8,2026-01-05,XQJ10000000026133353,订单明细20260329030633.xlsx
中华(硬),450.0,381.6,3.0,1144.8,2026-01-05,XQJ10000000026133353,订单明细20260329030633.xlsx
中华(硬),450.0,381.6,3.0,1144.8,2026-01-05,XQJ10000000026133353,订单明细20260329030633.xlsx
中华(硬),450.0,381.6,3.0,1144.8,2026-01-05,XQJ10000000026133353,订单明细20260329030633.xlsx
中华(硬),450.0,381.6,3.0,1144.8,2026-01-05,XQJ10000000026133353,订单明细20260329030633.xlsx
中华(硬),450.0,381.6,3.0,1144.8,2026-01-05,XQJ10000000026133353,订单明细20260329030633.xlsx
中华(金中支),1000.0,678.4,0.0,0.0,2026-01-05,XQJ10000000026133353,订单明细20260329030633.xlsx
中华(金中支),1000.0,678.4,0.0,0.0,2026-01-05,XQJ10000000026133353,订单明细20260329030633.xlsx
中华(金中支),1000.0,678.4,0.0,0.0,2026-01-05,XQJ10000000026133353,订单明细20260329030633.xlsx
中华(金中支),1000.0,678.4,0.0,0.0,2026-01-05,XQJ10000000026133353,订单明细20260329030633.xlsx
中华(金中支),1000.0,678.4,0.0,0.0,2026-01-05,XQJ10000000026133353,订单明细20260329030633.xlsx
中华(金中支),1000.0,678.4,0.0,0.0,2026-01-05,XQJ10000000026133353,订单明细20260329030633.xlsx
云烟(中支云龙),200.0,175.0,3.0,525.0,2026-01-05,XQJ10000000026133353,订单明细20260329030633.xlsx
云烟(中支云龙),200.0,175.0,3.0,525.0,2026-01-05,XQJ10000000026133353,订单明细20260329030633.xlsx
云烟(中支云龙),200.0,175.0,3.0,525.0,2026-01-05,XQJ10000000026133353,订单明细20260329030633.xlsx
云烟(中支云龙),200.0,175.0,3.0,525.0,2026-01-05,XQJ10000000026133353,订单明细20260329030633.xlsx
云烟(中支云龙),200.0,175.0,3.0,525.0,2026-01-05,XQJ10000000026133353,订单明细20260329030633.xlsx
云烟(中支云龙),200.0,175.0,3.0,525.0,2026-01-05,XQJ10000000026133353,订单明细20260329030633.xlsx
云烟(中支大重九),1000.0,848.0,5.0,4240.0,2026-01-05,XQJ10000000026133353,订单明细20260329030633.xlsx
云烟(中支大重九),1000.0,848.0,5.0,4240.0,2026-01-05,XQJ10000000026133353,订单明细20260329030633.xlsx
云烟(中支大重九),1000.0,848.0,5.0,4240.0,2026-01-05,XQJ10000000026133353,订单明细20260329030633.xlsx
云烟(中支大重九),1000.0,848.0,5.0,4240.0,2026-01-05,XQJ10000000026133353,订单明细20260329030633.xlsx
云烟(中支大重九),1000.0,848.0,5.0,4240.0,2026-01-05,XQJ10000000026133353,订单明细20260329030633.xlsx
云烟(中支大重九),1000.0,848.0,5.0,4240.0,2026-01-05,XQJ10000000026133353,订单明细20260329030633.xlsx
云烟(中支小重九),500.0,424.0,5.0,2120.0,2026-01-05,XQJ10000000026133353,订单明细20260329030633.xlsx
云烟(中支小重九),500.0,424.0,5.0,2120.0,2026-01-05,XQJ10000000026133353,订单明细20260329030633.xlsx
云烟(中支小重九),500.0,424.0,5.0,2120.0,2026-01-05,XQJ10000000026133353,订单明细20260329030633.xlsx
云烟(中支小重九),500.0,424.0,5.0,2120.0,2026-01-05,XQJ10000000026133353,订单明细20260329030633.xlsx
云烟(中支小重九),500.0,424.0,5.0,2120.0,2026-01-05,XQJ10000000026133353,订单明细20260329030633.xlsx
云烟(中支小重九),500.0,424.0,5.0,2120.0,2026-01-05,XQJ10000000026133353,订单明细20260329030633.xlsx
云烟(中支金腰带),300.0,263.0,3.0,789.0,2026-01-05,XQJ10000000026133353,订单明细20260329030633.xlsx
云烟(中支金腰带),300.0,263.0,3.0,789.0,2026-01-05,XQJ10000000026133353,订单明细20260329030633.xlsx
云烟(中支金腰带),300.0,263.0,3.0,789.0,2026-01-05,XQJ10000000026133353,订单明细20260329030633.xlsx
云烟(中支金腰带),300.0,263.0,3.0,789.0,2026-01-05,XQJ10000000026133353,订单明细20260329030633.xlsx
云烟(中支金腰带),300.0,263.0,3.0,789.0,2026-01-05,XQJ10000000026133353,订单明细20260329030633.xlsx
云烟(中支金腰带),300.0,263.0,3.0,789.0,2026-01-05,XQJ10000000026133353,订单明细20260329030633.xlsx
云烟(印象),650.0,561.8,1.0,561.8,2026-01-05,XQJ10000000026133353,订单明细20260329030633.xlsx
云烟(印象),650.0,561.8,1.0,561.8,2026-01-05,XQJ10000000026133353,订单明细20260329030633.xlsx
云烟(印象),650.0,561.8,1.0,561.8,2026-01-05,XQJ10000000026133353,订单明细20260329030633.xlsx
云烟(印象),650.0,561.8,1.0,561.8,2026-01-05,XQJ10000000026133353,订单明细20260329030633.xlsx
云烟(印象),650.0,561.8,1.0,561.8,2026-01-05,XQJ10000000026133353,订单明细20260329030633.xlsx
云烟(印象),650.0,561.8,1.0,561.8,2026-01-05,XQJ10000000026133353,订单明细20260329030633.xlsx
云烟(小熊猫家园),200.0,158.0,6.0,948.0,2026-01-05,XQJ10000000026133353,订单明细20260329030633.xlsx
云烟(小熊猫家园),200.0,158.0,6.0,948.0,2026-01-05,XQJ10000000026133353,订单明细20260329030633.xlsx
云烟(小熊猫家园),200.0,158.0,6.0,948.0,2026-01-05,XQJ10000000026133353,订单明细20260329030633.xlsx
云烟(小熊猫家园),200.0,158.0,6.0,948.0,2026-01-05,XQJ10000000026133353,订单明细20260329030633.xlsx
云烟(小熊猫家园),200.0,158.0,6.0,948.0,2026-01-05,XQJ10000000026133353,订单明细20260329030633.xlsx
云烟(小熊猫家园),200.0,158.0,6.0,948.0,2026-01-05,XQJ10000000026133353,订单明细20260329030633.xlsx
云烟(流金印象细支),450.0,381.6,1.0,381.6,2026-01-05,XQJ10000000026133353,订单明细20260329030633.xlsx
云烟(流金印象细支),450.0,381.6,1.0,381.6,2026-01-05,XQJ10000000026133353,订单明细20260329030633.xlsx
云烟(流金印象细支),450.0,381.6,1.0,381.6,2026-01-05,XQJ10000000026133353,订单明细20260329030633.xlsx
云烟(流金印象细支),450.0,381.6,1.0,381.6,2026-01-05,XQJ10000000026133353,订单明细20260329030633.xlsx
云烟(流金印象细支),450.0,381.6,1.0,381.6,2026-01-05,XQJ10000000026133353,订单明细20260329030633.xlsx
云烟(流金印象细支),450.0,381.6,1.0,381.6,2026-01-05,XQJ10000000026133353,订单明细20260329030633.xlsx
云烟(硬云龙),150.0,129.3,6.0,775.8,2026-01-05,XQJ10000000026133353,订单明细20260329030633.xlsx
云烟(硬云龙),150.0,129.3,6.0,775.8,2026-01-05,XQJ10000000026133353,订单明细20260329030633.xlsx
云烟(硬云龙),150.0,129.3,6.0,775.8,2026-01-05,XQJ10000000026133353,订单明细20260329030633.xlsx
云烟(硬云龙),150.0,129.3,6.0,775.8,2026-01-05,XQJ10000000026133353,订单明细20260329030633.xlsx
云烟(硬云龙),150.0,129.3,6.0,775.8,2026-01-05,XQJ10000000026133353,订单明细20260329030633.xlsx
云烟(硬云龙),150.0,129.3,6.0,775.8,2026-01-05,XQJ10000000026133353,订单明细20260329030633.xlsx
云烟(紫),130.0,114.5,17.0,1946.5,2026-01-05,XQJ10000000026133353,订单明细20260329030633.xlsx
云烟(紫),130.0,114.5,17.0,1946.5,2026-01-05,XQJ10000000026133353,订单明细20260329030633.xlsx
云烟(紫),130.0,114.5,17.0,1946.5,2026-01-05,XQJ10000000026133353,订单明细20260329030633.xlsx
云烟(紫),130.0,114.5,17.0,1946.5,2026-01-05,XQJ10000000026133353,订单明细20260329030633.xlsx
云烟(紫),130.0,114.5,17.0,1946.5,2026-01-05,XQJ10000000026133353,订单明细20260329030633.xlsx
云烟(紫),130.0,114.5,17.0,1946.5,2026-01-05,XQJ10000000026133353,订单明细20260329030633.xlsx
云烟(细支云龙),150.0,129.3,18.0,2327.4,2026-01-05,XQJ10000000026133353,订单明细20260329030633.xlsx
云烟(细支云龙),150.0,129.3,18.0,2327.4,2026-01-05,XQJ10000000026133353,订单明细20260329030633.xlsx
云烟(细支云龙),150.0,129.3,18.0,2327.4,2026-01-05,XQJ10000000026133353,订单明细20260329030633.xlsx
云烟(细支云龙),150.0,129.3,18.0,2327.4,2026-01-05,XQJ10000000026133353,订单明细20260329030633.xlsx
云烟(细支云龙),150.0,129.3,18.0,2327.4,2026-01-05,XQJ10000000026133353,订单明细20260329030633.xlsx
云烟(细支云龙),150.0,129.3,18.0,2327.4,2026-01-05,XQJ10000000026133353,订单明细20260329030633.xlsx
云烟(细支大重九),1000.0,848.0,5.0,4240.0,2026-01-05,XQJ10000000026133353,订单明细20260329030633.xlsx
云烟(细支大重九),1000.0,848.0,5.0,4240.0,2026-01-05,XQJ10000000026133353,订单明细20260329030633.xlsx
云烟(细支大重九),1000.0,848.0,5.0,4240.0,2026-01-05,XQJ10000000026133353,订单明细20260329030633.xlsx
云烟(细支大重九),1000.0,848.0,5.0,4240.0,2026-01-05,XQJ10000000026133353,订单明细20260329030633.xlsx
云烟(细支大重九),1000.0,848.0,5.0,4240.0,2026-01-05,XQJ10000000026133353,订单明细20260329030633.xlsx
云烟(细支大重九),1000.0,848.0,5.0,4240.0,2026-01-05,XQJ10000000026133353,订单明细20260329030633.xlsx
云烟(细支小重九),500.0,424.0,1.0,424.0,2026-01-05,XQJ10000000026133353,订单明细20260329030633.xlsx
云烟(细支小重九),500.0,424.0,1.0,424.0,2026-01-05,XQJ10000000026133353,订单明细20260329030633.xlsx
云烟(细支小重九),500.0,424.0,1.0,424.0,2026-01-05,XQJ10000000026133353,订单明细20260329030633.xlsx
云烟(细支小重九),500.0,424.0,1.0,424.0,2026-01-05,XQJ10000000026133353,订单明细20260329030633.xlsx
云烟(细支小重九),500.0,424.0,1.0,424.0,2026-01-05,XQJ10000000026133353,订单明细20260329030633.xlsx
云烟(细支小重九),500.0,424.0,1.0,424.0,2026-01-05,XQJ10000000026133353,订单明细20260329030633.xlsx
云烟(细支珍品),260.0,225.0,9.0,2025.0,2026-01-05,XQJ10000000026133353,订单明细20260329030633.xlsx
云烟(细支珍品),260.0,225.0,9.0,2025.0,2026-01-05,XQJ10000000026133353,订单明细20260329030633.xlsx
云烟(细支珍品),260.0,225.0,9.0,2025.0,2026-01-05,XQJ10000000026133353,订单明细20260329030633.xlsx
云烟(细支珍品),260.0,225.0,9.0,2025.0,2026-01-05,XQJ10000000026133353,订单明细20260329030633.xlsx
云烟(细支珍品),260.0,225.0,9.0,2025.0,2026-01-05,XQJ10000000026133353,订单明细20260329030633.xlsx
云烟(细支珍品),260.0,225.0,9.0,2025.0,2026-01-05,XQJ10000000026133353,订单明细20260329030633.xlsx
云烟(软印象烟庄),370.0,318.0,0.0,0.0,2026-01-05,XQJ10000000026133353,订单明细20260329030633.xlsx
云烟(软印象烟庄),370.0,318.0,0.0,0.0,2026-01-05,XQJ10000000026133353,订单明细20260329030633.xlsx
云烟(软印象烟庄),370.0,318.0,0.0,0.0,2026-01-05,XQJ10000000026133353,订单明细20260329030633.xlsx
云烟(软印象烟庄),370.0,318.0,0.0,0.0,2026-01-05,XQJ10000000026133353,订单明细20260329030633.xlsx
云烟(软印象烟庄),370.0,318.0,0.0,0.0,2026-01-05,XQJ10000000026133353,订单明细20260329030633.xlsx
云烟(软印象烟庄),370.0,318.0,0.0,0.0,2026-01-05,XQJ10000000026133353,订单明细20260329030633.xlsx
云烟(软大重九),1000.0,720.8,4.0,2883.2,2026-01-05,XQJ10000000026133353,订单明细20260329030633.xlsx
云烟(软大重九),1000.0,720.8,4.0,2883.2,2026-01-05,XQJ10000000026133353,订单明细20260329030633.xlsx
云烟(软大重九),1000.0,720.8,4.0,2883.2,2026-01-05,XQJ10000000026133353,订单明细20260329030633.xlsx
云烟(软大重九),1000.0,720.8,4.0,2883.2,2026-01-05,XQJ10000000026133353,订单明细20260329030633.xlsx
云烟(软大重九),1000.0,720.8,4.0,2883.2,2026-01-05,XQJ10000000026133353,订单明细20260329030633.xlsx
云烟(软大重九),1000.0,720.8,4.0,2883.2,2026-01-05,XQJ10000000026133353,订单明细20260329030633.xlsx
云烟(软珍品),230.0,206.7,39.0,8061.3,2026-01-05,XQJ10000000026133353,订单明细20260329030633.xlsx
云烟(软珍品),230.0,206.7,39.0,8061.3,2026-01-05,XQJ10000000026133353,订单明细20260329030633.xlsx
云烟(软珍品),230.0,206.7,39.0,8061.3,2026-01-05,XQJ10000000026133353,订单明细20260329030633.xlsx
云烟(软珍品),230.0,206.7,39.0,8061.3,2026-01-05,XQJ10000000026133353,订单明细20260329030633.xlsx
云烟(软珍品),230.0,206.7,39.0,8061.3,2026-01-05,XQJ10000000026133353,订单明细20260329030633.xlsx
云烟(软珍品),230.0,206.7,39.0,8061.3,2026-01-05,XQJ10000000026133353,订单明细20260329030633.xlsx
云烟(黑金刚印象),560.0,466.4,4.0,1865.6,2026-01-05,XQJ10000000026133353,订单明细20260329030633.xlsx
云烟(黑金刚印象),560.0,466.4,4.0,1865.6,2026-01-05,XQJ10000000026133353,订单明细20260329030633.xlsx
云烟(黑金刚印象),560.0,466.4,4.0,1865.6,2026-01-05,XQJ10000000026133353,订单明细20260329030633.xlsx
云烟(黑金刚印象),560.0,466.4,4.0,1865.6,2026-01-05,XQJ10000000026133353,订单明细20260329030633.xlsx
云烟(黑金刚印象),560.0,466.4,4.0,1865.6,2026-01-05,XQJ10000000026133353,订单明细20260329030633.xlsx
云烟(黑金刚印象),560.0,466.4,4.0,1865.6,2026-01-05,XQJ10000000026133353,订单明细20260329030633.xlsx
利群(休闲细支),1000.0,848.0,1.0,848.0,2026-01-05,XQJ10000000026133353,订单明细20260329030633.xlsx
利群(休闲细支),1000.0,848.0,1.0,848.0,2026-01-05,XQJ10000000026133353,订单明细20260329030633.xlsx
利群(休闲细支),1000.0,848.0,1.0,848.0,2026-01-05,XQJ10000000026133353,订单明细20260329030633.xlsx
利群(休闲细支),1000.0,848.0,1.0,848.0,2026-01-05,XQJ10000000026133353,订单明细20260329030633.xlsx
利群(休闲细支),1000.0,848.0,1.0,848.0,2026-01-05,XQJ10000000026133353,订单明细20260329030633.xlsx
利群(休闲细支),1000.0,848.0,1.0,848.0,2026-01-05,XQJ10000000026133353,订单明细20260329030633.xlsx
利群(新版),160.0,143.1,0.0,0.0,2026-01-05,XQJ10000000026133353,订单明细20260329030633.xlsx
利群(新版),160.0,143.1,0.0,0.0,2026-01-05,XQJ10000000026133353,订单明细20260329030633.xlsx
利群(新版),160.0,143.1,0.0,0.0,2026-01-05,XQJ10000000026133353,订单明细20260329030633.xlsx
利群(新版),160.0,143.1,0.0,0.0,2026-01-05,XQJ10000000026133353,订单明细20260329030633.xlsx
利群(新版),160.0,143.1,0.0,0.0,2026-01-05,XQJ10000000026133353,订单明细20260329030633.xlsx
利群(新版),160.0,143.1,0.0,0.0,2026-01-05,XQJ10000000026133353,订单明细20260329030633.xlsx
利群(软长嘴),360.0,318.0,0.0,0.0,2026-01-05,XQJ10000000026133353,订单明细20260329030633.xlsx
利群(软长嘴),360.0,318.0,0.0,0.0,2026-01-05,XQJ10000000026133353,订单明细20260329030633.xlsx
利群(软长嘴),360.0,318.0,0.0,0.0,2026-01-05,XQJ10000000026133353,订单明细20260329030633.xlsx
利群(软长嘴),360.0,318.0,0.0,0.0,2026-01-05,XQJ10000000026133353,订单明细20260329030633.xlsx
利群(软长嘴),360.0,318.0,0.0,0.0,2026-01-05,XQJ10000000026133353,订单明细20260329030633.xlsx
利群(软长嘴),360.0,318.0,0.0,0.0,2026-01-05,XQJ10000000026133353,订单明细20260329030633.xlsx
南京(大观园爆冰),300.0,263.0,1.0,263.0,2026-01-05,XQJ10000000026133353,订单明细20260329030633.xlsx
南京(大观园爆冰),300.0,263.0,1.0,263.0,2026-01-05,XQJ10000000026133353,订单明细20260329030633.xlsx
南京(大观园爆冰),300.0,263.0,1.0,263.0,2026-01-05,XQJ10000000026133353,订单明细20260329030633.xlsx
南京(大观园爆冰),300.0,263.0,1.0,263.0,2026-01-05,XQJ10000000026133353,订单明细20260329030633.xlsx
南京(大观园爆冰),300.0,263.0,1.0,263.0,2026-01-05,XQJ10000000026133353,订单明细20260329030633.xlsx
南京(大观园爆冰),300.0,263.0,1.0,263.0,2026-01-05,XQJ10000000026133353,订单明细20260329030633.xlsx
南京(炫赫门),180.0,155.0,1.0,155.0,2026-01-05,XQJ10000000026133353,订单明细20260329030633.xlsx
南京(炫赫门),180.0,155.0,1.0,155.0,2026-01-05,XQJ10000000026133353,订单明细20260329030633.xlsx
南京(炫赫门),180.0,155.0,1.0,155.0,2026-01-05,XQJ10000000026133353,订单明细20260329030633.xlsx
南京(炫赫门),180.0,155.0,1.0,155.0,2026-01-05,XQJ10000000026133353,订单明细20260329030633.xlsx
南京(炫赫门),180.0,155.0,1.0,155.0,2026-01-05,XQJ10000000026133353,订单明细20260329030633.xlsx
南京(炫赫门),180.0,155.0,1.0,155.0,2026-01-05,XQJ10000000026133353,订单明细20260329030633.xlsx
南京(细支九五),1000.0,678.4,0.0,0.0,2026-01-05,XQJ10000000026133353,订单明细20260329030633.xlsx
南京(细支九五),1000.0,678.4,0.0,0.0,2026-01-05,XQJ10000000026133353,订单明细20260329030633.xlsx
南京(细支九五),1000.0,678.4,0.0,0.0,2026-01-05,XQJ10000000026133353,订单明细20260329030633.xlsx
南京(细支九五),1000.0,678.4,0.0,0.0,2026-01-05,XQJ10000000026133353,订单明细20260329030633.xlsx
南京(细支九五),1000.0,678.4,0.0,0.0,2026-01-05,XQJ10000000026133353,订单明细20260329030633.xlsx
南京(细支九五),1000.0,678.4,0.0,0.0,2026-01-05,XQJ10000000026133353,订单明细20260329030633.xlsx
南京(雨花石),530.0,455.8,0.0,0.0,2026-01-05,XQJ10000000026133353,订单明细20260329030633.xlsx
南京(雨花石),530.0,455.8,0.0,0.0,2026-01-05,XQJ10000000026133353,订单明细20260329030633.xlsx
南京(雨花石),530.0,455.8,0.0,0.0,2026-01-05,XQJ10000000026133353,订单明细20260329030633.xlsx
南京(雨花石),530.0,455.8,0.0,0.0,2026-01-05,XQJ10000000026133353,订单明细20260329030633.xlsx
南京(雨花石),530.0,455.8,0.0,0.0,2026-01-05,XQJ10000000026133353,订单明细20260329030633.xlsx
南京(雨花石),530.0,455.8,0.0,0.0,2026-01-05,XQJ10000000026133353,订单明细20260329030633.xlsx
熊猫(硬经典),1000.0,848.0,1.0,848.0,2026-01-05,XQJ10000000026133353,订单明细20260329030633.xlsx
熊猫(硬经典),1000.0,848.0,1.0,848.0,2026-01-05,XQJ10000000026133353,订单明细20260329030633.xlsx
熊猫(硬经典),1000.0,848.0,1.0,848.0,2026-01-05,XQJ10000000026133353,订单明细20260329030633.xlsx
熊猫(硬经典),1000.0,848.0,1.0,848.0,2026-01-05,XQJ10000000026133353,订单明细20260329030633.xlsx
熊猫(硬经典),1000.0,848.0,1.0,848.0,2026-01-05,XQJ10000000026133353,订单明细20260329030633.xlsx
熊猫(硬经典),1000.0,848.0,1.0,848.0,2026-01-05,XQJ10000000026133353,订单明细20260329030633.xlsx
牡丹(蓝中支),300.0,263.0,1.0,263.0,2026-01-05,XQJ10000000026133353,订单明细20260329030633.xlsx
牡丹(蓝中支),300.0,263.0,1.0,263.0,2026-01-05,XQJ10000000026133353,订单明细20260329030633.xlsx
牡丹(蓝中支),300.0,263.0,1.0,263.0,2026-01-05,XQJ10000000026133353,订单明细20260329030633.xlsx
牡丹(蓝中支),300.0,263.0,1.0,263.0,2026-01-05,XQJ10000000026133353,订单明细20260329030633.xlsx
牡丹(蓝中支),300.0,263.0,1.0,263.0,2026-01-05,XQJ10000000026133353,订单明细20260329030633.xlsx
牡丹(蓝中支),300.0,263.0,1.0,263.0,2026-01-05,XQJ10000000026133353,订单明细20260329030633.xlsx
牡丹(蓝彩细支),300.0,263.0,1.0,263.0,2026-01-05,XQJ10000000026133353,订单明细20260329030633.xlsx
牡丹(蓝彩细支),300.0,263.0,1.0,263.0,2026-01-05,XQJ10000000026133353,订单明细20260329030633.xlsx
牡丹(蓝彩细支),300.0,263.0,1.0,263.0,2026-01-05,XQJ10000000026133353,订单明细20260329030633.xlsx
牡丹(蓝彩细支),300.0,263.0,1.0,263.0,2026-01-05,XQJ10000000026133353,订单明细20260329030633.xlsx
牡丹(蓝彩细支),300.0,263.0,1.0,263.0,2026-01-05,XQJ10000000026133353,订单明细20260329030633.xlsx
牡丹(蓝彩细支),300.0,263.0,1.0,263.0,2026-01-05,XQJ10000000026133353,订单明细20260329030633.xlsx
玉溪(中支境界),600.0,510.0,1.0,510.0,2026-01-05,XQJ10000000026133353,订单明细20260329030633.xlsx
玉溪(中支境界),600.0,510.0,1.0,510.0,2026-01-05,XQJ10000000026133353,订单明细20260329030633.xlsx
玉溪(中支境界),600.0,510.0,1.0,510.0,2026-01-05,XQJ10000000026133353,订单明细20260329030633.xlsx
玉溪(中支境界),600.0,510.0,1.0,510.0,2026-01-05,XQJ10000000026133353,订单明细20260329030633.xlsx
玉溪(中支境界),600.0,510.0,1.0,510.0,2026-01-05,XQJ10000000026133353,订单明细20260329030633.xlsx
玉溪(中支境界),600.0,510.0,1.0,510.0,2026-01-05,XQJ10000000026133353,订单明细20260329030633.xlsx
玉溪(硬和谐),400.0,339.2,4.0,1356.8,2026-01-05,XQJ10000000026133353,订单明细20260329030633.xlsx
玉溪(硬和谐),400.0,339.2,4.0,1356.8,2026-01-05,XQJ10000000026133353,订单明细20260329030633.xlsx
玉溪(硬和谐),400.0,339.2,4.0,1356.8,2026-01-05,XQJ10000000026133353,订单明细20260329030633.xlsx
玉溪(硬和谐),400.0,339.2,4.0,1356.8,2026-01-05,XQJ10000000026133353,订单明细20260329030633.xlsx
玉溪(硬和谐),400.0,339.2,4.0,1356.8,2026-01-05,XQJ10000000026133353,订单明细20260329030633.xlsx
玉溪(硬和谐),400.0,339.2,4.0,1356.8,2026-01-05,XQJ10000000026133353,订单明细20260329030633.xlsx
玉溪(细支),300.0,263.0,0.0,0.0,2026-01-05,XQJ10000000026133353,订单明细20260329030633.xlsx
玉溪(细支),300.0,263.0,0.0,0.0,2026-01-05,XQJ10000000026133353,订单明细20260329030633.xlsx
玉溪(细支),300.0,263.0,0.0,0.0,2026-01-05,XQJ10000000026133353,订单明细20260329030633.xlsx
玉溪(细支),300.0,263.0,0.0,0.0,2026-01-05,XQJ10000000026133353,订单明细20260329030633.xlsx
玉溪(细支),300.0,263.0,0.0,0.0,2026-01-05,XQJ10000000026133353,订单明细20260329030633.xlsx
玉溪(细支),300.0,263.0,0.0,0.0,2026-01-05,XQJ10000000026133353,订单明细20260329030633.xlsx
玉溪(细支缤果爆),260.0,225.0,1.0,225.0,2026-01-05,XQJ10000000026133353,订单明细20260329030633.xlsx
玉溪(细支缤果爆),260.0,225.0,1.0,225.0,2026-01-05,XQJ10000000026133353,订单明细20260329030633.xlsx
玉溪(细支缤果爆),260.0,225.0,1.0,225.0,2026-01-05,XQJ10000000026133353,订单明细20260329030633.xlsx
玉溪(细支缤果爆),260.0,225.0,1.0,225.0,2026-01-05,XQJ10000000026133353,订单明细20260329030633.xlsx
玉溪(细支缤果爆),260.0,225.0,1.0,225.0,2026-01-05,XQJ10000000026133353,订单明细20260329030633.xlsx
玉溪(细支缤果爆),260.0,225.0,1.0,225.0,2026-01-05,XQJ10000000026133353,订单明细20260329030633.xlsx
玉溪(软),230.0,201.4,0.0,0.0,2026-01-05,XQJ10000000026133353,订单明细20260329030633.xlsx
玉溪(软),230.0,201.4,0.0,0.0,2026-01-05,XQJ10000000026133353,订单明细20260329030633.xlsx
玉溪(软),230.0,201.4,0.0,0.0,2026-01-05,XQJ10000000026133353,订单明细20260329030633.xlsx
玉溪(软),230.0,201.4,0.0,0.0,2026-01-05,XQJ10000000026133353,订单明细20260329030633.xlsx
玉溪(软),230.0,201.4,0.0,0.0,2026-01-05,XQJ10000000026133353,订单明细20260329030633.xlsx
玉溪(软),230.0,201.4,0.0,0.0,2026-01-05,XQJ10000000026133353,订单明细20260329030633.xlsx
玉溪(软初心),200.0,175.0,3.0,525.0,2026-01-05,XQJ10000000026133353,订单明细20260329030633.xlsx
玉溪(软初心),200.0,175.0,3.0,525.0,2026-01-05,XQJ10000000026133353,订单明细20260329030633.xlsx
玉溪(软初心),200.0,175.0,3.0,525.0,2026-01-05,XQJ10000000026133353,订单明细20260329030633.xlsx
玉溪(软初心),200.0,175.0,3.0,525.0,2026-01-05,XQJ10000000026133353,订单明细20260329030633.xlsx
玉溪(软初心),200.0,175.0,3.0,525.0,2026-01-05,XQJ10000000026133353,订单明细20260329030633.xlsx
玉溪(软初心),200.0,175.0,3.0,525.0,2026-01-05,XQJ10000000026133353,订单明细20260329030633.xlsx
玉溪(软尚善),280.0,243.8,9.0,2194.2,2026-01-05,XQJ10000000026133353,订单明细20260329030633.xlsx
玉溪(软尚善),280.0,243.8,9.0,2194.2,2026-01-05,XQJ10000000026133353,订单明细20260329030633.xlsx
玉溪(软尚善),280.0,243.8,9.0,2194.2,2026-01-05,XQJ10000000026133353,订单明细20260329030633.xlsx
玉溪(软尚善),280.0,243.8,9.0,2194.2,2026-01-05,XQJ10000000026133353,订单明细20260329030633.xlsx
玉溪(软尚善),280.0,243.8,9.0,2194.2,2026-01-05,XQJ10000000026133353,订单明细20260329030633.xlsx
玉溪(软尚善),280.0,243.8,9.0,2194.2,2026-01-05,XQJ10000000026133353,订单明细20260329030633.xlsx
白沙(硬细支和天下),1000.0,720.8,1.0,720.8,2026-01-05,XQJ10000000026133353,订单明细20260329030633.xlsx
白沙(硬细支和天下),1000.0,720.8,1.0,720.8,2026-01-05,XQJ10000000026133353,订单明细20260329030633.xlsx
白沙(硬细支和天下),1000.0,720.8,1.0,720.8,2026-01-05,XQJ10000000026133353,订单明细20260329030633.xlsx
白沙(硬细支和天下),1000.0,720.8,1.0,720.8,2026-01-05,XQJ10000000026133353,订单明细20260329030633.xlsx
白沙(硬细支和天下),1000.0,720.8,1.0,720.8,2026-01-05,XQJ10000000026133353,订单明细20260329030633.xlsx
白沙(硬细支和天下),1000.0,720.8,1.0,720.8,2026-01-05,XQJ10000000026133353,订单明细20260329030633.xlsx
白沙(软和天下),1000.0,720.8,1.0,720.8,2026-01-05,XQJ10000000026133353,订单明细20260329030633.xlsx
白沙(软和天下),1000.0,720.8,1.0,720.8,2026-01-05,XQJ10000000026133353,订单明细20260329030633.xlsx
白沙(软和天下),1000.0,720.8,1.0,720.8,2026-01-05,XQJ10000000026133353,订单明细20260329030633.xlsx
白沙(软和天下),1000.0,720.8,1.0,720.8,2026-01-05,XQJ10000000026133353,订单明细20260329030633.xlsx
白沙(软和天下),1000.0,720.8,1.0,720.8,2026-01-05,XQJ10000000026133353,订单明细20260329030633.xlsx
白沙(软和天下),1000.0,720.8,1.0,720.8,2026-01-05,XQJ10000000026133353,订单明细20260329030633.xlsx
红塔山(细支传奇),180.0,155.0,5.0,775.0,2026-01-05,XQJ10000000026133353,订单明细20260329030633.xlsx
红塔山(细支传奇),180.0,155.0,5.0,775.0,2026-01-05,XQJ10000000026133353,订单明细20260329030633.xlsx
红塔山(细支传奇),180.0,155.0,5.0,775.0,2026-01-05,XQJ10000000026133353,订单明细20260329030633.xlsx
红塔山(细支传奇),180.0,155.0,5.0,775.0,2026-01-05,XQJ10000000026133353,订单明细20260329030633.xlsx
红塔山(细支传奇),180.0,155.0,5.0,775.0,2026-01-05,XQJ10000000026133353,订单明细20260329030633.xlsx
红塔山(细支传奇),180.0,155.0,5.0,775.0,2026-01-05,XQJ10000000026133353,订单明细20260329030633.xlsx
红河(硬88),120.0,97.0,15.0,1455.0,2026-01-05,XQJ10000000026133353,订单明细20260329030633.xlsx
红河(硬88),120.0,97.0,15.0,1455.0,2026-01-05,XQJ10000000026133353,订单明细20260329030633.xlsx
红河(硬88),120.0,97.0,15.0,1455.0,2026-01-05,XQJ10000000026133353,订单明细20260329030633.xlsx
红河(硬88),120.0,97.0,15.0,1455.0,2026-01-05,XQJ10000000026133353,订单明细20260329030633.xlsx
红河(硬88),120.0,97.0,15.0,1455.0,2026-01-05,XQJ10000000026133353,订单明细20260329030633.xlsx
红河(硬88),120.0,97.0,15.0,1455.0,2026-01-05,XQJ10000000026133353,订单明细20260329030633.xlsx
红河(硬99),140.0,121.9,6.0,731.4,2026-01-05,XQJ10000000026133353,订单明细20260329030633.xlsx
红河(硬99),140.0,121.9,6.0,731.4,2026-01-05,XQJ10000000026133353,订单明细20260329030633.xlsx
红河(硬99),140.0,121.9,6.0,731.4,2026-01-05,XQJ10000000026133353,订单明细20260329030633.xlsx
红河(硬99),140.0,121.9,6.0,731.4,2026-01-05,XQJ10000000026133353,订单明细20260329030633.xlsx
红河(硬99),140.0,121.9,6.0,731.4,2026-01-05,XQJ10000000026133353,订单明细20260329030633.xlsx
红河(硬99),140.0,121.9,6.0,731.4,2026-01-05,XQJ10000000026133353,订单明细20260329030633.xlsx
红河(软99),130.0,114.48,0.0,0.0,2026-01-05,XQJ10000000026133353,订单明细20260329030633.xlsx
红河(软99),130.0,114.48,0.0,0.0,2026-01-05,XQJ10000000026133353,订单明细20260329030633.xlsx
红河(软99),130.0,114.48,0.0,0.0,2026-01-05,XQJ10000000026133353,订单明细20260329030633.xlsx
红河(软99),130.0,114.48,0.0,0.0,2026-01-05,XQJ10000000026133353,订单明细20260329030633.xlsx
红河(软99),130.0,114.48,0.0,0.0,2026-01-05,XQJ10000000026133353,订单明细20260329030633.xlsx
红河(软99),130.0,114.48,0.0,0.0,2026-01-05,XQJ10000000026133353,订单明细20260329030633.xlsx
红河(软甲),65.0,57.2,3.0,171.6,2026-01-05,XQJ10000000026133353,订单明细20260329030633.xlsx
红河(软甲),65.0,57.2,3.0,171.6,2026-01-05,XQJ10000000026133353,订单明细20260329030633.xlsx
红河(软甲),65.0,57.2,3.0,171.6,2026-01-05,XQJ10000000026133353,订单明细20260329030633.xlsx
红河(软甲),65.0,57.2,3.0,171.6,2026-01-05,XQJ10000000026133353,订单明细20260329030633.xlsx
红河(软甲),65.0,57.2,3.0,171.6,2026-01-05,XQJ10000000026133353,订单明细20260329030633.xlsx
红河(软甲),65.0,57.2,3.0,171.6,2026-01-05,XQJ10000000026133353,订单明细20260329030633.xlsx
芙蓉王(硬),250.0,218.36,9.0,1965.24,2026-01-05,XQJ10000000026133353,订单明细20260329030633.xlsx
芙蓉王(硬),250.0,218.36,9.0,1965.24,2026-01-05,XQJ10000000026133353,订单明细20260329030633.xlsx
芙蓉王(硬),250.0,218.36,9.0,1965.24,2026-01-05,XQJ10000000026133353,订单明细20260329030633.xlsx
芙蓉王(硬),250.0,218.36,9.0,1965.24,2026-01-05,XQJ10000000026133353,订单明细20260329030633.xlsx
芙蓉王(硬),250.0,218.36,9.0,1965.24,2026-01-05,XQJ10000000026133353,订单明细20260329030633.xlsx
芙蓉王(硬),250.0,218.36,9.0,1965.24,2026-01-05,XQJ10000000026133353,订单明细20260329030633.xlsx
贵烟(跨越),250.0,201.4,0.0,0.0,2026-01-05,XQJ10000000026133353,订单明细20260329030633.xlsx
贵烟(跨越),250.0,201.4,0.0,0.0,2026-01-05,XQJ10000000026133353,订单明细20260329030633.xlsx
贵烟(跨越),250.0,201.4,0.0,0.0,2026-01-05,XQJ10000000026133353,订单明细20260329030633.xlsx
贵烟(跨越),250.0,201.4,0.0,0.0,2026-01-05,XQJ10000000026133353,订单明细20260329030633.xlsx
贵烟(跨越),250.0,201.4,0.0,0.0,2026-01-05,XQJ10000000026133353,订单明细20260329030633.xlsx
贵烟(跨越),250.0,201.4,0.0,0.0,2026-01-05,XQJ10000000026133353,订单明细20260329030633.xlsx
钻石(细支荷花),420.0,360.4,1.0,360.4,2026-01-05,XQJ10000000026133353,订单明细20260329030633.xlsx
钻石(细支荷花),420.0,360.4,1.0,360.4,2026-01-05,XQJ10000000026133353,订单明细20260329030633.xlsx
钻石(细支荷花),420.0,360.4,1.0,360.4,2026-01-05,XQJ10000000026133353,订单明细20260329030633.xlsx
钻石(细支荷花),420.0,360.4,1.0,360.4,2026-01-05,XQJ10000000026133353,订单明细20260329030633.xlsx
钻石(细支荷花),420.0,360.4,1.0,360.4,2026-01-05,XQJ10000000026133353,订单明细20260329030633.xlsx
钻石(细支荷花),420.0,360.4,1.0,360.4,2026-01-05,XQJ10000000026133353,订单明细20260329030633.xlsx
钻石(荷花),320.0,275.6,2.0,551.2,2026-01-05,XQJ10000000026133353,订单明细20260329030633.xlsx
钻石(荷花),320.0,275.6,2.0,551.2,2026-01-05,XQJ10000000026133353,订单明细20260329030633.xlsx
钻石(荷花),320.0,275.6,2.0,551.2,2026-01-05,XQJ10000000026133353,订单明细20260329030633.xlsx
钻石(荷花),320.0,275.6,2.0,551.2,2026-01-05,XQJ10000000026133353,订单明细20260329030633.xlsx
钻石(荷花),320.0,275.6,2.0,551.2,2026-01-05,XQJ10000000026133353,订单明细20260329030633.xlsx
钻石(荷花),320.0,275.6,2.0,551.2,2026-01-05,XQJ10000000026133353,订单明细20260329030633.xlsx
黄金叶(大成细支),350.0,263.0,0.0,0.0,2026-01-05,XQJ10000000026133353,订单明细20260329030633.xlsx
黄金叶(大成细支),350.0,263.0,0.0,0.0,2026-01-05,XQJ10000000026133353,订单明细20260329030633.xlsx
黄金叶(大成细支),350.0,263.0,0.0,0.0,2026-01-05,XQJ10000000026133353,订单明细20260329030633.xlsx
黄金叶(大成细支),350.0,263.0,0.0,0.0,2026-01-05,XQJ10000000026133353,订单明细20260329030633.xlsx
黄金叶(大成细支),350.0,263.0,0.0,0.0,2026-01-05,XQJ10000000026133353,订单明细20260329030633.xlsx
黄金叶(大成细支),350.0,263.0,0.0,0.0,2026-01-05,XQJ10000000026133353,订单明细20260329030633.xlsx
黄金叶(天叶),1000.0,678.4,0.0,0.0,2026-01-05,XQJ10000000026133353,订单明细20260329030633.xlsx
黄金叶(天叶),1000.0,678.4,0.0,0.0,2026-01-05,XQJ10000000026133353,订单明细20260329030633.xlsx
黄金叶(天叶),1000.0,678.4,0.0,0.0,2026-01-05,XQJ10000000026133353,订单明细20260329030633.xlsx
黄金叶(天叶),1000.0,678.4,0.0,0.0,2026-01-05,XQJ10000000026133353,订单明细20260329030633.xlsx
黄金叶(天叶),1000.0,678.4,0.0,0.0,2026-01-05,XQJ10000000026133353,订单明细20260329030633.xlsx
黄金叶(天叶),1000.0,678.4,0.0,0.0,2026-01-05,XQJ10000000026133353,订单明细20260329030633.xlsx
黄金叶(天香细支),550.0,455.8,0.0,0.0,2026-01-05,XQJ10000000026133353,订单明细20260329030633.xlsx
黄金叶(天香细支),550.0,455.8,0.0,0.0,2026-01-05,XQJ10000000026133353,订单明细20260329030633.xlsx
黄金叶(天香细支),550.0,455.8,0.0,0.0,2026-01-05,XQJ10000000026133353,订单明细20260329030633.xlsx
黄金叶(天香细支),550.0,455.8,0.0,0.0,2026-01-05,XQJ10000000026133353,订单明细20260329030633.xlsx
黄金叶(天香细支),550.0,455.8,0.0,0.0,2026-01-05,XQJ10000000026133353,订单明细20260329030633.xlsx
黄金叶(天香细支),550.0,455.8,0.0,0.0,2026-01-05,XQJ10000000026133353,订单明细20260329030633.xlsx
黄金叶(软天叶),900.0,763.2,0.0,0.0,2026-01-05,XQJ10000000026133353,订单明细20260329030633.xlsx
黄金叶(软天叶),900.0,763.2,0.0,0.0,2026-01-05,XQJ10000000026133353,订单明细20260329030633.xlsx
黄金叶(软天叶),900.0,763.2,0.0,0.0,2026-01-05,XQJ10000000026133353,订单明细20260329030633.xlsx
黄金叶(软天叶),900.0,763.2,0.0,0.0,2026-01-05,XQJ10000000026133353,订单明细20260329030633.xlsx
黄金叶(软天叶),900.0,763.2,0.0,0.0,2026-01-05,XQJ10000000026133353,订单明细20260329030633.xlsx
黄金叶(软天叶),900.0,763.2,0.0,0.0,2026-01-05,XQJ10000000026133353,订单明细20260329030633.xlsx
黄鹤楼(硬15细支),1000.0,848.0,1.0,848.0,2026-01-05,XQJ10000000026133353,订单明细20260329030633.xlsx
黄鹤楼(硬15细支),1000.0,848.0,1.0,848.0,2026-01-05,XQJ10000000026133353,订单明细20260329030633.xlsx
黄鹤楼(硬15细支),1000.0,848.0,1.0,848.0,2026-01-05,XQJ10000000026133353,订单明细20260329030633.xlsx
黄鹤楼(硬15细支),1000.0,848.0,1.0,848.0,2026-01-05,XQJ10000000026133353,订单明细20260329030633.xlsx
黄鹤楼(硬15细支),1000.0,848.0,1.0,848.0,2026-01-05,XQJ10000000026133353,订单明细20260329030633.xlsx
黄鹤楼(硬15细支),1000.0,848.0,1.0,848.0,2026-01-05,XQJ10000000026133353,订单明细20260329030633.xlsx
黄鹤楼(硬1916红爆),1000.0,720.8,1.0,720.8,2026-01-05,XQJ10000000026133353,订单明细20260329030633.xlsx
黄鹤楼(硬1916红爆),1000.0,720.8,1.0,720.8,2026-01-05,XQJ10000000026133353,订单明细20260329030633.xlsx
黄鹤楼(硬1916红爆),1000.0,720.8,1.0,720.8,2026-01-05,XQJ10000000026133353,订单明细20260329030633.xlsx
黄鹤楼(硬1916红爆),1000.0,720.8,1.0,720.8,2026-01-05,XQJ10000000026133353,订单明细20260329030633.xlsx
黄鹤楼(硬1916红爆),1000.0,720.8,1.0,720.8,2026-01-05,XQJ10000000026133353,订单明细20260329030633.xlsx
黄鹤楼(硬1916红爆),1000.0,720.8,1.0,720.8,2026-01-05,XQJ10000000026133353,订单明细20260329030633.xlsx
黄鹤楼(硬峡谷柔情),400.0,263.0,2.0,526.0,2026-01-05,XQJ10000000026133353,订单明细20260329030633.xlsx
黄鹤楼(硬峡谷柔情),400.0,263.0,2.0,526.0,2026-01-05,XQJ10000000026133353,订单明细20260329030633.xlsx
黄鹤楼(硬峡谷柔情),400.0,263.0,2.0,526.0,2026-01-05,XQJ10000000026133353,订单明细20260329030633.xlsx
黄鹤楼(硬峡谷柔情),400.0,263.0,2.0,526.0,2026-01-05,XQJ10000000026133353,订单明细20260329030633.xlsx
黄鹤楼(硬峡谷柔情),400.0,263.0,2.0,526.0,2026-01-05,XQJ10000000026133353,订单明细20260329030633.xlsx
黄鹤楼(硬峡谷柔情),400.0,263.0,2.0,526.0,2026-01-05,XQJ10000000026133353,订单明细20260329030633.xlsx
黄鹤楼(硬平安),1000.0,720.8,0.0,0.0,2026-01-05,XQJ10000000026133353,订单明细20260329030633.xlsx
黄鹤楼(硬平安),1000.0,720.8,0.0,0.0,2026-01-05,XQJ10000000026133353,订单明细20260329030633.xlsx
黄鹤楼(硬平安),1000.0,720.8,0.0,0.0,2026-01-05,XQJ10000000026133353,订单明细20260329030633.xlsx
黄鹤楼(硬平安),1000.0,720.8,0.0,0.0,2026-01-05,XQJ10000000026133353,订单明细20260329030633.xlsx
黄鹤楼(硬平安),1000.0,720.8,0.0,0.0,2026-01-05,XQJ10000000026133353,订单明细20260329030633.xlsx
黄鹤楼(硬平安),1000.0,720.8,0.0,0.0,2026-01-05,XQJ10000000026133353,订单明细20260329030633.xlsx
中华(硬),450.0,381.6,5.0,1908.0,2026-01-12,XQJ10000000026157169,订单明细20260329030629.xlsx
中华(硬),450.0,381.6,5.0,1908.0,2026-01-12,XQJ10000000026157169,订单明细20260329030629.xlsx
中华(硬),450.0,381.6,5.0,1908.0,2026-01-12,XQJ10000000026157169,订单明细20260329030629.xlsx
中华(硬),450.0,381.6,5.0,1908.0,2026-01-12,XQJ10000000026157169,订单明细20260329030629.xlsx
中华(硬),450.0,381.6,5.0,1908.0,2026-01-12,XQJ10000000026157169,订单明细20260329030629.xlsx
中华(硬),450.0,381.6,5.0,1908.0,2026-01-12,XQJ10000000026157169,订单明细20260329030629.xlsx
中华(软),700.0,583.0,1.0,583.0,2026-01-12,XQJ10000000026157169,订单明细20260329030629.xlsx
中华(软),700.0,583.0,1.0,583.0,2026-01-12,XQJ10000000026157169,订单明细20260329030629.xlsx
中华(软),700.0,583.0,1.0,583.0,2026-01-12,XQJ10000000026157169,订单明细20260329030629.xlsx
中华(软),700.0,583.0,1.0,583.0,2026-01-12,XQJ10000000026157169,订单明细20260329030629.xlsx
中华(软),700.0,583.0,1.0,583.0,2026-01-12,XQJ10000000026157169,订单明细20260329030629.xlsx
中华(软),700.0,583.0,1.0,583.0,2026-01-12,XQJ10000000026157169,订单明细20260329030629.xlsx
中南海(冰耀中支),230.0,201.4,0.0,0.0,2026-01-12,XQJ10000000026157169,订单明细20260329030629.xlsx
中南海(冰耀中支),230.0,201.4,0.0,0.0,2026-01-12,XQJ10000000026157169,订单明细20260329030629.xlsx
中南海(冰耀中支),230.0,201.4,0.0,0.0,2026-01-12,XQJ10000000026157169,订单明细20260329030629.xlsx
中南海(冰耀中支),230.0,201.4,0.0,0.0,2026-01-12,XQJ10000000026157169,订单明细20260329030629.xlsx
中南海(冰耀中支),230.0,201.4,0.0,0.0,2026-01-12,XQJ10000000026157169,订单明细20260329030629.xlsx
中南海(冰耀中支),230.0,201.4,0.0,0.0,2026-01-12,XQJ10000000026157169,订单明细20260329030629.xlsx
云烟(中支云龙),200.0,175.0,1.0,175.0,2026-01-12,XQJ10000000026157169,订单明细20260329030629.xlsx
云烟(中支云龙),200.0,175.0,1.0,175.0,2026-01-12,XQJ10000000026157169,订单明细20260329030629.xlsx
云烟(中支云龙),200.0,175.0,1.0,175.0,2026-01-12,XQJ10000000026157169,订单明细20260329030629.xlsx
云烟(中支云龙),200.0,175.0,1.0,175.0,2026-01-12,XQJ10000000026157169,订单明细20260329030629.xlsx
云烟(中支云龙),200.0,175.0,1.0,175.0,2026-01-12,XQJ10000000026157169,订单明细20260329030629.xlsx
云烟(中支云龙),200.0,175.0,1.0,175.0,2026-01-12,XQJ10000000026157169,订单明细20260329030629.xlsx
云烟(中支大重九),1000.0,848.0,11.0,9328.0,2026-01-12,XQJ10000000026157169,订单明细20260329030629.xlsx
云烟(中支大重九),1000.0,848.0,11.0,9328.0,2026-01-12,XQJ10000000026157169,订单明细20260329030629.xlsx
云烟(中支大重九),1000.0,848.0,11.0,9328.0,2026-01-12,XQJ10000000026157169,订单明细20260329030629.xlsx
云烟(中支大重九),1000.0,848.0,11.0,9328.0,2026-01-12,XQJ10000000026157169,订单明细20260329030629.xlsx
云烟(中支大重九),1000.0,848.0,11.0,9328.0,2026-01-12,XQJ10000000026157169,订单明细20260329030629.xlsx
云烟(中支大重九),1000.0,848.0,11.0,9328.0,2026-01-12,XQJ10000000026157169,订单明细20260329030629.xlsx
云烟(中支金腰带),300.0,263.0,4.0,1052.0,2026-01-12,XQJ10000000026157169,订单明细20260329030629.xlsx
云烟(中支金腰带),300.0,263.0,4.0,1052.0,2026-01-12,XQJ10000000026157169,订单明细20260329030629.xlsx
云烟(中支金腰带),300.0,263.0,4.0,1052.0,2026-01-12,XQJ10000000026157169,订单明细20260329030629.xlsx
云烟(中支金腰带),300.0,263.0,4.0,1052.0,2026-01-12,XQJ10000000026157169,订单明细20260329030629.xlsx
云烟(中支金腰带),300.0,263.0,4.0,1052.0,2026-01-12,XQJ10000000026157169,订单明细20260329030629.xlsx
云烟(中支金腰带),300.0,263.0,4.0,1052.0,2026-01-12,XQJ10000000026157169,订单明细20260329030629.xlsx
云烟(印象),650.0,561.8,2.0,1123.6,2026-01-12,XQJ10000000026157169,订单明细20260329030629.xlsx
云烟(印象),650.0,561.8,2.0,1123.6,2026-01-12,XQJ10000000026157169,订单明细20260329030629.xlsx
云烟(印象),650.0,561.8,2.0,1123.6,2026-01-12,XQJ10000000026157169,订单明细20260329030629.xlsx
云烟(印象),650.0,561.8,2.0,1123.6,2026-01-12,XQJ10000000026157169,订单明细20260329030629.xlsx
云烟(印象),650.0,561.8,2.0,1123.6,2026-01-12,XQJ10000000026157169,订单明细20260329030629.xlsx
云烟(印象),650.0,561.8,2.0,1123.6,2026-01-12,XQJ10000000026157169,订单明细20260329030629.xlsx
云烟(印象烟庄),450.0,360.4,3.0,1081.2,2026-01-12,XQJ10000000026157169,订单明细20260329030629.xlsx
云烟(印象烟庄),450.0,360.4,3.0,1081.2,2026-01-12,XQJ10000000026157169,订单明细20260329030629.xlsx
云烟(印象烟庄),450.0,360.4,3.0,1081.2,2026-01-12,XQJ10000000026157169,订单明细20260329030629.xlsx
云烟(印象烟庄),450.0,360.4,3.0,1081.2,2026-01-12,XQJ10000000026157169,订单明细20260329030629.xlsx
云烟(印象烟庄),450.0,360.4,3.0,1081.2,2026-01-12,XQJ10000000026157169,订单明细20260329030629.xlsx
云烟(印象烟庄),450.0,360.4,3.0,1081.2,2026-01-12,XQJ10000000026157169,订单明细20260329030629.xlsx
云烟(小熊猫家园),200.0,158.0,2.0,316.0,2026-01-12,XQJ10000000026157169,订单明细20260329030629.xlsx
云烟(小熊猫家园),200.0,158.0,2.0,316.0,2026-01-12,XQJ10000000026157169,订单明细20260329030629.xlsx
云烟(小熊猫家园),200.0,158.0,2.0,316.0,2026-01-12,XQJ10000000026157169,订单明细20260329030629.xlsx
云烟(小熊猫家园),200.0,158.0,2.0,316.0,2026-01-12,XQJ10000000026157169,订单明细20260329030629.xlsx
云烟(小熊猫家园),200.0,158.0,2.0,316.0,2026-01-12,XQJ10000000026157169,订单明细20260329030629.xlsx
云烟(小熊猫家园),200.0,158.0,2.0,316.0,2026-01-12,XQJ10000000026157169,订单明细20260329030629.xlsx
云烟(流金印象细支),450.0,381.6,1.0,381.6,2026-01-12,XQJ10000000026157169,订单明细20260329030629.xlsx
云烟(流金印象细支),450.0,381.6,1.0,381.6,2026-01-12,XQJ10000000026157169,订单明细20260329030629.xlsx
云烟(流金印象细支),450.0,381.6,1.0,381.6,2026-01-12,XQJ10000000026157169,订单明细20260329030629.xlsx
云烟(流金印象细支),450.0,381.6,1.0,381.6,2026-01-12,XQJ10000000026157169,订单明细20260329030629.xlsx
云烟(流金印象细支),450.0,381.6,1.0,381.6,2026-01-12,XQJ10000000026157169,订单明细20260329030629.xlsx
云烟(流金印象细支),450.0,381.6,1.0,381.6,2026-01-12,XQJ10000000026157169,订单明细20260329030629.xlsx
云烟(硬云龙),150.0,129.3,6.0,775.8,2026-01-12,XQJ10000000026157169,订单明细20260329030629.xlsx
云烟(硬云龙),150.0,129.3,6.0,775.8,2026-01-12,XQJ10000000026157169,订单明细20260329030629.xlsx
云烟(硬云龙),150.0,129.3,6.0,775.8,2026-01-12,XQJ10000000026157169,订单明细20260329030629.xlsx
云烟(硬云龙),150.0,129.3,6.0,775.8,2026-01-12,XQJ10000000026157169,订单明细20260329030629.xlsx
云烟(硬云龙),150.0,129.3,6.0,775.8,2026-01-12,XQJ10000000026157169,订单明细20260329030629.xlsx
云烟(硬云龙),150.0,129.3,6.0,775.8,2026-01-12,XQJ10000000026157169,订单明细20260329030629.xlsx
云烟(神秘花园),320.0,275.6,1.0,275.6,2026-01-12,XQJ10000000026157169,订单明细20260329030629.xlsx
云烟(神秘花园),320.0,275.6,1.0,275.6,2026-01-12,XQJ10000000026157169,订单明细20260329030629.xlsx
云烟(神秘花园),320.0,275.6,1.0,275.6,2026-01-12,XQJ10000000026157169,订单明细20260329030629.xlsx
云烟(神秘花园),320.0,275.6,1.0,275.6,2026-01-12,XQJ10000000026157169,订单明细20260329030629.xlsx
云烟(神秘花园),320.0,275.6,1.0,275.6,2026-01-12,XQJ10000000026157169,订单明细20260329030629.xlsx
云烟(神秘花园),320.0,275.6,1.0,275.6,2026-01-12,XQJ10000000026157169,订单明细20260329030629.xlsx
云烟(福),120.0,107.06,8.0,856.48,2026-01-12,XQJ10000000026157169,订单明细20260329030629.xlsx
云烟(福),120.0,107.06,8.0,856.48,2026-01-12,XQJ10000000026157169,订单明细20260329030629.xlsx
云烟(福),120.0,107.06,8.0,856.48,2026-01-12,XQJ10000000026157169,订单明细20260329030629.xlsx
云烟(福),120.0,107.06,8.0,856.48,2026-01-12,XQJ10000000026157169,订单明细20260329030629.xlsx
云烟(福),120.0,107.06,8.0,856.48,2026-01-12,XQJ10000000026157169,订单明细20260329030629.xlsx
云烟(福),120.0,107.06,8.0,856.48,2026-01-12,XQJ10000000026157169,订单明细20260329030629.xlsx
云烟(紫),130.0,114.5,13.0,1488.5,2026-01-12,XQJ10000000026157169,订单明细20260329030629.xlsx
云烟(紫),130.0,114.5,13.0,1488.5,2026-01-12,XQJ10000000026157169,订单明细20260329030629.xlsx
云烟(紫),130.0,114.5,13.0,1488.5,2026-01-12,XQJ10000000026157169,订单明细20260329030629.xlsx
云烟(紫),130.0,114.5,13.0,1488.5,2026-01-12,XQJ10000000026157169,订单明细20260329030629.xlsx
云烟(紫),130.0,114.5,13.0,1488.5,2026-01-12,XQJ10000000026157169,订单明细20260329030629.xlsx
云烟(紫),130.0,114.5,13.0,1488.5,2026-01-12,XQJ10000000026157169,订单明细20260329030629.xlsx
云烟(细支云龙),150.0,129.3,22.0,2844.6,2026-01-12,XQJ10000000026157169,订单明细20260329030629.xlsx
云烟(细支云龙),150.0,129.3,22.0,2844.6,2026-01-12,XQJ10000000026157169,订单明细20260329030629.xlsx
云烟(细支云龙),150.0,129.3,22.0,2844.6,2026-01-12,XQJ10000000026157169,订单明细20260329030629.xlsx
云烟(细支云龙),150.0,129.3,22.0,2844.6,2026-01-12,XQJ10000000026157169,订单明细20260329030629.xlsx
云烟(细支云龙),150.0,129.3,22.0,2844.6,2026-01-12,XQJ10000000026157169,订单明细20260329030629.xlsx
云烟(细支云龙),150.0,129.3,22.0,2844.6,2026-01-12,XQJ10000000026157169,订单明细20260329030629.xlsx
云烟(细支大重九),1000.0,848.0,4.0,3392.0,2026-01-12,XQJ10000000026157169,订单明细20260329030629.xlsx
云烟(细支大重九),1000.0,848.0,4.0,3392.0,2026-01-12,XQJ10000000026157169,订单明细20260329030629.xlsx
云烟(细支大重九),1000.0,848.0,4.0,3392.0,2026-01-12,XQJ10000000026157169,订单明细20260329030629.xlsx
云烟(细支大重九),1000.0,848.0,4.0,3392.0,2026-01-12,XQJ10000000026157169,订单明细20260329030629.xlsx
云烟(细支大重九),1000.0,848.0,4.0,3392.0,2026-01-12,XQJ10000000026157169,订单明细20260329030629.xlsx
云烟(细支大重九),1000.0,848.0,4.0,3392.0,2026-01-12,XQJ10000000026157169,订单明细20260329030629.xlsx
云烟(细支小重九),500.0,424.0,1.0,424.0,2026-01-12,XQJ10000000026157169,订单明细20260329030629.xlsx
云烟(细支小重九),500.0,424.0,1.0,424.0,2026-01-12,XQJ10000000026157169,订单明细20260329030629.xlsx
云烟(细支小重九),500.0,424.0,1.0,424.0,2026-01-12,XQJ10000000026157169,订单明细20260329030629.xlsx
云烟(细支小重九),500.0,424.0,1.0,424.0,2026-01-12,XQJ10000000026157169,订单明细20260329030629.xlsx
云烟(细支小重九),500.0,424.0,1.0,424.0,2026-01-12,XQJ10000000026157169,订单明细20260329030629.xlsx
云烟(细支小重九),500.0,424.0,1.0,424.0,2026-01-12,XQJ10000000026157169,订单明细20260329030629.xlsx
云烟(细支珍品),260.0,225.0,3.0,675.0,2026-01-12,XQJ10000000026157169,订单明细20260329030629.xlsx
云烟(细支珍品),260.0,225.0,3.0,675.0,2026-01-12,XQJ10000000026157169,订单明细20260329030629.xlsx
云烟(细支珍品),260.0,225.0,3.0,675.0,2026-01-12,XQJ10000000026157169,订单明细20260329030629.xlsx
云烟(细支珍品),260.0,225.0,3.0,675.0,2026-01-12,XQJ10000000026157169,订单明细20260329030629.xlsx
云烟(细支珍品),260.0,225.0,3.0,675.0,2026-01-12,XQJ10000000026157169,订单明细20260329030629.xlsx
云烟(细支珍品),260.0,225.0,3.0,675.0,2026-01-12,XQJ10000000026157169,订单明细20260329030629.xlsx
云烟(软大重九),1000.0,720.8,0.0,0.0,2026-01-12,XQJ10000000026157169,订单明细20260329030629.xlsx
云烟(软大重九),1000.0,720.8,0.0,0.0,2026-01-12,XQJ10000000026157169,订单明细20260329030629.xlsx
云烟(软大重九),1000.0,720.8,0.0,0.0,2026-01-12,XQJ10000000026157169,订单明细20260329030629.xlsx
云烟(软大重九),1000.0,720.8,0.0,0.0,2026-01-12,XQJ10000000026157169,订单明细20260329030629.xlsx
云烟(软大重九),1000.0,720.8,0.0,0.0,2026-01-12,XQJ10000000026157169,订单明细20260329030629.xlsx
云烟(软大重九),1000.0,720.8,0.0,0.0,2026-01-12,XQJ10000000026157169,订单明细20260329030629.xlsx
云烟(软珍品),230.0,206.7,12.0,2480.4,2026-01-12,XQJ10000000026157169,订单明细20260329030629.xlsx
云烟(软珍品),230.0,206.7,12.0,2480.4,2026-01-12,XQJ10000000026157169,订单明细20260329030629.xlsx
云烟(软珍品),230.0,206.7,12.0,2480.4,2026-01-12,XQJ10000000026157169,订单明细20260329030629.xlsx
云烟(软珍品),230.0,206.7,12.0,2480.4,2026-01-12,XQJ10000000026157169,订单明细20260329030629.xlsx
云烟(软珍品),230.0,206.7,12.0,2480.4,2026-01-12,XQJ10000000026157169,订单明细20260329030629.xlsx
云烟(软珍品),230.0,206.7,12.0,2480.4,2026-01-12,XQJ10000000026157169,订单明细20260329030629.xlsx
云烟(黑金刚印象),560.0,466.4,2.0,932.8,2026-01-12,XQJ10000000026157169,订单明细20260329030629.xlsx
云烟(黑金刚印象),560.0,466.4,2.0,932.8,2026-01-12,XQJ10000000026157169,订单明细20260329030629.xlsx
云烟(黑金刚印象),560.0,466.4,2.0,932.8,2026-01-12,XQJ10000000026157169,订单明细20260329030629.xlsx
云烟(黑金刚印象),560.0,466.4,2.0,932.8,2026-01-12,XQJ10000000026157169,订单明细20260329030629.xlsx
云烟(黑金刚印象),560.0,466.4,2.0,932.8,2026-01-12,XQJ10000000026157169,订单明细20260329030629.xlsx
云烟(黑金刚印象),560.0,466.4,2.0,932.8,2026-01-12,XQJ10000000026157169,订单明细20260329030629.xlsx
利群(新版),160.0,143.1,1.0,143.1,2026-01-12,XQJ10000000026157169,订单明细20260329030629.xlsx
利群(新版),160.0,143.1,1.0,143.1,2026-01-12,XQJ10000000026157169,订单明细20260329030629.xlsx
利群(新版),160.0,143.1,1.0,143.1,2026-01-12,XQJ10000000026157169,订单明细20260329030629.xlsx
利群(新版),160.0,143.1,1.0,143.1,2026-01-12,XQJ10000000026157169,订单明细20260329030629.xlsx
利群(新版),160.0,143.1,1.0,143.1,2026-01-12,XQJ10000000026157169,订单明细20260329030629.xlsx
利群(新版),160.0,143.1,1.0,143.1,2026-01-12,XQJ10000000026157169,订单明细20260329030629.xlsx
利群(西子阳光),310.0,275.6,1.0,275.6,2026-01-12,XQJ10000000026157169,订单明细20260329030629.xlsx
利群(西子阳光),310.0,275.6,1.0,275.6,2026-01-12,XQJ10000000026157169,订单明细20260329030629.xlsx
利群(西子阳光),310.0,275.6,1.0,275.6,2026-01-12,XQJ10000000026157169,订单明细20260329030629.xlsx
利群(西子阳光),310.0,275.6,1.0,275.6,2026-01-12,XQJ10000000026157169,订单明细20260329030629.xlsx
利群(西子阳光),310.0,275.6,1.0,275.6,2026-01-12,XQJ10000000026157169,订单明细20260329030629.xlsx
利群(西子阳光),310.0,275.6,1.0,275.6,2026-01-12,XQJ10000000026157169,订单明细20260329030629.xlsx
利群(软蓝),180.0,159.0,1.0,159.0,2026-01-12,XQJ10000000026157169,订单明细20260329030629.xlsx
利群(软蓝),180.0,159.0,1.0,159.0,2026-01-12,XQJ10000000026157169,订单明细20260329030629.xlsx
利群(软蓝),180.0,159.0,1.0,159.0,2026-01-12,XQJ10000000026157169,订单明细20260329030629.xlsx
利群(软蓝),180.0,159.0,1.0,159.0,2026-01-12,XQJ10000000026157169,订单明细20260329030629.xlsx
利群(软蓝),180.0,159.0,1.0,159.0,2026-01-12,XQJ10000000026157169,订单明细20260329030629.xlsx
利群(软蓝),180.0,159.0,1.0,159.0,2026-01-12,XQJ10000000026157169,订单明细20260329030629.xlsx
利群(软长嘴),360.0,318.0,0.0,0.0,2026-01-12,XQJ10000000026157169,订单明细20260329030629.xlsx
利群(软长嘴),360.0,318.0,0.0,0.0,2026-01-12,XQJ10000000026157169,订单明细20260329030629.xlsx
利群(软长嘴),360.0,318.0,0.0,0.0,2026-01-12,XQJ10000000026157169,订单明细20260329030629.xlsx
利群(软长嘴),360.0,318.0,0.0,0.0,2026-01-12,XQJ10000000026157169,订单明细20260329030629.xlsx
利群(软长嘴),360.0,318.0,0.0,0.0,2026-01-12,XQJ10000000026157169,订单明细20260329030629.xlsx
利群(软长嘴),360.0,318.0,0.0,0.0,2026-01-12,XQJ10000000026157169,订单明细20260329030629.xlsx
利群(长嘴),220.0,190.8,0.0,0.0,2026-01-12,XQJ10000000026157169,订单明细20260329030629.xlsx
利群(长嘴),220.0,190.8,0.0,0.0,2026-01-12,XQJ10000000026157169,订单明细20260329030629.xlsx
利群(长嘴),220.0,190.8,0.0,0.0,2026-01-12,XQJ10000000026157169,订单明细20260329030629.xlsx
利群(长嘴),220.0,190.8,0.0,0.0,2026-01-12,XQJ10000000026157169,订单明细20260329030629.xlsx
利群(长嘴),220.0,190.8,0.0,0.0,2026-01-12,XQJ10000000026157169,订单明细20260329030629.xlsx
利群(长嘴),220.0,190.8,0.0,0.0,2026-01-12,XQJ10000000026157169,订单明细20260329030629.xlsx
利群(阳光细支),400.0,339.2,1.0,339.2,2026-01-12,XQJ10000000026157169,订单明细20260329030629.xlsx
利群(阳光细支),400.0,339.2,1.0,339.2,2026-01-12,XQJ10000000026157169,订单明细20260329030629.xlsx
利群(阳光细支),400.0,339.2,1.0,339.2,2026-01-12,XQJ10000000026157169,订单明细20260329030629.xlsx
利群(阳光细支),400.0,339.2,1.0,339.2,2026-01-12,XQJ10000000026157169,订单明细20260329030629.xlsx
利群(阳光细支),400.0,339.2,1.0,339.2,2026-01-12,XQJ10000000026157169,订单明细20260329030629.xlsx
利群(阳光细支),400.0,339.2,1.0,339.2,2026-01-12,XQJ10000000026157169,订单明细20260329030629.xlsx
南京(十二钗薄荷),220.0,188.68,0.0,0.0,2026-01-12,XQJ10000000026157169,订单明细20260329030629.xlsx
南京(十二钗薄荷),220.0,188.68,0.0,0.0,2026-01-12,XQJ10000000026157169,订单明细20260329030629.xlsx
南京(十二钗薄荷),220.0,188.68,0.0,0.0,2026-01-12,XQJ10000000026157169,订单明细20260329030629.xlsx
南京(十二钗薄荷),220.0,188.68,0.0,0.0,2026-01-12,XQJ10000000026157169,订单明细20260329030629.xlsx
南京(十二钗薄荷),220.0,188.68,0.0,0.0,2026-01-12,XQJ10000000026157169,订单明细20260329030629.xlsx
南京(十二钗薄荷),220.0,188.68,0.0,0.0,2026-01-12,XQJ10000000026157169,订单明细20260329030629.xlsx
南京(软九五),1000.0,720.8,0.0,0.0,2026-01-12,XQJ10000000026157169,订单明细20260329030629.xlsx
南京(软九五),1000.0,720.8,0.0,0.0,2026-01-12,XQJ10000000026157169,订单明细20260329030629.xlsx
南京(软九五),1000.0,720.8,0.0,0.0,2026-01-12,XQJ10000000026157169,订单明细20260329030629.xlsx
南京(软九五),1000.0,720.8,0.0,0.0,2026-01-12,XQJ10000000026157169,订单明细20260329030629.xlsx
南京(软九五),1000.0,720.8,0.0,0.0,2026-01-12,XQJ10000000026157169,订单明细20260329030629.xlsx
南京(软九五),1000.0,720.8,0.0,0.0,2026-01-12,XQJ10000000026157169,订单明细20260329030629.xlsx
南京(雨花石),530.0,455.8,0.0,0.0,2026-01-12,XQJ10000000026157169,订单明细20260329030629.xlsx
南京(雨花石),530.0,455.8,0.0,0.0,2026-01-12,XQJ10000000026157169,订单明细20260329030629.xlsx
南京(雨花石),530.0,455.8,0.0,0.0,2026-01-12,XQJ10000000026157169,订单明细20260329030629.xlsx
南京(雨花石),530.0,455.8,0.0,0.0,2026-01-12,XQJ10000000026157169,订单明细20260329030629.xlsx
南京(雨花石),530.0,455.8,0.0,0.0,2026-01-12,XQJ10000000026157169,订单明细20260329030629.xlsx
南京(雨花石),530.0,455.8,0.0,0.0,2026-01-12,XQJ10000000026157169,订单明细20260329030629.xlsx
双喜(勿忘我),200.0,175.0,1.0,175.0,2026-01-12,XQJ10000000026157169,订单明细20260329030629.xlsx
双喜(勿忘我),200.0,175.0,1.0,175.0,2026-01-12,XQJ10000000026157169,订单明细20260329030629.xlsx
双喜(勿忘我),200.0,175.0,1.0,175.0,2026-01-12,XQJ10000000026157169,订单明细20260329030629.xlsx
双喜(勿忘我),200.0,175.0,1.0,175.0,2026-01-12,XQJ10000000026157169,订单明细20260329030629.xlsx
双喜(勿忘我),200.0,175.0,1.0,175.0,2026-01-12,XQJ10000000026157169,订单明细20260329030629.xlsx
双喜(勿忘我),200.0,175.0,1.0,175.0,2026-01-12,XQJ10000000026157169,订单明细20260329030629.xlsx
双喜(春天˙咖路里),260.0,225.0,1.0,225.0,2026-01-12,XQJ10000000026157169,订单明细20260329030629.xlsx
双喜(春天˙咖路里),260.0,225.0,1.0,225.0,2026-01-12,XQJ10000000026157169,订单明细20260329030629.xlsx
双喜(春天˙咖路里),260.0,225.0,1.0,225.0,2026-01-12,XQJ10000000026157169,订单明细20260329030629.xlsx
双喜(春天˙咖路里),260.0,225.0,1.0,225.0,2026-01-12,XQJ10000000026157169,订单明细20260329030629.xlsx
双喜(春天˙咖路里),260.0,225.0,1.0,225.0,2026-01-12,XQJ10000000026157169,订单明细20260329030629.xlsx
双喜(春天˙咖路里),260.0,225.0,1.0,225.0,2026-01-12,XQJ10000000026157169,订单明细20260329030629.xlsx
双喜(硬经典1906),170.0,150.52,1.0,150.52,2026-01-12,XQJ10000000026157169,订单明细20260329030629.xlsx
双喜(硬经典1906),170.0,150.52,1.0,150.52,2026-01-12,XQJ10000000026157169,订单明细20260329030629.xlsx
双喜(硬经典1906),170.0,150.52,1.0,150.52,2026-01-12,XQJ10000000026157169,订单明细20260329030629.xlsx
双喜(硬经典1906),170.0,150.52,1.0,150.52,2026-01-12,XQJ10000000026157169,订单明细20260329030629.xlsx
双喜(硬经典1906),170.0,150.52,1.0,150.52,2026-01-12,XQJ10000000026157169,订单明细20260329030629.xlsx
双喜(硬经典1906),170.0,150.52,1.0,150.52,2026-01-12,XQJ10000000026157169,订单明细20260329030629.xlsx
天子(硬珍品龙凤呈祥),210.0,180.2,0.0,0.0,2026-01-12,XQJ10000000026157169,订单明细20260329030629.xlsx
天子(硬珍品龙凤呈祥),210.0,180.2,0.0,0.0,2026-01-12,XQJ10000000026157169,订单明细20260329030629.xlsx
天子(硬珍品龙凤呈祥),210.0,180.2,0.0,0.0,2026-01-12,XQJ10000000026157169,订单明细20260329030629.xlsx
天子(硬珍品龙凤呈祥),210.0,180.2,0.0,0.0,2026-01-12,XQJ10000000026157169,订单明细20260329030629.xlsx
天子(硬珍品龙凤呈祥),210.0,180.2,0.0,0.0,2026-01-12,XQJ10000000026157169,订单明细20260329030629.xlsx
天子(硬珍品龙凤呈祥),210.0,180.2,0.0,0.0,2026-01-12,XQJ10000000026157169,订单明细20260329030629.xlsx
娇子(宽窄锦上细支),300.0,263.0,2.0,526.0,2026-01-12,XQJ10000000026157169,订单明细20260329030629.xlsx
娇子(宽窄锦上细支),300.0,263.0,2.0,526.0,2026-01-12,XQJ10000000026157169,订单明细20260329030629.xlsx
娇子(宽窄锦上细支),300.0,263.0,2.0,526.0,2026-01-12,XQJ10000000026157169,订单明细20260329030629.xlsx
娇子(宽窄锦上细支),300.0,263.0,2.0,526.0,2026-01-12,XQJ10000000026157169,订单明细20260329030629.xlsx
娇子(宽窄锦上细支),300.0,263.0,2.0,526.0,2026-01-12,XQJ10000000026157169,订单明细20260329030629.xlsx
娇子(宽窄锦上细支),300.0,263.0,2.0,526.0,2026-01-12,XQJ10000000026157169,订单明细20260329030629.xlsx
泰山(儒风细支),300.0,263.0,0.0,0.0,2026-01-12,XQJ10000000026157169,订单明细20260329030629.xlsx
泰山(儒风细支),300.0,263.0,0.0,0.0,2026-01-12,XQJ10000000026157169,订单明细20260329030629.xlsx
泰山(儒风细支),300.0,263.0,0.0,0.0,2026-01-12,XQJ10000000026157169,订单明细20260329030629.xlsx
泰山(儒风细支),300.0,263.0,0.0,0.0,2026-01-12,XQJ10000000026157169,订单明细20260329030629.xlsx
泰山(儒风细支),300.0,263.0,0.0,0.0,2026-01-12,XQJ10000000026157169,订单明细20260329030629.xlsx
泰山(儒风细支),300.0,263.0,0.0,0.0,2026-01-12,XQJ10000000026157169,订单明细20260329030629.xlsx
泰山(心悦）,160.0,139.92,0.0,0.0,2026-01-12,XQJ10000000026157169,订单明细20260329030629.xlsx
泰山(心悦）,160.0,139.92,0.0,0.0,2026-01-12,XQJ10000000026157169,订单明细20260329030629.xlsx
泰山(心悦）,160.0,139.92,0.0,0.0,2026-01-12,XQJ10000000026157169,订单明细20260329030629.xlsx
泰山(心悦）,160.0,139.92,0.0,0.0,2026-01-12,XQJ10000000026157169,订单明细20260329030629.xlsx
泰山(心悦）,160.0,139.92,0.0,0.0,2026-01-12,XQJ10000000026157169,订单明细20260329030629.xlsx
泰山(心悦）,160.0,139.92,0.0,0.0,2026-01-12,XQJ10000000026157169,订单明细20260329030629.xlsx
泰山(颜悦),200.0,167.48,1.0,167.48,2026-01-12,XQJ10000000026157169,订单明细20260329030629.xlsx
泰山(颜悦),200.0,167.48,1.0,167.48,2026-01-12,XQJ10000000026157169,订单明细20260329030629.xlsx
泰山(颜悦),200.0,167.48,1.0,167.48,2026-01-12,XQJ10000000026157169,订单明细20260329030629.xlsx
泰山(颜悦),200.0,167.48,1.0,167.48,2026-01-12,XQJ10000000026157169,订单明细20260329030629.xlsx
泰山(颜悦),200.0,167.48,1.0,167.48,2026-01-12,XQJ10000000026157169,订单明细20260329030629.xlsx
泰山(颜悦),200.0,167.48,1.0,167.48,2026-01-12,XQJ10000000026157169,订单明细20260329030629.xlsx
熊猫(经典细支),1000.0,848.0,1.0,848.0,2026-01-12,XQJ10000000026157169,订单明细20260329030629.xlsx
熊猫(经典细支),1000.0,848.0,1.0,848.0,2026-01-12,XQJ10000000026157169,订单明细20260329030629.xlsx
熊猫(经典细支),1000.0,848.0,1.0,848.0,2026-01-12,XQJ10000000026157169,订单明细20260329030629.xlsx
熊猫(经典细支),1000.0,848.0,1.0,848.0,2026-01-12,XQJ10000000026157169,订单明细20260329030629.xlsx
熊猫(经典细支),1000.0,848.0,1.0,848.0,2026-01-12,XQJ10000000026157169,订单明细20260329030629.xlsx
熊猫(经典细支),1000.0,848.0,1.0,848.0,2026-01-12,XQJ10000000026157169,订单明细20260329030629.xlsx
牡丹(软),140.0,121.9,2.0,243.8,2026-01-12,XQJ10000000026157169,订单明细20260329030629.xlsx
牡丹(软),140.0,121.9,2.0,243.8,2026-01-12,XQJ10000000026157169,订单明细20260329030629.xlsx
牡丹(软),140.0,121.9,2.0,243.8,2026-01-12,XQJ10000000026157169,订单明细20260329030629.xlsx
牡丹(软),140.0,121.9,2.0,243.8,2026-01-12,XQJ10000000026157169,订单明细20260329030629.xlsx
牡丹(软),140.0,121.9,2.0,243.8,2026-01-12,XQJ10000000026157169,订单明细20260329030629.xlsx
牡丹(软),140.0,121.9,2.0,243.8,2026-01-12,XQJ10000000026157169,订单明细20260329030629.xlsx
玉溪(中支和谐),400.0,339.2,2.0,678.4,2026-01-12,XQJ10000000026157169,订单明细20260329030629.xlsx
玉溪(中支和谐),400.0,339.2,2.0,678.4,2026-01-12,XQJ10000000026157169,订单明细20260329030629.xlsx
玉溪(中支和谐),400.0,339.2,2.0,678.4,2026-01-12,XQJ10000000026157169,订单明细20260329030629.xlsx
玉溪(中支和谐),400.0,339.2,2.0,678.4,2026-01-12,XQJ10000000026157169,订单明细20260329030629.xlsx
玉溪(中支和谐),400.0,339.2,2.0,678.4,2026-01-12,XQJ10000000026157169,订单明细20260329030629.xlsx
玉溪(中支和谐),400.0,339.2,2.0,678.4,2026-01-12,XQJ10000000026157169,订单明细20260329030629.xlsx
玉溪(中支境界),600.0,510.0,1.0,510.0,2026-01-12,XQJ10000000026157169,订单明细20260329030629.xlsx
玉溪(中支境界),600.0,510.0,1.0,510.0,2026-01-12,XQJ10000000026157169,订单明细20260329030629.xlsx
玉溪(中支境界),600.0,510.0,1.0,510.0,2026-01-12,XQJ10000000026157169,订单明细20260329030629.xlsx
玉溪(中支境界),600.0,510.0,1.0,510.0,2026-01-12,XQJ10000000026157169,订单明细20260329030629.xlsx
玉溪(中支境界),600.0,510.0,1.0,510.0,2026-01-12,XQJ10000000026157169,订单明细20260329030629.xlsx
玉溪(中支境界),600.0,510.0,1.0,510.0,2026-01-12,XQJ10000000026157169,订单明细20260329030629.xlsx
玉溪(合顺),300.0,263.0,0.0,0.0,2026-01-12,XQJ10000000026157169,订单明细20260329030629.xlsx
玉溪(合顺),300.0,263.0,0.0,0.0,2026-01-12,XQJ10000000026157169,订单明细20260329030629.xlsx
玉溪(合顺),300.0,263.0,0.0,0.0,2026-01-12,XQJ10000000026157169,订单明细20260329030629.xlsx
玉溪(合顺),300.0,263.0,0.0,0.0,2026-01-12,XQJ10000000026157169,订单明细20260329030629.xlsx
玉溪(合顺),300.0,263.0,0.0,0.0,2026-01-12,XQJ10000000026157169,订单明细20260329030629.xlsx
玉溪(合顺),300.0,263.0,0.0,0.0,2026-01-12,XQJ10000000026157169,订单明细20260329030629.xlsx
玉溪(硬和谐),400.0,339.2,0.0,0.0,2026-01-12,XQJ10000000026157169,订单明细20260329030629.xlsx
玉溪(硬和谐),400.0,339.2,0.0,0.0,2026-01-12,XQJ10000000026157169,订单明细20260329030629.xlsx
玉溪(硬和谐),400.0,339.2,0.0,0.0,2026-01-12,XQJ10000000026157169,订单明细20260329030629.xlsx
玉溪(硬和谐),400.0,339.2,0.0,0.0,2026-01-12,XQJ10000000026157169,订单明细20260329030629.xlsx
玉溪(硬和谐),400.0,339.2,0.0,0.0,2026-01-12,XQJ10000000026157169,订单明细20260329030629.xlsx
玉溪(硬和谐),400.0,339.2,0.0,0.0,2026-01-12,XQJ10000000026157169,订单明细20260329030629.xlsx
玉溪(细支),300.0,263.0,0.0,0.0,2026-01-12,XQJ10000000026157169,订单明细20260329030629.xlsx
玉溪(细支),300.0,263.0,0.0,0.0,2026-01-12,XQJ10000000026157169,订单明细20260329030629.xlsx
玉溪(细支),300.0,263.0,0.0,0.0,2026-01-12,XQJ10000000026157169,订单明细20260329030629.xlsx
玉溪(细支),300.0,263.0,0.0,0.0,2026-01-12,XQJ10000000026157169,订单明细20260329030629.xlsx
玉溪(细支),300.0,263.0,0.0,0.0,2026-01-12,XQJ10000000026157169,订单明细20260329030629.xlsx
玉溪(细支),300.0,263.0,0.0,0.0,2026-01-12,XQJ10000000026157169,订单明细20260329030629.xlsx
玉溪(软),230.0,201.4,0.0,0.0,2026-01-12,XQJ10000000026157169,订单明细20260329030629.xlsx
玉溪(软),230.0,201.4,0.0,0.0,2026-01-12,XQJ10000000026157169,订单明细20260329030629.xlsx
玉溪(软),230.0,201.4,0.0,0.0,2026-01-12,XQJ10000000026157169,订单明细20260329030629.xlsx
玉溪(软),230.0,201.4,0.0,0.0,2026-01-12,XQJ10000000026157169,订单明细20260329030629.xlsx
玉溪(软),230.0,201.4,0.0,0.0,2026-01-12,XQJ10000000026157169,订单明细20260329030629.xlsx
玉溪(软),230.0,201.4,0.0,0.0,2026-01-12,XQJ10000000026157169,订单明细20260329030629.xlsx
玉溪(软尚善),280.0,243.8,25.0,6095.0,2026-01-12,XQJ10000000026157169,订单明细20260329030629.xlsx
玉溪(软尚善),280.0,243.8,25.0,6095.0,2026-01-12,XQJ10000000026157169,订单明细20260329030629.xlsx
玉溪(软尚善),280.0,243.8,25.0,6095.0,2026-01-12,XQJ10000000026157169,订单明细20260329030629.xlsx
玉溪(软尚善),280.0,243.8,25.0,6095.0,2026-01-12,XQJ10000000026157169,订单明细20260329030629.xlsx
玉溪(软尚善),280.0,243.8,25.0,6095.0,2026-01-12,XQJ10000000026157169,订单明细20260329030629.xlsx
玉溪(软尚善),280.0,243.8,25.0,6095.0,2026-01-12,XQJ10000000026157169,订单明细20260329030629.xlsx
玉溪(鑫中支),260.0,225.0,1.0,225.0,2026-01-12,XQJ10000000026157169,订单明细20260329030629.xlsx
玉溪(鑫中支),260.0,225.0,1.0,225.0,2026-01-12,XQJ10000000026157169,订单明细20260329030629.xlsx
玉溪(鑫中支),260.0,225.0,1.0,225.0,2026-01-12,XQJ10000000026157169,订单明细20260329030629.xlsx
玉溪(鑫中支),260.0,225.0,1.0,225.0,2026-01-12,XQJ10000000026157169,订单明细20260329030629.xlsx
玉溪(鑫中支),260.0,225.0,1.0,225.0,2026-01-12,XQJ10000000026157169,订单明细20260329030629.xlsx
玉溪(鑫中支),260.0,225.0,1.0,225.0,2026-01-12,XQJ10000000026157169,订单明细20260329030629.xlsx
白沙(和天下),1000.0,848.0,5.0,4240.0,2026-01-12,XQJ10000000026157169,订单明细20260329030629.xlsx
白沙(和天下),1000.0,848.0,5.0,4240.0,2026-01-12,XQJ10000000026157169,订单明细20260329030629.xlsx
白沙(和天下),1000.0,848.0,5.0,4240.0,2026-01-12,XQJ10000000026157169,订单明细20260329030629.xlsx
白沙(和天下),1000.0,848.0,5.0,4240.0,2026-01-12,XQJ10000000026157169,订单明细20260329030629.xlsx
白沙(和天下),1000.0,848.0,5.0,4240.0,2026-01-12,XQJ10000000026157169,订单明细20260329030629.xlsx
白沙(和天下),1000.0,848.0,5.0,4240.0,2026-01-12,XQJ10000000026157169,订单明细20260329030629.xlsx
白沙(硬和天下双中支),900.0,763.2,0.0,0.0,2026-01-12,XQJ10000000026157169,订单明细20260329030629.xlsx
白沙(硬和天下双中支),900.0,763.2,0.0,0.0,2026-01-12,XQJ10000000026157169,订单明细20260329030629.xlsx
白沙(硬和天下双中支),900.0,763.2,0.0,0.0,2026-01-12,XQJ10000000026157169,订单明细20260329030629.xlsx
白沙(硬和天下双中支),900.0,763.2,0.0,0.0,2026-01-12,XQJ10000000026157169,订单明细20260329030629.xlsx
白沙(硬和天下双中支),900.0,763.2,0.0,0.0,2026-01-12,XQJ10000000026157169,订单明细20260329030629.xlsx
白沙(硬和天下双中支),900.0,763.2,0.0,0.0,2026-01-12,XQJ10000000026157169,订单明细20260329030629.xlsx
白沙(硬天天向上细支),160.0,129.3,1.0,129.3,2026-01-12,XQJ10000000026157169,订单明细20260329030629.xlsx
白沙(硬天天向上细支),160.0,129.3,1.0,129.3,2026-01-12,XQJ10000000026157169,订单明细20260329030629.xlsx
白沙(硬天天向上细支),160.0,129.3,1.0,129.3,2026-01-12,XQJ10000000026157169,订单明细20260329030629.xlsx
白沙(硬天天向上细支),160.0,129.3,1.0,129.3,2026-01-12,XQJ10000000026157169,订单明细20260329030629.xlsx
白沙(硬天天向上细支),160.0,129.3,1.0,129.3,2026-01-12,XQJ10000000026157169,订单明细20260329030629.xlsx
白沙(硬天天向上细支),160.0,129.3,1.0,129.3,2026-01-12,XQJ10000000026157169,订单明细20260329030629.xlsx
白沙(硬细支和天下),1000.0,720.8,0.0,0.0,2026-01-12,XQJ10000000026157169,订单明细20260329030629.xlsx
白沙(硬细支和天下),1000.0,720.8,0.0,0.0,2026-01-12,XQJ10000000026157169,订单明细20260329030629.xlsx
白沙(硬细支和天下),1000.0,720.8,0.0,0.0,2026-01-12,XQJ10000000026157169,订单明细20260329030629.xlsx
白沙(硬细支和天下),1000.0,720.8,0.0,0.0,2026-01-12,XQJ10000000026157169,订单明细20260329030629.xlsx
白沙(硬细支和天下),1000.0,720.8,0.0,0.0,2026-01-12,XQJ10000000026157169,订单明细20260329030629.xlsx
白沙(硬细支和天下),1000.0,720.8,0.0,0.0,2026-01-12,XQJ10000000026157169,订单明细20260329030629.xlsx
真龙(凌云),150.0,121.9,1.0,121.9,2026-01-12,XQJ10000000026157169,订单明细20260329030629.xlsx
真龙(凌云),150.0,121.9,1.0,121.9,2026-01-12,XQJ10000000026157169,订单明细20260329030629.xlsx
真龙(凌云),150.0,121.9,1.0,121.9,2026-01-12,XQJ10000000026157169,订单明细20260329030629.xlsx
真龙(凌云),150.0,121.9,1.0,121.9,2026-01-12,XQJ10000000026157169,订单明细20260329030629.xlsx
真龙(凌云),150.0,121.9,1.0,121.9,2026-01-12,XQJ10000000026157169,订单明细20260329030629.xlsx
真龙(凌云),150.0,121.9,1.0,121.9,2026-01-12,XQJ10000000026157169,订单明细20260329030629.xlsx
红塔山(硬恭贺新禧),150.0,121.9,3.0,365.7,2026-01-12,XQJ10000000026157169,订单明细20260329030629.xlsx
红塔山(硬恭贺新禧),150.0,121.9,3.0,365.7,2026-01-12,XQJ10000000026157169,订单明细20260329030629.xlsx
红塔山(硬恭贺新禧),150.0,121.9,3.0,365.7,2026-01-12,XQJ10000000026157169,订单明细20260329030629.xlsx
红塔山(硬恭贺新禧),150.0,121.9,3.0,365.7,2026-01-12,XQJ10000000026157169,订单明细20260329030629.xlsx
红塔山(硬恭贺新禧),150.0,121.9,3.0,365.7,2026-01-12,XQJ10000000026157169,订单明细20260329030629.xlsx
红塔山(硬恭贺新禧),150.0,121.9,3.0,365.7,2026-01-12,XQJ10000000026157169,订单明细20260329030629.xlsx
红塔山(硬经典100),110.0,97.0,0.0,0.0,2026-01-12,XQJ10000000026157169,订单明细20260329030629.xlsx
红塔山(硬经典100),110.0,97.0,0.0,0.0,2026-01-12,XQJ10000000026157169,订单明细20260329030629.xlsx
红塔山(硬经典100),110.0,97.0,0.0,0.0,2026-01-12,XQJ10000000026157169,订单明细20260329030629.xlsx
红塔山(硬经典100),110.0,97.0,0.0,0.0,2026-01-12,XQJ10000000026157169,订单明细20260329030629.xlsx
红塔山(硬经典100),110.0,97.0,0.0,0.0,2026-01-12,XQJ10000000026157169,订单明细20260329030629.xlsx
红塔山(硬经典100),110.0,97.0,0.0,0.0,2026-01-12,XQJ10000000026157169,订单明细20260329030629.xlsx
红塔山(细支传奇),180.0,155.0,2.0,310.0,2026-01-12,XQJ10000000026157169,订单明细20260329030629.xlsx
红塔山(细支传奇),180.0,155.0,2.0,310.0,2026-01-12,XQJ10000000026157169,订单明细20260329030629.xlsx
红塔山(细支传奇),180.0,155.0,2.0,310.0,2026-01-12,XQJ10000000026157169,订单明细20260329030629.xlsx
红塔山(细支传奇),180.0,155.0,2.0,310.0,2026-01-12,XQJ10000000026157169,订单明细20260329030629.xlsx
红塔山(细支传奇),180.0,155.0,2.0,310.0,2026-01-12,XQJ10000000026157169,订单明细20260329030629.xlsx
红塔山(细支传奇),180.0,155.0,2.0,310.0,2026-01-12,XQJ10000000026157169,订单明细20260329030629.xlsx
红河(硬88),120.0,97.0,12.0,1164.0,2026-01-12,XQJ10000000026157169,订单明细20260329030629.xlsx
红河(硬88),120.0,97.0,12.0,1164.0,2026-01-12,XQJ10000000026157169,订单明细20260329030629.xlsx
红河(硬88),120.0,97.0,12.0,1164.0,2026-01-12,XQJ10000000026157169,订单明细20260329030629.xlsx
红河(硬88),120.0,97.0,12.0,1164.0,2026-01-12,XQJ10000000026157169,订单明细20260329030629.xlsx
红河(硬88),120.0,97.0,12.0,1164.0,2026-01-12,XQJ10000000026157169,订单明细20260329030629.xlsx
红河(硬88),120.0,97.0,12.0,1164.0,2026-01-12,XQJ10000000026157169,订单明细20260329030629.xlsx
红河(硬99),140.0,121.9,2.0,243.8,2026-01-12,XQJ10000000026157169,订单明细20260329030629.xlsx
红河(硬99),140.0,121.9,2.0,243.8,2026-01-12,XQJ10000000026157169,订单明细20260329030629.xlsx
红河(硬99),140.0,121.9,2.0,243.8,2026-01-12,XQJ10000000026157169,订单明细20260329030629.xlsx
红河(硬99),140.0,121.9,2.0,243.8,2026-01-12,XQJ10000000026157169,订单明细20260329030629.xlsx
红河(硬99),140.0,121.9,2.0,243.8,2026-01-12,XQJ10000000026157169,订单明细20260329030629.xlsx
红河(硬99),140.0,121.9,2.0,243.8,2026-01-12,XQJ10000000026157169,订单明细20260329030629.xlsx
芙蓉王(沁爽细支),300.0,263.0,1.0,263.0,2026-01-12,XQJ10000000026157169,订单明细20260329030629.xlsx
芙蓉王(沁爽细支),300.0,263.0,1.0,263.0,2026-01-12,XQJ10000000026157169,订单明细20260329030629.xlsx
芙蓉王(沁爽细支),300.0,263.0,1.0,263.0,2026-01-12,XQJ10000000026157169,订单明细20260329030629.xlsx
芙蓉王(沁爽细支),300.0,263.0,1.0,263.0,2026-01-12,XQJ10000000026157169,订单明细20260329030629.xlsx
芙蓉王(沁爽细支),300.0,263.0,1.0,263.0,2026-01-12,XQJ10000000026157169,订单明细20260329030629.xlsx
芙蓉王(沁爽细支),300.0,263.0,1.0,263.0,2026-01-12,XQJ10000000026157169,订单明细20260329030629.xlsx
芙蓉王(硬),250.0,218.36,25.0,5459.0,2026-01-12,XQJ10000000026157169,订单明细20260329030629.xlsx
芙蓉王(硬),250.0,218.36,25.0,5459.0,2026-01-12,XQJ10000000026157169,订单明细20260329030629.xlsx
芙蓉王(硬),250.0,218.36,25.0,5459.0,2026-01-12,XQJ10000000026157169,订单明细20260329030629.xlsx
芙蓉王(硬),250.0,218.36,25.0,5459.0,2026-01-12,XQJ10000000026157169,订单明细20260329030629.xlsx
芙蓉王(硬),250.0,218.36,25.0,5459.0,2026-01-12,XQJ10000000026157169,订单明细20260329030629.xlsx
芙蓉王(硬),250.0,218.36,25.0,5459.0,2026-01-12,XQJ10000000026157169,订单明细20260329030629.xlsx
芙蓉王(硬细支),260.0,225.0,1.0,225.0,2026-01-12,XQJ10000000026157169,订单明细20260329030629.xlsx
芙蓉王(硬细支),260.0,225.0,1.0,225.0,2026-01-12,XQJ10000000026157169,订单明细20260329030629.xlsx
芙蓉王(硬细支),260.0,225.0,1.0,225.0,2026-01-12,XQJ10000000026157169,订单明细20260329030629.xlsx
芙蓉王(硬细支),260.0,225.0,1.0,225.0,2026-01-12,XQJ10000000026157169,订单明细20260329030629.xlsx
芙蓉王(硬细支),260.0,225.0,1.0,225.0,2026-01-12,XQJ10000000026157169,订单明细20260329030629.xlsx
芙蓉王(硬细支),260.0,225.0,1.0,225.0,2026-01-12,XQJ10000000026157169,订单明细20260329030629.xlsx
芙蓉王(硬闪带细支),350.0,300.0,0.0,0.0,2026-01-12,XQJ10000000026157169,订单明细20260329030629.xlsx
芙蓉王(硬闪带细支),350.0,300.0,0.0,0.0,2026-01-12,XQJ10000000026157169,订单明细20260329030629.xlsx
芙蓉王(硬闪带细支),350.0,300.0,0.0,0.0,2026-01-12,XQJ10000000026157169,订单明细20260329030629.xlsx
芙蓉王(硬闪带细支),350.0,300.0,0.0,0.0,2026-01-12,XQJ10000000026157169,订单明细20260329030629.xlsx
芙蓉王(硬闪带细支),350.0,300.0,0.0,0.0,2026-01-12,XQJ10000000026157169,订单明细20260329030629.xlsx
芙蓉王(硬闪带细支),350.0,300.0,0.0,0.0,2026-01-12,XQJ10000000026157169,订单明细20260329030629.xlsx
芙蓉王(绽放),350.0,300.0,0.0,0.0,2026-01-12,XQJ10000000026157169,订单明细20260329030629.xlsx
芙蓉王(绽放),350.0,300.0,0.0,0.0,2026-01-12,XQJ10000000026157169,订单明细20260329030629.xlsx
芙蓉王(绽放),350.0,300.0,0.0,0.0,2026-01-12,XQJ10000000026157169,订单明细20260329030629.xlsx
芙蓉王(绽放),350.0,300.0,0.0,0.0,2026-01-12,XQJ10000000026157169,订单明细20260329030629.xlsx
芙蓉王(绽放),350.0,300.0,0.0,0.0,2026-01-12,XQJ10000000026157169,订单明细20260329030629.xlsx
芙蓉王(绽放),350.0,300.0,0.0,0.0,2026-01-12,XQJ10000000026157169,订单明细20260329030629.xlsx
贵烟(山水),260.0,225.0,1.0,225.0,2026-01-12,XQJ10000000026157169,订单明细20260329030629.xlsx
贵烟(山水),260.0,225.0,1.0,225.0,2026-01-12,XQJ10000000026157169,订单明细20260329030629.xlsx
贵烟(山水),260.0,225.0,1.0,225.0,2026-01-12,XQJ10000000026157169,订单明细20260329030629.xlsx
贵烟(山水),260.0,225.0,1.0,225.0,2026-01-12,XQJ10000000026157169,订单明细20260329030629.xlsx
贵烟(山水),260.0,225.0,1.0,225.0,2026-01-12,XQJ10000000026157169,订单明细20260329030629.xlsx
贵烟(山水),260.0,225.0,1.0,225.0,2026-01-12,XQJ10000000026157169,订单明细20260329030629.xlsx
钻石(双中支荷花),450.0,381.6,1.0,381.6,2026-01-12,XQJ10000000026157169,订单明细20260329030629.xlsx
钻石(双中支荷花),450.0,381.6,1.0,381.6,2026-01-12,XQJ10000000026157169,订单明细20260329030629.xlsx
钻石(双中支荷花),450.0,381.6,1.0,381.6,2026-01-12,XQJ10000000026157169,订单明细20260329030629.xlsx
钻石(双中支荷花),450.0,381.6,1.0,381.6,2026-01-12,XQJ10000000026157169,订单明细20260329030629.xlsx
钻石(双中支荷花),450.0,381.6,1.0,381.6,2026-01-12,XQJ10000000026157169,订单明细20260329030629.xlsx
钻石(双中支荷花),450.0,381.6,1.0,381.6,2026-01-12,XQJ10000000026157169,订单明细20260329030629.xlsx
钻石(荷花),320.0,275.6,2.0,551.2,2026-01-12,XQJ10000000026157169,订单明细20260329030629.xlsx
钻石(荷花),320.0,275.6,2.0,551.2,2026-01-12,XQJ10000000026157169,订单明细20260329030629.xlsx
钻石(荷花),320.0,275.6,2.0,551.2,2026-01-12,XQJ10000000026157169,订单明细20260329030629.xlsx
钻石(荷花),320.0,275.6,2.0,551.2,2026-01-12,XQJ10000000026157169,订单明细20260329030629.xlsx
钻石(荷花),320.0,275.6,2.0,551.2,2026-01-12,XQJ10000000026157169,订单明细20260329030629.xlsx
钻石(荷花),320.0,275.6,2.0,551.2,2026-01-12,XQJ10000000026157169,订单明细20260329030629.xlsx
钻石(软荷花),500.0,339.2,1.0,339.2,2026-01-12,XQJ10000000026157169,订单明细20260329030629.xlsx
钻石(软荷花),500.0,339.2,1.0,339.2,2026-01-12,XQJ10000000026157169,订单明细20260329030629.xlsx
钻石(软荷花),500.0,339.2,1.0,339.2,2026-01-12,XQJ10000000026157169,订单明细20260329030629.xlsx
钻石(软荷花),500.0,339.2,1.0,339.2,2026-01-12,XQJ10000000026157169,订单明细20260329030629.xlsx
钻石(软荷花),500.0,339.2,1.0,339.2,2026-01-12,XQJ10000000026157169,订单明细20260329030629.xlsx
钻石(软荷花),500.0,339.2,1.0,339.2,2026-01-12,XQJ10000000026157169,订单明细20260329030629.xlsx
长白山(777),150.0,121.9,1.0,121.9,2026-01-12,XQJ10000000026157169,订单明细20260329030629.xlsx
长白山(777),150.0,121.9,1.0,121.9,2026-01-12,XQJ10000000026157169,订单明细20260329030629.xlsx
长白山(777),150.0,121.9,1.0,121.9,2026-01-12,XQJ10000000026157169,订单明细20260329030629.xlsx
长白山(777),150.0,121.9,1.0,121.9,2026-01-12,XQJ10000000026157169,订单明细20260329030629.xlsx
长白山(777),150.0,121.9,1.0,121.9,2026-01-12,XQJ10000000026157169,订单明细20260329030629.xlsx
长白山(777),150.0,121.9,1.0,121.9,2026-01-12,XQJ10000000026157169,订单明细20260329030629.xlsx
黄金叶(商鼎),200.0,175.0,1.0,175.0,2026-01-12,XQJ10000000026157169,订单明细20260329030629.xlsx
黄金叶(商鼎),200.0,175.0,1.0,175.0,2026-01-12,XQJ10000000026157169,订单明细20260329030629.xlsx
黄金叶(商鼎),200.0,175.0,1.0,175.0,2026-01-12,XQJ10000000026157169,订单明细20260329030629.xlsx
黄金叶(商鼎),200.0,175.0,1.0,175.0,2026-01-12,XQJ10000000026157169,订单明细20260329030629.xlsx
黄金叶(商鼎),200.0,175.0,1.0,175.0,2026-01-12,XQJ10000000026157169,订单明细20260329030629.xlsx
黄金叶(商鼎),200.0,175.0,1.0,175.0,2026-01-12,XQJ10000000026157169,订单明细20260329030629.xlsx
黄金叶(天叶),1000.0,678.4,0.0,0.0,2026-01-12,XQJ10000000026157169,订单明细20260329030629.xlsx
黄金叶(天叶),1000.0,678.4,0.0,0.0,2026-01-12,XQJ10000000026157169,订单明细20260329030629.xlsx
黄金叶(天叶),1000.0,678.4,0.0,0.0,2026-01-12,XQJ10000000026157169,订单明细20260329030629.xlsx
黄金叶(天叶),1000.0,678.4,0.0,0.0,2026-01-12,XQJ10000000026157169,订单明细20260329030629.xlsx
黄金叶(天叶),1000.0,678.4,0.0,0.0,2026-01-12,XQJ10000000026157169,订单明细20260329030629.xlsx
黄金叶(天叶),1000.0,678.4,0.0,0.0,2026-01-12,XQJ10000000026157169,订单明细20260329030629.xlsx
黄金叶(天叶细支),1000.0,848.0,1.0,848.0,2026-01-12,XQJ10000000026157169,订单明细20260329030629.xlsx
黄金叶(天叶细支),1000.0,848.0,1.0,848.0,2026-01-12,XQJ10000000026157169,订单明细20260329030629.xlsx
黄金叶(天叶细支),1000.0,848.0,1.0,848.0,2026-01-12,XQJ10000000026157169,订单明细20260329030629.xlsx
黄金叶(天叶细支),1000.0,848.0,1.0,848.0,2026-01-12,XQJ10000000026157169,订单明细20260329030629.xlsx
黄金叶(天叶细支),1000.0,848.0,1.0,848.0,2026-01-12,XQJ10000000026157169,订单明细20260329030629.xlsx
黄金叶(天叶细支),1000.0,848.0,1.0,848.0,2026-01-12,XQJ10000000026157169,订单明细20260329030629.xlsx
黄鹤楼(冰咖),260.0,225.0,2.0,450.0,2026-01-12,XQJ10000000026157169,订单明细20260329030629.xlsx
黄鹤楼(冰咖),260.0,225.0,2.0,450.0,2026-01-12,XQJ10000000026157169,订单明细20260329030629.xlsx
黄鹤楼(冰咖),260.0,225.0,2.0,450.0,2026-01-12,XQJ10000000026157169,订单明细20260329030629.xlsx
黄鹤楼(冰咖),260.0,225.0,2.0,450.0,2026-01-12,XQJ10000000026157169,订单明细20260329030629.xlsx
黄鹤楼(冰咖),260.0,225.0,2.0,450.0,2026-01-12,XQJ10000000026157169,订单明细20260329030629.xlsx
黄鹤楼(冰咖),260.0,225.0,2.0,450.0,2026-01-12,XQJ10000000026157169,订单明细20260329030629.xlsx
黄鹤楼(硬1916如意),1000.0,763.2,0.0,0.0,2026-01-12,XQJ10000000026157169,订单明细20260329030629.xlsx
黄鹤楼(硬1916如意),1000.0,763.2,0.0,0.0,2026-01-12,XQJ10000000026157169,订单明细20260329030629.xlsx
黄鹤楼(硬1916如意),1000.0,763.2,0.0,0.0,2026-01-12,XQJ10000000026157169,订单明细20260329030629.xlsx
黄鹤楼(硬1916如意),1000.0,763.2,0.0,0.0,2026-01-12,XQJ10000000026157169,订单明细20260329030629.xlsx
黄鹤楼(硬1916如意),1000.0,763.2,0.0,0.0,2026-01-12,XQJ10000000026157169,订单明细20260329030629.xlsx
黄鹤楼(硬1916如意),1000.0,763.2,0.0,0.0,2026-01-12,XQJ10000000026157169,订单明细20260329030629.xlsx
黄鹤楼(硬峡谷情细支),350.0,263.0,0.0,0.0,2026-01-12,XQJ10000000026157169,订单明细20260329030629.xlsx
黄鹤楼(硬峡谷情细支),350.0,263.0,0.0,0.0,2026-01-12,XQJ10000000026157169,订单明细20260329030629.xlsx
黄鹤楼(硬峡谷情细支),350.0,263.0,0.0,0.0,2026-01-12,XQJ10000000026157169,订单明细20260329030629.xlsx
黄鹤楼(硬峡谷情细支),350.0,263.0,0.0,0.0,2026-01-12,XQJ10000000026157169,订单明细20260329030629.xlsx
黄鹤楼(硬峡谷情细支),350.0,263.0,0.0,0.0,2026-01-12,XQJ10000000026157169,订单明细20260329030629.xlsx
黄鹤楼(硬峡谷情细支),350.0,263.0,0.0,0.0,2026-01-12,XQJ10000000026157169,订单明细20260329030629.xlsx
黄鹤楼(软1916),1000.0,848.0,0.0,0.0,2026-01-12,XQJ10000000026157169,订单明细20260329030629.xlsx
黄鹤楼(软1916),1000.0,848.0,0.0,0.0,2026-01-12,XQJ10000000026157169,订单明细20260329030629.xlsx
黄鹤楼(软1916),1000.0,848.0,0.0,0.0,2026-01-12,XQJ10000000026157169,订单明细20260329030629.xlsx
黄鹤楼(软1916),1000.0,848.0,0.0,0.0,2026-01-12,XQJ10000000026157169,订单明细20260329030629.xlsx
黄鹤楼(软1916),1000.0,848.0,0.0,0.0,2026-01-12,XQJ10000000026157169,订单明细20260329030629.xlsx
黄鹤楼(软1916),1000.0,848.0,0.0,0.0,2026-01-12,XQJ10000000026157169,订单明细20260329030629.xlsx
黄鹤楼(软蓝),190.0,164.3,1.0,164.3,2026-01-12,XQJ10000000026157169,订单明细20260329030629.xlsx
黄鹤楼(软蓝),190.0,164.3,1.0,164.3,2026-01-12,XQJ10000000026157169,订单明细20260329030629.xlsx
黄鹤楼(软蓝),190.0,164.3,1.0,164.3,2026-01-12,XQJ10000000026157169,订单明细20260329030629.xlsx
黄鹤楼(软蓝),190.0,164.3,1.0,164.3,2026-01-12,XQJ10000000026157169,订单明细20260329030629.xlsx
黄鹤楼(软蓝),190.0,164.3,1.0,164.3,2026-01-12,XQJ10000000026157169,订单明细20260329030629.xlsx
黄鹤楼(软蓝),190.0,164.3,1.0,164.3,2026-01-12,XQJ10000000026157169,订单明细20260329030629.xlsx
555(冰炫),240.0,216.05,0.0,0.0,2026-01-19,XQJ10000000026180736,订单明细20260329030624.xlsx
555(冰炫),240.0,216.05,0.0,0.0,2026-01-19,XQJ10000000026180736,订单明细20260329030624.xlsx
555(冰炫),240.0,216.05,0.0,0.0,2026-01-19,XQJ10000000026180736,订单明细20260329030624.xlsx
555(冰炫),240.0,216.05,0.0,0.0,2026-01-19,XQJ10000000026180736,订单明细20260329030624.xlsx
555(冰炫),240.0,216.05,0.0,0.0,2026-01-19,XQJ10000000026180736,订单明细20260329030624.xlsx
555(冰炫),240.0,216.05,0.0,0.0,2026-01-19,XQJ10000000026180736,订单明细20260329030624.xlsx
555(双冰),320.0,271.07,0.0,0.0,2026-01-19,XQJ10000000026180736,订单明细20260329030624.xlsx
555(双冰),320.0,271.07,0.0,0.0,2026-01-19,XQJ10000000026180736,订单明细20260329030624.xlsx
555(双冰),320.0,271.07,0.0,0.0,2026-01-19,XQJ10000000026180736,订单明细20260329030624.xlsx
555(双冰),320.0,271.07,0.0,0.0,2026-01-19,XQJ10000000026180736,订单明细20260329030624.xlsx
555(双冰),320.0,271.07,0.0,0.0,2026-01-19,XQJ10000000026180736,订单明细20260329030624.xlsx
555(双冰),320.0,271.07,0.0,0.0,2026-01-19,XQJ10000000026180736,订单明细20260329030624.xlsx
七匹狼(纯境),160.0,143.1,0.0,0.0,2026-01-19,XQJ10000000026180736,订单明细20260329030624.xlsx
七匹狼(纯境),160.0,143.1,0.0,0.0,2026-01-19,XQJ10000000026180736,订单明细20260329030624.xlsx
七匹狼(纯境),160.0,143.1,0.0,0.0,2026-01-19,XQJ10000000026180736,订单明细20260329030624.xlsx
七匹狼(纯境),160.0,143.1,0.0,0.0,2026-01-19,XQJ10000000026180736,订单明细20260329030624.xlsx
七匹狼(纯境),160.0,143.1,0.0,0.0,2026-01-19,XQJ10000000026180736,订单明细20260329030624.xlsx
七匹狼(纯境),160.0,143.1,0.0,0.0,2026-01-19,XQJ10000000026180736,订单明细20260329030624.xlsx
七匹狼(银中支),230.0,201.4,0.0,0.0,2026-01-19,XQJ10000000026180736,订单明细20260329030624.xlsx
七匹狼(银中支),230.0,201.4,0.0,0.0,2026-01-19,XQJ10000000026180736,订单明细20260329030624.xlsx
七匹狼(银中支),230.0,201.4,0.0,0.0,2026-01-19,XQJ10000000026180736,订单明细20260329030624.xlsx
七匹狼(银中支),230.0,201.4,0.0,0.0,2026-01-19,XQJ10000000026180736,订单明细20260329030624.xlsx
七匹狼(银中支),230.0,201.4,0.0,0.0,2026-01-19,XQJ10000000026180736,订单明细20260329030624.xlsx
七匹狼(银中支),230.0,201.4,0.0,0.0,2026-01-19,XQJ10000000026180736,订单明细20260329030624.xlsx
七匹狼(锋芒),180.0,158.0,1.0,158.0,2026-01-19,XQJ10000000026180736,订单明细20260329030624.xlsx
七匹狼(锋芒),180.0,158.0,1.0,158.0,2026-01-19,XQJ10000000026180736,订单明细20260329030624.xlsx
七匹狼(锋芒),180.0,158.0,1.0,158.0,2026-01-19,XQJ10000000026180736,订单明细20260329030624.xlsx
七匹狼(锋芒),180.0,158.0,1.0,158.0,2026-01-19,XQJ10000000026180736,订单明细20260329030624.xlsx
七匹狼(锋芒),180.0,158.0,1.0,158.0,2026-01-19,XQJ10000000026180736,订单明细20260329030624.xlsx
七匹狼(锋芒),180.0,158.0,1.0,158.0,2026-01-19,XQJ10000000026180736,订单明细20260329030624.xlsx
万宝路(硬冰爵2.0）,260.0,225.0,0.0,0.0,2026-01-19,XQJ10000000026180736,订单明细20260329030624.xlsx
万宝路(硬冰爵2.0）,260.0,225.0,0.0,0.0,2026-01-19,XQJ10000000026180736,订单明细20260329030624.xlsx
万宝路(硬冰爵2.0）,260.0,225.0,0.0,0.0,2026-01-19,XQJ10000000026180736,订单明细20260329030624.xlsx
万宝路(硬冰爵2.0）,260.0,225.0,0.0,0.0,2026-01-19,XQJ10000000026180736,订单明细20260329030624.xlsx
万宝路(硬冰爵2.0）,260.0,225.0,0.0,0.0,2026-01-19,XQJ10000000026180736,订单明细20260329030624.xlsx
万宝路(硬冰爵2.0）,260.0,225.0,0.0,0.0,2026-01-19,XQJ10000000026180736,订单明细20260329030624.xlsx
万宝路(软红2.0),160.0,143.1,0.0,0.0,2026-01-19,XQJ10000000026180736,订单明细20260329030624.xlsx
万宝路(软红2.0),160.0,143.1,0.0,0.0,2026-01-19,XQJ10000000026180736,订单明细20260329030624.xlsx
万宝路(软红2.0),160.0,143.1,0.0,0.0,2026-01-19,XQJ10000000026180736,订单明细20260329030624.xlsx
万宝路(软红2.0),160.0,143.1,0.0,0.0,2026-01-19,XQJ10000000026180736,订单明细20260329030624.xlsx
万宝路(软红2.0),160.0,143.1,0.0,0.0,2026-01-19,XQJ10000000026180736,订单明细20260329030624.xlsx
万宝路(软红2.0),160.0,143.1,0.0,0.0,2026-01-19,XQJ10000000026180736,订单明细20260329030624.xlsx
三沙(细支),260.0,225.0,0.0,0.0,2026-01-19,XQJ10000000026180736,订单明细20260329030624.xlsx
三沙(细支),260.0,225.0,0.0,0.0,2026-01-19,XQJ10000000026180736,订单明细20260329030624.xlsx
三沙(细支),260.0,225.0,0.0,0.0,2026-01-19,XQJ10000000026180736,订单明细20260329030624.xlsx
三沙(细支),260.0,225.0,0.0,0.0,2026-01-19,XQJ10000000026180736,订单明细20260329030624.xlsx
三沙(细支),260.0,225.0,0.0,0.0,2026-01-19,XQJ10000000026180736,订单明细20260329030624.xlsx
三沙(细支),260.0,225.0,0.0,0.0,2026-01-19,XQJ10000000026180736,订单明细20260329030624.xlsx
中华(双中支),500.0,424.0,1.0,424.0,2026-01-19,XQJ10000000026180736,订单明细20260329030624.xlsx
中华(双中支),500.0,424.0,1.0,424.0,2026-01-19,XQJ10000000026180736,订单明细20260329030624.xlsx
中华(双中支),500.0,424.0,1.0,424.0,2026-01-19,XQJ10000000026180736,订单明细20260329030624.xlsx
中华(双中支),500.0,424.0,1.0,424.0,2026-01-19,XQJ10000000026180736,订单明细20260329030624.xlsx
中华(双中支),500.0,424.0,1.0,424.0,2026-01-19,XQJ10000000026180736,订单明细20260329030624.xlsx
中华(双中支),500.0,424.0,1.0,424.0,2026-01-19,XQJ10000000026180736,订单明细20260329030624.xlsx
中华(硬),450.0,381.6,3.0,1144.8,2026-01-19,XQJ10000000026180736,订单明细20260329030624.xlsx
中华(硬),450.0,381.6,3.0,1144.8,2026-01-19,XQJ10000000026180736,订单明细20260329030624.xlsx
中华(硬),450.0,381.6,3.0,1144.8,2026-01-19,XQJ10000000026180736,订单明细20260329030624.xlsx
中华(硬),450.0,381.6,3.0,1144.8,2026-01-19,XQJ10000000026180736,订单明细20260329030624.xlsx
中华(硬),450.0,381.6,3.0,1144.8,2026-01-19,XQJ10000000026180736,订单明细20260329030624.xlsx
中华(硬),450.0,381.6,3.0,1144.8,2026-01-19,XQJ10000000026180736,订单明细20260329030624.xlsx
中华(细支),500.0,424.0,0.0,0.0,2026-01-19,XQJ10000000026180736,订单明细20260329030624.xlsx
中华(细支),500.0,424.0,0.0,0.0,2026-01-19,XQJ10000000026180736,订单明细20260329030624.xlsx
中华(细支),500.0,424.0,0.0,0.0,2026-01-19,XQJ10000000026180736,订单明细20260329030624.xlsx
中华(细支),500.0,424.0,0.0,0.0,2026-01-19,XQJ10000000026180736,订单明细20260329030624.xlsx
中华(细支),500.0,424.0,0.0,0.0,2026-01-19,XQJ10000000026180736,订单明细20260329030624.xlsx
中华(细支),500.0,424.0,0.0,0.0,2026-01-19,XQJ10000000026180736,订单明细20260329030624.xlsx
中华(细支3mg),1000.0,848.0,0.0,0.0,2026-01-19,XQJ10000000026180736,订单明细20260329030624.xlsx
中华(细支3mg),1000.0,848.0,0.0,0.0,2026-01-19,XQJ10000000026180736,订单明细20260329030624.xlsx
中华(细支3mg),1000.0,848.0,0.0,0.0,2026-01-19,XQJ10000000026180736,订单明细20260329030624.xlsx
中华(细支3mg),1000.0,848.0,0.0,0.0,2026-01-19,XQJ10000000026180736,订单明细20260329030624.xlsx
中华(细支3mg),1000.0,848.0,0.0,0.0,2026-01-19,XQJ10000000026180736,订单明细20260329030624.xlsx
中华(细支3mg),1000.0,848.0,0.0,0.0,2026-01-19,XQJ10000000026180736,订单明细20260329030624.xlsx
中华(细支6mg),600.0,510.0,1.0,510.0,2026-01-19,XQJ10000000026180736,订单明细20260329030624.xlsx
中华(细支6mg),600.0,510.0,1.0,510.0,2026-01-19,XQJ10000000026180736,订单明细20260329030624.xlsx
中华(细支6mg),600.0,510.0,1.0,510.0,2026-01-19,XQJ10000000026180736,订单明细20260329030624.xlsx
中华(细支6mg),600.0,510.0,1.0,510.0,2026-01-19,XQJ10000000026180736,订单明细20260329030624.xlsx
中华(细支6mg),600.0,510.0,1.0,510.0,2026-01-19,XQJ10000000026180736,订单明细20260329030624.xlsx
中华(细支6mg),600.0,510.0,1.0,510.0,2026-01-19,XQJ10000000026180736,订单明细20260329030624.xlsx
中华(软),700.0,583.0,1.0,583.0,2026-01-19,XQJ10000000026180736,订单明细20260329030624.xlsx
中华(软),700.0,583.0,1.0,583.0,2026-01-19,XQJ10000000026180736,订单明细20260329030624.xlsx
中华(软),700.0,583.0,1.0,583.0,2026-01-19,XQJ10000000026180736,订单明细20260329030624.xlsx
中华(软),700.0,583.0,1.0,583.0,2026-01-19,XQJ10000000026180736,订单明细20260329030624.xlsx
中华(软),700.0,583.0,1.0,583.0,2026-01-19,XQJ10000000026180736,订单明细20260329030624.xlsx
中华(软),700.0,583.0,1.0,583.0,2026-01-19,XQJ10000000026180736,订单明细20260329030624.xlsx
中华(金中支),1000.0,678.4,0.0,0.0,2026-01-19,XQJ10000000026180736,订单明细20260329030624.xlsx
中华(金中支),1000.0,678.4,0.0,0.0,2026-01-19,XQJ10000000026180736,订单明细20260329030624.xlsx
中华(金中支),1000.0,678.4,0.0,0.0,2026-01-19,XQJ10000000026180736,订单明细20260329030624.xlsx
中华(金中支),1000.0,678.4,0.0,0.0,2026-01-19,XQJ10000000026180736,订单明细20260329030624.xlsx
中华(金中支),1000.0,678.4,0.0,0.0,2026-01-19,XQJ10000000026180736,订单明细20260329030624.xlsx
中华(金中支),1000.0,678.4,0.0,0.0,2026-01-19,XQJ10000000026180736,订单明细20260329030624.xlsx
中华(金双中),600.0,510.0,0.0,0.0,2026-01-19,XQJ10000000026180736,订单明细20260329030624.xlsx
中华(金双中),600.0,510.0,0.0,0.0,2026-01-19,XQJ10000000026180736,订单明细20260329030624.xlsx
中华(金双中),600.0,510.0,0.0,0.0,2026-01-19,XQJ10000000026180736,订单明细20260329030624.xlsx
中华(金双中),600.0,510.0,0.0,0.0,2026-01-19,XQJ10000000026180736,订单明细20260329030624.xlsx
中华(金双中),600.0,510.0,0.0,0.0,2026-01-19,XQJ10000000026180736,订单明细20260329030624.xlsx
中华(金双中),600.0,510.0,0.0,0.0,2026-01-19,XQJ10000000026180736,订单明细20260329030624.xlsx
中华(金细支),800.0,678.4,0.0,0.0,2026-01-19,XQJ10000000026180736,订单明细20260329030624.xlsx
中华(金细支),800.0,678.4,0.0,0.0,2026-01-19,XQJ10000000026180736,订单明细20260329030624.xlsx
中华(金细支),800.0,678.4,0.0,0.0,2026-01-19,XQJ10000000026180736,订单明细20260329030624.xlsx
中华(金细支),800.0,678.4,0.0,0.0,2026-01-19,XQJ10000000026180736,订单明细20260329030624.xlsx
中华(金细支),800.0,678.4,0.0,0.0,2026-01-19,XQJ10000000026180736,订单明细20260329030624.xlsx
中华(金细支),800.0,678.4,0.0,0.0,2026-01-19,XQJ10000000026180736,订单明细20260329030624.xlsx
中南海(冰耀中支),230.0,201.4,0.0,0.0,2026-01-19,XQJ10000000026180736,订单明细20260329030624.xlsx
中南海(冰耀中支),230.0,201.4,0.0,0.0,2026-01-19,XQJ10000000026180736,订单明细20260329030624.xlsx
中南海(冰耀中支),230.0,201.4,0.0,0.0,2026-01-19,XQJ10000000026180736,订单明细20260329030624.xlsx
中南海(冰耀中支),230.0,201.4,0.0,0.0,2026-01-19,XQJ10000000026180736,订单明细20260329030624.xlsx
中南海(冰耀中支),230.0,201.4,0.0,0.0,2026-01-19,XQJ10000000026180736,订单明细20260329030624.xlsx
中南海(冰耀中支),230.0,201.4,0.0,0.0,2026-01-19,XQJ10000000026180736,订单明细20260329030624.xlsx
丹纳曼(圣安东尼奥罗布图),2200.0,1525.1,0.0,0.0,2026-01-19,XQJ10000000026180736,订单明细20260329030624.xlsx
丹纳曼(圣安东尼奥罗布图),2200.0,1525.1,0.0,0.0,2026-01-19,XQJ10000000026180736,订单明细20260329030624.xlsx
丹纳曼(圣安东尼奥罗布图),2200.0,1525.1,0.0,0.0,2026-01-19,XQJ10000000026180736,订单明细20260329030624.xlsx
丹纳曼(圣安东尼奥罗布图),2200.0,1525.1,0.0,0.0,2026-01-19,XQJ10000000026180736,订单明细20260329030624.xlsx
丹纳曼(圣安东尼奥罗布图),2200.0,1525.1,0.0,0.0,2026-01-19,XQJ10000000026180736,订单明细20260329030624.xlsx
丹纳曼(圣安东尼奥罗布图),2200.0,1525.1,0.0,0.0,2026-01-19,XQJ10000000026180736,订单明细20260329030624.xlsx
云烟(中支云龙),200.0,175.0,3.0,525.0,2026-01-19,XQJ10000000026180736,订单明细20260329030624.xlsx
云烟(中支云龙),200.0,175.0,3.0,525.0,2026-01-19,XQJ10000000026180736,订单明细20260329030624.xlsx
云烟(中支云龙),200.0,175.0,3.0,525.0,2026-01-19,XQJ10000000026180736,订单明细20260329030624.xlsx
云烟(中支云龙),200.0,175.0,3.0,525.0,2026-01-19,XQJ10000000026180736,订单明细20260329030624.xlsx
云烟(中支云龙),200.0,175.0,3.0,525.0,2026-01-19,XQJ10000000026180736,订单明细20260329030624.xlsx
云烟(中支云龙),200.0,175.0,3.0,525.0,2026-01-19,XQJ10000000026180736,订单明细20260329030624.xlsx
云烟(中支大重九),1000.0,848.0,6.0,5088.0,2026-01-19,XQJ10000000026180736,订单明细20260329030624.xlsx
云烟(中支大重九),1000.0,848.0,6.0,5088.0,2026-01-19,XQJ10000000026180736,订单明细20260329030624.xlsx
云烟(中支大重九),1000.0,848.0,6.0,5088.0,2026-01-19,XQJ10000000026180736,订单明细20260329030624.xlsx
云烟(中支大重九),1000.0,848.0,6.0,5088.0,2026-01-19,XQJ10000000026180736,订单明细20260329030624.xlsx
云烟(中支大重九),1000.0,848.0,6.0,5088.0,2026-01-19,XQJ10000000026180736,订单明细20260329030624.xlsx
云烟(中支大重九),1000.0,848.0,6.0,5088.0,2026-01-19,XQJ10000000026180736,订单明细20260329030624.xlsx
云烟(中支小重九),500.0,424.0,0.0,0.0,2026-01-19,XQJ10000000026180736,订单明细20260329030624.xlsx
云烟(中支小重九),500.0,424.0,0.0,0.0,2026-01-19,XQJ10000000026180736,订单明细20260329030624.xlsx
云烟(中支小重九),500.0,424.0,0.0,0.0,2026-01-19,XQJ10000000026180736,订单明细20260329030624.xlsx
云烟(中支小重九),500.0,424.0,0.0,0.0,2026-01-19,XQJ10000000026180736,订单明细20260329030624.xlsx
云烟(中支小重九),500.0,424.0,0.0,0.0,2026-01-19,XQJ10000000026180736,订单明细20260329030624.xlsx
云烟(中支小重九),500.0,424.0,0.0,0.0,2026-01-19,XQJ10000000026180736,订单明细20260329030624.xlsx
云烟(中支金腰带),300.0,263.0,5.0,1315.0,2026-01-19,XQJ10000000026180736,订单明细20260329030624.xlsx
云烟(中支金腰带),300.0,263.0,5.0,1315.0,2026-01-19,XQJ10000000026180736,订单明细20260329030624.xlsx
云烟(中支金腰带),300.0,263.0,5.0,1315.0,2026-01-19,XQJ10000000026180736,订单明细20260329030624.xlsx
云烟(中支金腰带),300.0,263.0,5.0,1315.0,2026-01-19,XQJ10000000026180736,订单明细20260329030624.xlsx
云烟(中支金腰带),300.0,263.0,5.0,1315.0,2026-01-19,XQJ10000000026180736,订单明细20260329030624.xlsx
云烟(中支金腰带),300.0,263.0,5.0,1315.0,2026-01-19,XQJ10000000026180736,订单明细20260329030624.xlsx
云烟(印象),650.0,561.8,1.0,561.8,2026-01-19,XQJ10000000026180736,订单明细20260329030624.xlsx
云烟(印象),650.0,561.8,1.0,561.8,2026-01-19,XQJ10000000026180736,订单明细20260329030624.xlsx
云烟(印象),650.0,561.8,1.0,561.8,2026-01-19,XQJ10000000026180736,订单明细20260329030624.xlsx
云烟(印象),650.0,561.8,1.0,561.8,2026-01-19,XQJ10000000026180736,订单明细20260329030624.xlsx
云烟(印象),650.0,561.8,1.0,561.8,2026-01-19,XQJ10000000026180736,订单明细20260329030624.xlsx
云烟(印象),650.0,561.8,1.0,561.8,2026-01-19,XQJ10000000026180736,订单明细20260329030624.xlsx
云烟(印象烟庄),450.0,360.4,0.0,0.0,2026-01-19,XQJ10000000026180736,订单明细20260329030624.xlsx
云烟(印象烟庄),450.0,360.4,0.0,0.0,2026-01-19,XQJ10000000026180736,订单明细20260329030624.xlsx
云烟(印象烟庄),450.0,360.4,0.0,0.0,2026-01-19,XQJ10000000026180736,订单明细20260329030624.xlsx
云烟(印象烟庄),450.0,360.4,0.0,0.0,2026-01-19,XQJ10000000026180736,订单明细20260329030624.xlsx
云烟(印象烟庄),450.0,360.4,0.0,0.0,2026-01-19,XQJ10000000026180736,订单明细20260329030624.xlsx
云烟(印象烟庄),450.0,360.4,0.0,0.0,2026-01-19,XQJ10000000026180736,订单明细20260329030624.xlsx
云烟(小熊猫家园),200.0,158.0,0.0,0.0,2026-01-19,XQJ10000000026180736,订单明细20260329030624.xlsx
云烟(小熊猫家园),200.0,158.0,0.0,0.0,2026-01-19,XQJ10000000026180736,订单明细20260329030624.xlsx
云烟(小熊猫家园),200.0,158.0,0.0,0.0,2026-01-19,XQJ10000000026180736,订单明细20260329030624.xlsx
云烟(小熊猫家园),200.0,158.0,0.0,0.0,2026-01-19,XQJ10000000026180736,订单明细20260329030624.xlsx
云烟(小熊猫家园),200.0,158.0,0.0,0.0,2026-01-19,XQJ10000000026180736,订单明细20260329030624.xlsx
云烟(小熊猫家园),200.0,158.0,0.0,0.0,2026-01-19,XQJ10000000026180736,订单明细20260329030624.xlsx
云烟(流金印象细支),450.0,381.6,2.0,763.2,2026-01-19,XQJ10000000026180736,订单明细20260329030624.xlsx
云烟(流金印象细支),450.0,381.6,2.0,763.2,2026-01-19,XQJ10000000026180736,订单明细20260329030624.xlsx
云烟(流金印象细支),450.0,381.6,2.0,763.2,2026-01-19,XQJ10000000026180736,订单明细20260329030624.xlsx
云烟(流金印象细支),450.0,381.6,2.0,763.2,2026-01-19,XQJ10000000026180736,订单明细20260329030624.xlsx
云烟(流金印象细支),450.0,381.6,2.0,763.2,2026-01-19,XQJ10000000026180736,订单明细20260329030624.xlsx
云烟(流金印象细支),450.0,381.6,2.0,763.2,2026-01-19,XQJ10000000026180736,订单明细20260329030624.xlsx
云烟(硬云龙),150.0,129.3,10.0,1293.0,2026-01-19,XQJ10000000026180736,订单明细20260329030624.xlsx
云烟(硬云龙),150.0,129.3,10.0,1293.0,2026-01-19,XQJ10000000026180736,订单明细20260329030624.xlsx
云烟(硬云龙),150.0,129.3,10.0,1293.0,2026-01-19,XQJ10000000026180736,订单明细20260329030624.xlsx
云烟(硬云龙),150.0,129.3,10.0,1293.0,2026-01-19,XQJ10000000026180736,订单明细20260329030624.xlsx
云烟(硬云龙),150.0,129.3,10.0,1293.0,2026-01-19,XQJ10000000026180736,订单明细20260329030624.xlsx
云烟(硬云龙),150.0,129.3,10.0,1293.0,2026-01-19,XQJ10000000026180736,订单明细20260329030624.xlsx
云烟(硬苁蓉),130.0,114.5,0.0,0.0,2026-01-19,XQJ10000000026180736,订单明细20260329030624.xlsx
云烟(硬苁蓉),130.0,114.5,0.0,0.0,2026-01-19,XQJ10000000026180736,订单明细20260329030624.xlsx
云烟(硬苁蓉),130.0,114.5,0.0,0.0,2026-01-19,XQJ10000000026180736,订单明细20260329030624.xlsx
云烟(硬苁蓉),130.0,114.5,0.0,0.0,2026-01-19,XQJ10000000026180736,订单明细20260329030624.xlsx
云烟(硬苁蓉),130.0,114.5,0.0,0.0,2026-01-19,XQJ10000000026180736,订单明细20260329030624.xlsx
云烟(硬苁蓉),130.0,114.5,0.0,0.0,2026-01-19,XQJ10000000026180736,订单明细20260329030624.xlsx
云烟(神秘花园),320.0,275.6,0.0,0.0,2026-01-19,XQJ10000000026180736,订单明细20260329030624.xlsx
云烟(神秘花园),320.0,275.6,0.0,0.0,2026-01-19,XQJ10000000026180736,订单明细20260329030624.xlsx
云烟(神秘花园),320.0,275.6,0.0,0.0,2026-01-19,XQJ10000000026180736,订单明细20260329030624.xlsx
云烟(神秘花园),320.0,275.6,0.0,0.0,2026-01-19,XQJ10000000026180736,订单明细20260329030624.xlsx
云烟(神秘花园),320.0,275.6,0.0,0.0,2026-01-19,XQJ10000000026180736,订单明细20260329030624.xlsx
云烟(神秘花园),320.0,275.6,0.0,0.0,2026-01-19,XQJ10000000026180736,订单明细20260329030624.xlsx
云烟(福),120.0,107.06,9.0,963.54,2026-01-19,XQJ10000000026180736,订单明细20260329030624.xlsx
云烟(福),120.0,107.06,9.0,963.54,2026-01-19,XQJ10000000026180736,订单明细20260329030624.xlsx
云烟(福),120.0,107.06,9.0,963.54,2026-01-19,XQJ10000000026180736,订单明细20260329030624.xlsx
云烟(福),120.0,107.06,9.0,963.54,2026-01-19,XQJ10000000026180736,订单明细20260329030624.xlsx
云烟(福),120.0,107.06,9.0,963.54,2026-01-19,XQJ10000000026180736,订单明细20260329030624.xlsx
云烟(福),120.0,107.06,9.0,963.54,2026-01-19,XQJ10000000026180736,订单明细20260329030624.xlsx
云烟(紫),130.0,114.5,14.0,1603.0,2026-01-19,XQJ10000000026180736,订单明细20260329030624.xlsx
云烟(紫),130.0,114.5,14.0,1603.0,2026-01-19,XQJ10000000026180736,订单明细20260329030624.xlsx
云烟(紫),130.0,114.5,14.0,1603.0,2026-01-19,XQJ10000000026180736,订单明细20260329030624.xlsx
云烟(紫),130.0,114.5,14.0,1603.0,2026-01-19,XQJ10000000026180736,订单明细20260329030624.xlsx
云烟(紫),130.0,114.5,14.0,1603.0,2026-01-19,XQJ10000000026180736,订单明细20260329030624.xlsx
云烟(紫),130.0,114.5,14.0,1603.0,2026-01-19,XQJ10000000026180736,订单明细20260329030624.xlsx
云烟(细支云龙),150.0,129.3,10.0,1293.0,2026-01-19,XQJ10000000026180736,订单明细20260329030624.xlsx
云烟(细支云龙),150.0,129.3,10.0,1293.0,2026-01-19,XQJ10000000026180736,订单明细20260329030624.xlsx
云烟(细支云龙),150.0,129.3,10.0,1293.0,2026-01-19,XQJ10000000026180736,订单明细20260329030624.xlsx
云烟(细支云龙),150.0,129.3,10.0,1293.0,2026-01-19,XQJ10000000026180736,订单明细20260329030624.xlsx
云烟(细支云龙),150.0,129.3,10.0,1293.0,2026-01-19,XQJ10000000026180736,订单明细20260329030624.xlsx
云烟(细支云龙),150.0,129.3,10.0,1293.0,2026-01-19,XQJ10000000026180736,订单明细20260329030624.xlsx
云烟(细支大重九),1000.0,848.0,6.0,5088.0,2026-01-19,XQJ10000000026180736,订单明细20260329030624.xlsx
云烟(细支大重九),1000.0,848.0,6.0,5088.0,2026-01-19,XQJ10000000026180736,订单明细20260329030624.xlsx
云烟(细支大重九),1000.0,848.0,6.0,5088.0,2026-01-19,XQJ10000000026180736,订单明细20260329030624.xlsx
云烟(细支大重九),1000.0,848.0,6.0,5088.0,2026-01-19,XQJ10000000026180736,订单明细20260329030624.xlsx
云烟(细支大重九),1000.0,848.0,6.0,5088.0,2026-01-19,XQJ10000000026180736,订单明细20260329030624.xlsx
云烟(细支大重九),1000.0,848.0,6.0,5088.0,2026-01-19,XQJ10000000026180736,订单明细20260329030624.xlsx
云烟(细支小重九),500.0,424.0,1.0,424.0,2026-01-19,XQJ10000000026180736,订单明细20260329030624.xlsx
云烟(细支小重九),,424.0,0.0,0.0,2026-01-19,XQJ10000000026180736,订单明细20260329030624.xlsx
云烟(细支小重九),500.0,424.0,1.0,424.0,2026-01-19,XQJ10000000026180736,订单明细20260329030624.xlsx
云烟(细支小重九),,424.0,0.0,0.0,2026-01-19,XQJ10000000026180736,订单明细20260329030624.xlsx
云烟(细支小重九),500.0,424.0,1.0,424.0,2026-01-19,XQJ10000000026180736,订单明细20260329030624.xlsx
云烟(细支小重九),,424.0,0.0,0.0,2026-01-19,XQJ10000000026180736,订单明细20260329030624.xlsx
云烟(细支小重九),500.0,424.0,1.0,424.0,2026-01-19,XQJ10000000026180736,订单明细20260329030624.xlsx
云烟(细支小重九),,424.0,0.0,0.0,2026-01-19,XQJ10000000026180736,订单明细20260329030624.xlsx
云烟(细支小重九),500.0,424.0,1.0,424.0,2026-01-19,XQJ10000000026180736,订单明细20260329030624.xlsx
云烟(细支小重九),,424.0,0.0,0.0,2026-01-19,XQJ10000000026180736,订单明细20260329030624.xlsx
云烟(细支小重九),500.0,424.0,1.0,424.0,2026-01-19,XQJ10000000026180736,订单明细20260329030624.xlsx
云烟(细支小重九),,424.0,0.0,0.0,2026-01-19,XQJ10000000026180736,订单明细20260329030624.xlsx
云烟(细支灵感蘑菇),260.0,225.0,1.0,225.0,2026-01-19,XQJ10000000026180736,订单明细20260329030624.xlsx
云烟(细支灵感蘑菇),260.0,225.0,1.0,225.0,2026-01-19,XQJ10000000026180736,订单明细20260329030624.xlsx
云烟(细支灵感蘑菇),260.0,225.0,1.0,225.0,2026-01-19,XQJ10000000026180736,订单明细20260329030624.xlsx
云烟(细支灵感蘑菇),260.0,225.0,1.0,225.0,2026-01-19,XQJ10000000026180736,订单明细20260329030624.xlsx
云烟(细支灵感蘑菇),260.0,225.0,1.0,225.0,2026-01-19,XQJ10000000026180736,订单明细20260329030624.xlsx
云烟(细支灵感蘑菇),260.0,225.0,1.0,225.0,2026-01-19,XQJ10000000026180736,订单明细20260329030624.xlsx
云烟(细支珍品),260.0,225.0,25.0,5625.0,2026-01-19,XQJ10000000026180736,订单明细20260329030624.xlsx
云烟(细支珍品),260.0,225.0,25.0,5625.0,2026-01-19,XQJ10000000026180736,订单明细20260329030624.xlsx
云烟(细支珍品),260.0,225.0,25.0,5625.0,2026-01-19,XQJ10000000026180736,订单明细20260329030624.xlsx
云烟(细支珍品),260.0,225.0,25.0,5625.0,2026-01-19,XQJ10000000026180736,订单明细20260329030624.xlsx
云烟(细支珍品),260.0,225.0,25.0,5625.0,2026-01-19,XQJ10000000026180736,订单明细20260329030624.xlsx
云烟(细支珍品),260.0,225.0,25.0,5625.0,2026-01-19,XQJ10000000026180736,订单明细20260329030624.xlsx
云烟(细支筋斗云),350.0,300.0,1.0,300.0,2026-01-19,XQJ10000000026180736,订单明细20260329030624.xlsx
云烟(细支筋斗云),350.0,300.0,1.0,300.0,2026-01-19,XQJ10000000026180736,订单明细20260329030624.xlsx
云烟(细支筋斗云),350.0,300.0,1.0,300.0,2026-01-19,XQJ10000000026180736,订单明细20260329030624.xlsx
云烟(细支筋斗云),350.0,300.0,1.0,300.0,2026-01-19,XQJ10000000026180736,订单明细20260329030624.xlsx
云烟(细支筋斗云),350.0,300.0,1.0,300.0,2026-01-19,XQJ10000000026180736,订单明细20260329030624.xlsx
云烟(细支筋斗云),350.0,300.0,1.0,300.0,2026-01-19,XQJ10000000026180736,订单明细20260329030624.xlsx
云烟(软印象烟庄),370.0,318.0,0.0,0.0,2026-01-19,XQJ10000000026180736,订单明细20260329030624.xlsx
云烟(软印象烟庄),370.0,318.0,0.0,0.0,2026-01-19,XQJ10000000026180736,订单明细20260329030624.xlsx
云烟(软印象烟庄),370.0,318.0,0.0,0.0,2026-01-19,XQJ10000000026180736,订单明细20260329030624.xlsx
云烟(软印象烟庄),370.0,318.0,0.0,0.0,2026-01-19,XQJ10000000026180736,订单明细20260329030624.xlsx
云烟(软印象烟庄),370.0,318.0,0.0,0.0,2026-01-19,XQJ10000000026180736,订单明细20260329030624.xlsx
云烟(软印象烟庄),370.0,318.0,0.0,0.0,2026-01-19,XQJ10000000026180736,订单明细20260329030624.xlsx
云烟(软大重九),1000.0,720.8,6.0,4324.8,2026-01-19,XQJ10000000026180736,订单明细20260329030624.xlsx
云烟(软大重九),1000.0,720.8,6.0,4324.8,2026-01-19,XQJ10000000026180736,订单明细20260329030624.xlsx
云烟(软大重九),1000.0,720.8,6.0,4324.8,2026-01-19,XQJ10000000026180736,订单明细20260329030624.xlsx
云烟(软大重九),1000.0,720.8,6.0,4324.8,2026-01-19,XQJ10000000026180736,订单明细20260329030624.xlsx
云烟(软大重九),1000.0,720.8,6.0,4324.8,2026-01-19,XQJ10000000026180736,订单明细20260329030624.xlsx
云烟(软大重九),1000.0,720.8,6.0,4324.8,2026-01-19,XQJ10000000026180736,订单明细20260329030624.xlsx
云烟(软珍品),230.0,206.7,0.0,0.0,2026-01-19,XQJ10000000026180736,订单明细20260329030624.xlsx
云烟(软珍品),230.0,206.7,0.0,0.0,2026-01-19,XQJ10000000026180736,订单明细20260329030624.xlsx
云烟(软珍品),230.0,206.7,0.0,0.0,2026-01-19,XQJ10000000026180736,订单明细20260329030624.xlsx
云烟(软珍品),230.0,206.7,0.0,0.0,2026-01-19,XQJ10000000026180736,订单明细20260329030624.xlsx
云烟(软珍品),230.0,206.7,0.0,0.0,2026-01-19,XQJ10000000026180736,订单明细20260329030624.xlsx
云烟(软珍品),230.0,206.7,0.0,0.0,2026-01-19,XQJ10000000026180736,订单明细20260329030624.xlsx
云烟(黑金刚印象),560.0,466.4,0.0,0.0,2026-01-19,XQJ10000000026180736,订单明细20260329030624.xlsx
云烟(黑金刚印象),560.0,466.4,0.0,0.0,2026-01-19,XQJ10000000026180736,订单明细20260329030624.xlsx
云烟(黑金刚印象),560.0,466.4,0.0,0.0,2026-01-19,XQJ10000000026180736,订单明细20260329030624.xlsx
云烟(黑金刚印象),560.0,466.4,0.0,0.0,2026-01-19,XQJ10000000026180736,订单明细20260329030624.xlsx
云烟(黑金刚印象),560.0,466.4,0.0,0.0,2026-01-19,XQJ10000000026180736,订单明细20260329030624.xlsx
云烟(黑金刚印象),560.0,466.4,0.0,0.0,2026-01-19,XQJ10000000026180736,订单明细20260329030624.xlsx
人民大会堂(硬红细支),160.0,139.92,0.0,0.0,2026-01-19,XQJ10000000026180736,订单明细20260329030624.xlsx
人民大会堂(硬红细支),160.0,139.92,0.0,0.0,2026-01-19,XQJ10000000026180736,订单明细20260329030624.xlsx
人民大会堂(硬红细支),160.0,139.92,0.0,0.0,2026-01-19,XQJ10000000026180736,订单明细20260329030624.xlsx
人民大会堂(硬红细支),160.0,139.92,0.0,0.0,2026-01-19,XQJ10000000026180736,订单明细20260329030624.xlsx
人民大会堂(硬红细支),160.0,139.92,0.0,0.0,2026-01-19,XQJ10000000026180736,订单明细20260329030624.xlsx
人民大会堂(硬红细支),160.0,139.92,0.0,0.0,2026-01-19,XQJ10000000026180736,订单明细20260329030624.xlsx
人民大会堂(红细支),260.0,225.0,0.0,0.0,2026-01-19,XQJ10000000026180736,订单明细20260329030624.xlsx
人民大会堂(红细支),260.0,225.0,0.0,0.0,2026-01-19,XQJ10000000026180736,订单明细20260329030624.xlsx
人民大会堂(红细支),260.0,225.0,0.0,0.0,2026-01-19,XQJ10000000026180736,订单明细20260329030624.xlsx
人民大会堂(红细支),260.0,225.0,0.0,0.0,2026-01-19,XQJ10000000026180736,订单明细20260329030624.xlsx
人民大会堂(红细支),260.0,225.0,0.0,0.0,2026-01-19,XQJ10000000026180736,订单明细20260329030624.xlsx
人民大会堂(红细支),260.0,225.0,0.0,0.0,2026-01-19,XQJ10000000026180736,订单明细20260329030624.xlsx
兰州(硬珍品),180.0,155.0,0.0,0.0,2026-01-19,XQJ10000000026180736,订单明细20260329030624.xlsx
兰州(硬珍品),180.0,155.0,0.0,0.0,2026-01-19,XQJ10000000026180736,订单明细20260329030624.xlsx
兰州(硬珍品),180.0,155.0,0.0,0.0,2026-01-19,XQJ10000000026180736,订单明细20260329030624.xlsx
兰州(硬珍品),180.0,155.0,0.0,0.0,2026-01-19,XQJ10000000026180736,订单明细20260329030624.xlsx
兰州(硬珍品),180.0,155.0,0.0,0.0,2026-01-19,XQJ10000000026180736,订单明细20260329030624.xlsx
兰州(硬珍品),180.0,155.0,0.0,0.0,2026-01-19,XQJ10000000026180736,订单明细20260329030624.xlsx
兰州(黑中支),300.0,263.0,0.0,0.0,2026-01-19,XQJ10000000026180736,订单明细20260329030624.xlsx
兰州(黑中支),300.0,263.0,0.0,0.0,2026-01-19,XQJ10000000026180736,订单明细20260329030624.xlsx
兰州(黑中支),300.0,263.0,0.0,0.0,2026-01-19,XQJ10000000026180736,订单明细20260329030624.xlsx
兰州(黑中支),300.0,263.0,0.0,0.0,2026-01-19,XQJ10000000026180736,订单明细20260329030624.xlsx
兰州(黑中支),300.0,263.0,0.0,0.0,2026-01-19,XQJ10000000026180736,订单明细20260329030624.xlsx
兰州(黑中支),300.0,263.0,0.0,0.0,2026-01-19,XQJ10000000026180736,订单明细20260329030624.xlsx
冬虫夏草(双中支),400.0,339.2,0.0,0.0,2026-01-19,XQJ10000000026180736,订单明细20260329030624.xlsx
冬虫夏草(双中支),400.0,339.2,0.0,0.0,2026-01-19,XQJ10000000026180736,订单明细20260329030624.xlsx
冬虫夏草(双中支),400.0,339.2,0.0,0.0,2026-01-19,XQJ10000000026180736,订单明细20260329030624.xlsx
冬虫夏草(双中支),400.0,339.2,0.0,0.0,2026-01-19,XQJ10000000026180736,订单明细20260329030624.xlsx
冬虫夏草(双中支),400.0,339.2,0.0,0.0,2026-01-19,XQJ10000000026180736,订单明细20260329030624.xlsx
冬虫夏草(双中支),400.0,339.2,0.0,0.0,2026-01-19,XQJ10000000026180736,订单明细20260329030624.xlsx
冬虫夏草(和润),600.0,424.0,0.0,0.0,2026-01-19,XQJ10000000026180736,订单明细20260329030624.xlsx
冬虫夏草(和润),600.0,424.0,0.0,0.0,2026-01-19,XQJ10000000026180736,订单明细20260329030624.xlsx
冬虫夏草(和润),600.0,424.0,0.0,0.0,2026-01-19,XQJ10000000026180736,订单明细20260329030624.xlsx
冬虫夏草(和润),600.0,424.0,0.0,0.0,2026-01-19,XQJ10000000026180736,订单明细20260329030624.xlsx
冬虫夏草(和润),600.0,424.0,0.0,0.0,2026-01-19,XQJ10000000026180736,订单明细20260329030624.xlsx
冬虫夏草(和润),600.0,424.0,0.0,0.0,2026-01-19,XQJ10000000026180736,订单明细20260329030624.xlsx
利群(休闲细支),1000.0,848.0,1.0,848.0,2026-01-19,XQJ10000000026180736,订单明细20260329030624.xlsx
利群(休闲细支),1000.0,848.0,1.0,848.0,2026-01-19,XQJ10000000026180736,订单明细20260329030624.xlsx
利群(休闲细支),1000.0,848.0,1.0,848.0,2026-01-19,XQJ10000000026180736,订单明细20260329030624.xlsx
利群(休闲细支),1000.0,848.0,1.0,848.0,2026-01-19,XQJ10000000026180736,订单明细20260329030624.xlsx
利群(休闲细支),1000.0,848.0,1.0,848.0,2026-01-19,XQJ10000000026180736,订单明细20260329030624.xlsx
利群(休闲细支),1000.0,848.0,1.0,848.0,2026-01-19,XQJ10000000026180736,订单明细20260329030624.xlsx
利群(新版),160.0,143.1,0.0,0.0,2026-01-19,XQJ10000000026180736,订单明细20260329030624.xlsx
利群(新版),160.0,143.1,0.0,0.0,2026-01-19,XQJ10000000026180736,订单明细20260329030624.xlsx
利群(新版),160.0,143.1,0.0,0.0,2026-01-19,XQJ10000000026180736,订单明细20260329030624.xlsx
利群(新版),160.0,143.1,0.0,0.0,2026-01-19,XQJ10000000026180736,订单明细20260329030624.xlsx
利群(新版),160.0,143.1,0.0,0.0,2026-01-19,XQJ10000000026180736,订单明细20260329030624.xlsx
利群(新版),160.0,143.1,0.0,0.0,2026-01-19,XQJ10000000026180736,订单明细20260329030624.xlsx
利群(江南韵),260.0,225.0,0.0,0.0,2026-01-19,XQJ10000000026180736,订单明细20260329030624.xlsx
利群(江南韵),260.0,225.0,0.0,0.0,2026-01-19,XQJ10000000026180736,订单明细20260329030624.xlsx
利群(江南韵),260.0,225.0,0.0,0.0,2026-01-19,XQJ10000000026180736,订单明细20260329030624.xlsx
利群(江南韵),260.0,225.0,0.0,0.0,2026-01-19,XQJ10000000026180736,订单明细20260329030624.xlsx
利群(江南韵),260.0,225.0,0.0,0.0,2026-01-19,XQJ10000000026180736,订单明细20260329030624.xlsx
利群(江南韵),260.0,225.0,0.0,0.0,2026-01-19,XQJ10000000026180736,订单明细20260329030624.xlsx
利群(西子阳光),310.0,275.6,0.0,0.0,2026-01-19,XQJ10000000026180736,订单明细20260329030624.xlsx
利群(西子阳光),310.0,275.6,0.0,0.0,2026-01-19,XQJ10000000026180736,订单明细20260329030624.xlsx
利群(西子阳光),310.0,275.6,0.0,0.0,2026-01-19,XQJ10000000026180736,订单明细20260329030624.xlsx
利群(西子阳光),310.0,275.6,0.0,0.0,2026-01-19,XQJ10000000026180736,订单明细20260329030624.xlsx
利群(西子阳光),310.0,275.6,0.0,0.0,2026-01-19,XQJ10000000026180736,订单明细20260329030624.xlsx
利群(西子阳光),310.0,275.6,0.0,0.0,2026-01-19,XQJ10000000026180736,订单明细20260329030624.xlsx
利群(软蓝),180.0,159.0,1.0,159.0,2026-01-19,XQJ10000000026180736,订单明细20260329030624.xlsx
利群(软蓝),180.0,159.0,1.0,159.0,2026-01-19,XQJ10000000026180736,订单明细20260329030624.xlsx
利群(软蓝),180.0,159.0,1.0,159.0,2026-01-19,XQJ10000000026180736,订单明细20260329030624.xlsx
利群(软蓝),180.0,159.0,1.0,159.0,2026-01-19,XQJ10000000026180736,订单明细20260329030624.xlsx
利群(软蓝),180.0,159.0,1.0,159.0,2026-01-19,XQJ10000000026180736,订单明细20260329030624.xlsx
利群(软蓝),180.0,159.0,1.0,159.0,2026-01-19,XQJ10000000026180736,订单明细20260329030624.xlsx
利群(软长嘴),360.0,318.0,2.0,636.0,2026-01-19,XQJ10000000026180736,订单明细20260329030624.xlsx
利群(软长嘴),360.0,318.0,2.0,636.0,2026-01-19,XQJ10000000026180736,订单明细20260329030624.xlsx
利群(软长嘴),360.0,318.0,2.0,636.0,2026-01-19,XQJ10000000026180736,订单明细20260329030624.xlsx
利群(软长嘴),360.0,318.0,2.0,636.0,2026-01-19,XQJ10000000026180736,订单明细20260329030624.xlsx
利群(软长嘴),360.0,318.0,2.0,636.0,2026-01-19,XQJ10000000026180736,订单明细20260329030624.xlsx
利群(软长嘴),360.0,318.0,2.0,636.0,2026-01-19,XQJ10000000026180736,订单明细20260329030624.xlsx
利群(长嘴),220.0,190.8,0.0,0.0,2026-01-19,XQJ10000000026180736,订单明细20260329030624.xlsx
利群(长嘴),220.0,190.8,0.0,0.0,2026-01-19,XQJ10000000026180736,订单明细20260329030624.xlsx
利群(长嘴),220.0,190.8,0.0,0.0,2026-01-19,XQJ10000000026180736,订单明细20260329030624.xlsx
利群(长嘴),220.0,190.8,0.0,0.0,2026-01-19,XQJ10000000026180736,订单明细20260329030624.xlsx
利群(长嘴),220.0,190.8,0.0,0.0,2026-01-19,XQJ10000000026180736,订单明细20260329030624.xlsx
利群(长嘴),220.0,190.8,0.0,0.0,2026-01-19,XQJ10000000026180736,订单明细20260329030624.xlsx
利群(阳光尊中支),400.0,339.2,1.0,339.2,2026-01-19,XQJ10000000026180736,订单明细20260329030624.xlsx
利群(阳光尊中支),400.0,339.2,1.0,339.2,2026-01-19,XQJ10000000026180736,订单明细20260329030624.xlsx
利群(阳光尊中支),400.0,339.2,1.0,339.2,2026-01-19,XQJ10000000026180736,订单明细20260329030624.xlsx
利群(阳光尊中支),400.0,339.2,1.0,339.2,2026-01-19,XQJ10000000026180736,订单明细20260329030624.xlsx
利群(阳光尊中支),400.0,339.2,1.0,339.2,2026-01-19,XQJ10000000026180736,订单明细20260329030624.xlsx
利群(阳光尊中支),400.0,339.2,1.0,339.2,2026-01-19,XQJ10000000026180736,订单明细20260329030624.xlsx
利群(阳光细支),400.0,339.2,0.0,0.0,2026-01-19,XQJ10000000026180736,订单明细20260329030624.xlsx
利群(阳光细支),400.0,339.2,0.0,0.0,2026-01-19,XQJ10000000026180736,订单明细20260329030624.xlsx
利群(阳光细支),400.0,339.2,0.0,0.0,2026-01-19,XQJ10000000026180736,订单明细20260329030624.xlsx
利群(阳光细支),400.0,339.2,0.0,0.0,2026-01-19,XQJ10000000026180736,订单明细20260329030624.xlsx
利群(阳光细支),400.0,339.2,0.0,0.0,2026-01-19,XQJ10000000026180736,订单明细20260329030624.xlsx
利群(阳光细支),400.0,339.2,0.0,0.0,2026-01-19,XQJ10000000026180736,订单明细20260329030624.xlsx
南京(十二钗烤烟),280.0,243.8,1.0,243.8,2026-01-19,XQJ10000000026180736,订单明细20260329030624.xlsx
南京(十二钗烤烟),280.0,243.8,1.0,243.8,2026-01-19,XQJ10000000026180736,订单明细20260329030624.xlsx
南京(十二钗烤烟),280.0,243.8,1.0,243.8,2026-01-19,XQJ10000000026180736,订单明细20260329030624.xlsx
南京(十二钗烤烟),280.0,243.8,1.0,243.8,2026-01-19,XQJ10000000026180736,订单明细20260329030624.xlsx
南京(十二钗烤烟),280.0,243.8,1.0,243.8,2026-01-19,XQJ10000000026180736,订单明细20260329030624.xlsx
南京(十二钗烤烟),280.0,243.8,1.0,243.8,2026-01-19,XQJ10000000026180736,订单明细20260329030624.xlsx
南京(十二钗薄荷),220.0,188.68,0.0,0.0,2026-01-19,XQJ10000000026180736,订单明细20260329030624.xlsx
南京(十二钗薄荷),220.0,188.68,0.0,0.0,2026-01-19,XQJ10000000026180736,订单明细20260329030624.xlsx
南京(十二钗薄荷),220.0,188.68,0.0,0.0,2026-01-19,XQJ10000000026180736,订单明细20260329030624.xlsx
南京(十二钗薄荷),220.0,188.68,0.0,0.0,2026-01-19,XQJ10000000026180736,订单明细20260329030624.xlsx
南京(十二钗薄荷),220.0,188.68,0.0,0.0,2026-01-19,XQJ10000000026180736,订单明细20260329030624.xlsx
南京(十二钗薄荷),220.0,188.68,0.0,0.0,2026-01-19,XQJ10000000026180736,订单明细20260329030624.xlsx
南京(大观园爆冰),300.0,263.0,0.0,0.0,2026-01-19,XQJ10000000026180736,订单明细20260329030624.xlsx
南京(大观园爆冰),300.0,263.0,0.0,0.0,2026-01-19,XQJ10000000026180736,订单明细20260329030624.xlsx
南京(大观园爆冰),300.0,263.0,0.0,0.0,2026-01-19,XQJ10000000026180736,订单明细20260329030624.xlsx
南京(大观园爆冰),300.0,263.0,0.0,0.0,2026-01-19,XQJ10000000026180736,订单明细20260329030624.xlsx
南京(大观园爆冰),300.0,263.0,0.0,0.0,2026-01-19,XQJ10000000026180736,订单明细20260329030624.xlsx
南京(大观园爆冰),300.0,263.0,0.0,0.0,2026-01-19,XQJ10000000026180736,订单明细20260329030624.xlsx
南京(梦都),200.0,175.0,1.0,175.0,2026-01-19,XQJ10000000026180736,订单明细20260329030624.xlsx
南京(梦都),200.0,175.0,1.0,175.0,2026-01-19,XQJ10000000026180736,订单明细20260329030624.xlsx
南京(梦都),200.0,175.0,1.0,175.0,2026-01-19,XQJ10000000026180736,订单明细20260329030624.xlsx
南京(梦都),200.0,175.0,1.0,175.0,2026-01-19,XQJ10000000026180736,订单明细20260329030624.xlsx
南京(梦都),200.0,175.0,1.0,175.0,2026-01-19,XQJ10000000026180736,订单明细20260329030624.xlsx
南京(梦都),200.0,175.0,1.0,175.0,2026-01-19,XQJ10000000026180736,订单明细20260329030624.xlsx
南京(炫赫门),180.0,155.0,0.0,0.0,2026-01-19,XQJ10000000026180736,订单明细20260329030624.xlsx
南京(炫赫门),180.0,155.0,0.0,0.0,2026-01-19,XQJ10000000026180736,订单明细20260329030624.xlsx
南京(炫赫门),180.0,155.0,0.0,0.0,2026-01-19,XQJ10000000026180736,订单明细20260329030624.xlsx
南京(炫赫门),180.0,155.0,0.0,0.0,2026-01-19,XQJ10000000026180736,订单明细20260329030624.xlsx
南京(炫赫门),180.0,155.0,0.0,0.0,2026-01-19,XQJ10000000026180736,订单明细20260329030624.xlsx
南京(炫赫门),180.0,155.0,0.0,0.0,2026-01-19,XQJ10000000026180736,订单明细20260329030624.xlsx
南京(细支九五),1000.0,678.4,0.0,0.0,2026-01-19,XQJ10000000026180736,订单明细20260329030624.xlsx
南京(细支九五),1000.0,678.4,0.0,0.0,2026-01-19,XQJ10000000026180736,订单明细20260329030624.xlsx
南京(细支九五),1000.0,678.4,0.0,0.0,2026-01-19,XQJ10000000026180736,订单明细20260329030624.xlsx
南京(细支九五),1000.0,678.4,0.0,0.0,2026-01-19,XQJ10000000026180736,订单明细20260329030624.xlsx
南京(细支九五),1000.0,678.4,0.0,0.0,2026-01-19,XQJ10000000026180736,订单明细20260329030624.xlsx
南京(细支九五),1000.0,678.4,0.0,0.0,2026-01-19,XQJ10000000026180736,订单明细20260329030624.xlsx
南京(软九五),1000.0,720.8,0.0,0.0,2026-01-19,XQJ10000000026180736,订单明细20260329030624.xlsx
南京(软九五),1000.0,720.8,0.0,0.0,2026-01-19,XQJ10000000026180736,订单明细20260329030624.xlsx
南京(软九五),1000.0,720.8,0.0,0.0,2026-01-19,XQJ10000000026180736,订单明细20260329030624.xlsx
南京(软九五),1000.0,720.8,0.0,0.0,2026-01-19,XQJ10000000026180736,订单明细20260329030624.xlsx
南京(软九五),1000.0,720.8,0.0,0.0,2026-01-19,XQJ10000000026180736,订单明细20260329030624.xlsx
南京(软九五),1000.0,720.8,0.0,0.0,2026-01-19,XQJ10000000026180736,订单明细20260329030624.xlsx
南京(雨花石),530.0,455.8,2.0,911.6,2026-01-19,XQJ10000000026180736,订单明细20260329030624.xlsx
南京(雨花石),530.0,455.8,2.0,911.6,2026-01-19,XQJ10000000026180736,订单明细20260329030624.xlsx
南京(雨花石),530.0,455.8,2.0,911.6,2026-01-19,XQJ10000000026180736,订单明细20260329030624.xlsx
南京(雨花石),530.0,455.8,2.0,911.6,2026-01-19,XQJ10000000026180736,订单明细20260329030624.xlsx
南京(雨花石),530.0,455.8,2.0,911.6,2026-01-19,XQJ10000000026180736,订单明细20260329030624.xlsx
南京(雨花石),530.0,455.8,2.0,911.6,2026-01-19,XQJ10000000026180736,订单明细20260329030624.xlsx
双喜(勿忘我),200.0,175.0,0.0,0.0,2026-01-19,XQJ10000000026180736,订单明细20260329030624.xlsx
双喜(勿忘我),200.0,175.0,0.0,0.0,2026-01-19,XQJ10000000026180736,订单明细20260329030624.xlsx
双喜(勿忘我),200.0,175.0,0.0,0.0,2026-01-19,XQJ10000000026180736,订单明细20260329030624.xlsx
双喜(勿忘我),200.0,175.0,0.0,0.0,2026-01-19,XQJ10000000026180736,订单明细20260329030624.xlsx
双喜(勿忘我),200.0,175.0,0.0,0.0,2026-01-19,XQJ10000000026180736,订单明细20260329030624.xlsx
双喜(勿忘我),200.0,175.0,0.0,0.0,2026-01-19,XQJ10000000026180736,订单明细20260329030624.xlsx
双喜(春天˙咖路里),260.0,225.0,0.0,0.0,2026-01-19,XQJ10000000026180736,订单明细20260329030624.xlsx
双喜(春天˙咖路里),260.0,225.0,0.0,0.0,2026-01-19,XQJ10000000026180736,订单明细20260329030624.xlsx
双喜(春天˙咖路里),260.0,225.0,0.0,0.0,2026-01-19,XQJ10000000026180736,订单明细20260329030624.xlsx
双喜(春天˙咖路里),260.0,225.0,0.0,0.0,2026-01-19,XQJ10000000026180736,订单明细20260329030624.xlsx
双喜(春天˙咖路里),260.0,225.0,0.0,0.0,2026-01-19,XQJ10000000026180736,订单明细20260329030624.xlsx
双喜(春天˙咖路里),260.0,225.0,0.0,0.0,2026-01-19,XQJ10000000026180736,订单明细20260329030624.xlsx
双喜(春天白月光),300.0,263.0,1.0,263.0,2026-01-19,XQJ10000000026180736,订单明细20260329030624.xlsx
双喜(春天白月光),300.0,263.0,1.0,263.0,2026-01-19,XQJ10000000026180736,订单明细20260329030624.xlsx
双喜(春天白月光),300.0,263.0,1.0,263.0,2026-01-19,XQJ10000000026180736,订单明细20260329030624.xlsx
双喜(春天白月光),300.0,263.0,1.0,263.0,2026-01-19,XQJ10000000026180736,订单明细20260329030624.xlsx
双喜(春天白月光),300.0,263.0,1.0,263.0,2026-01-19,XQJ10000000026180736,订单明细20260329030624.xlsx
双喜(春天白月光),300.0,263.0,1.0,263.0,2026-01-19,XQJ10000000026180736,订单明细20260329030624.xlsx
双喜(硬经典1906),170.0,150.52,1.0,150.52,2026-01-19,XQJ10000000026180736,订单明细20260329030624.xlsx
双喜(硬经典1906),170.0,150.52,1.0,150.52,2026-01-19,XQJ10000000026180736,订单明细20260329030624.xlsx
双喜(硬经典1906),170.0,150.52,1.0,150.52,2026-01-19,XQJ10000000026180736,订单明细20260329030624.xlsx
双喜(硬经典1906),170.0,150.52,1.0,150.52,2026-01-19,XQJ10000000026180736,订单明细20260329030624.xlsx
双喜(硬经典1906),170.0,150.52,1.0,150.52,2026-01-19,XQJ10000000026180736,订单明细20260329030624.xlsx
双喜(硬经典1906),170.0,150.52,1.0,150.52,2026-01-19,XQJ10000000026180736,订单明细20260329030624.xlsx
大华(硬大时代),180.0,143.1,0.0,0.0,2026-01-19,XQJ10000000026180736,订单明细20260329030624.xlsx
大华(硬大时代),180.0,143.1,0.0,0.0,2026-01-19,XQJ10000000026180736,订单明细20260329030624.xlsx
大华(硬大时代),180.0,143.1,0.0,0.0,2026-01-19,XQJ10000000026180736,订单明细20260329030624.xlsx
大华(硬大时代),180.0,143.1,0.0,0.0,2026-01-19,XQJ10000000026180736,订单明细20260329030624.xlsx
大华(硬大时代),180.0,143.1,0.0,0.0,2026-01-19,XQJ10000000026180736,订单明细20260329030624.xlsx
大华(硬大时代),180.0,143.1,0.0,0.0,2026-01-19,XQJ10000000026180736,订单明细20260329030624.xlsx
大华(硬开元),280.0,245.0,0.0,0.0,2026-01-19,XQJ10000000026180736,订单明细20260329030624.xlsx
大华(硬开元),280.0,245.0,0.0,0.0,2026-01-19,XQJ10000000026180736,订单明细20260329030624.xlsx
大华(硬开元),280.0,245.0,0.0,0.0,2026-01-19,XQJ10000000026180736,订单明细20260329030624.xlsx
大华(硬开元),280.0,245.0,0.0,0.0,2026-01-19,XQJ10000000026180736,订单明细20260329030624.xlsx
大华(硬开元),280.0,245.0,0.0,0.0,2026-01-19,XQJ10000000026180736,订单明细20260329030624.xlsx
大华(硬开元),280.0,245.0,0.0,0.0,2026-01-19,XQJ10000000026180736,订单明细20260329030624.xlsx
大卫杜夫(经典2号),4750.0,3310.75,0.0,0.0,2026-01-19,XQJ10000000026180736,订单明细20260329030624.xlsx
大卫杜夫(经典2号),4750.0,3310.75,0.0,0.0,2026-01-19,XQJ10000000026180736,订单明细20260329030624.xlsx
大卫杜夫(经典2号),4750.0,3310.75,0.0,0.0,2026-01-19,XQJ10000000026180736,订单明细20260329030624.xlsx
大卫杜夫(经典2号),4750.0,3310.75,0.0,0.0,2026-01-19,XQJ10000000026180736,订单明细20260329030624.xlsx
大卫杜夫(经典2号),4750.0,3310.75,0.0,0.0,2026-01-19,XQJ10000000026180736,订单明细20260329030624.xlsx
大卫杜夫(经典2号),4750.0,3310.75,0.0,0.0,2026-01-19,XQJ10000000026180736,订单明细20260329030624.xlsx
大卫杜夫(至暗时刻罗伯斯特),7000.0,4959.0,0.0,0.0,2026-01-19,XQJ10000000026180736,订单明细20260329030624.xlsx
大卫杜夫(至暗时刻罗伯斯特),7000.0,4959.0,0.0,0.0,2026-01-19,XQJ10000000026180736,订单明细20260329030624.xlsx
大卫杜夫(至暗时刻罗伯斯特),7000.0,4959.0,0.0,0.0,2026-01-19,XQJ10000000026180736,订单明细20260329030624.xlsx
大卫杜夫(至暗时刻罗伯斯特),7000.0,4959.0,0.0,0.0,2026-01-19,XQJ10000000026180736,订单明细20260329030624.xlsx
大卫杜夫(至暗时刻罗伯斯特),7000.0,4959.0,0.0,0.0,2026-01-19,XQJ10000000026180736,订单明细20260329030624.xlsx
大卫杜夫(至暗时刻罗伯斯特),7000.0,4959.0,0.0,0.0,2026-01-19,XQJ10000000026180736,订单明细20260329030624.xlsx
天子(中支),250.0,201.4,0.0,0.0,2026-01-19,XQJ10000000026180736,订单明细20260329030624.xlsx
天子(中支),250.0,201.4,0.0,0.0,2026-01-19,XQJ10000000026180736,订单明细20260329030624.xlsx
天子(中支),250.0,201.4,0.0,0.0,2026-01-19,XQJ10000000026180736,订单明细20260329030624.xlsx
天子(中支),250.0,201.4,0.0,0.0,2026-01-19,XQJ10000000026180736,订单明细20260329030624.xlsx
天子(中支),250.0,201.4,0.0,0.0,2026-01-19,XQJ10000000026180736,订单明细20260329030624.xlsx
天子(中支),250.0,201.4,0.0,0.0,2026-01-19,XQJ10000000026180736,订单明细20260329030624.xlsx
天子(硬珍品龙凤呈祥),210.0,180.2,0.0,0.0,2026-01-19,XQJ10000000026180736,订单明细20260329030624.xlsx
天子(硬珍品龙凤呈祥),210.0,180.2,0.0,0.0,2026-01-19,XQJ10000000026180736,订单明细20260329030624.xlsx
天子(硬珍品龙凤呈祥),210.0,180.2,0.0,0.0,2026-01-19,XQJ10000000026180736,订单明细20260329030624.xlsx
天子(硬珍品龙凤呈祥),210.0,180.2,0.0,0.0,2026-01-19,XQJ10000000026180736,订单明细20260329030624.xlsx
天子(硬珍品龙凤呈祥),210.0,180.2,0.0,0.0,2026-01-19,XQJ10000000026180736,订单明细20260329030624.xlsx
天子(硬珍品龙凤呈祥),210.0,180.2,0.0,0.0,2026-01-19,XQJ10000000026180736,订单明细20260329030624.xlsx
天子(金),200.0,167.48,1.0,167.48,2026-01-19,XQJ10000000026180736,订单明细20260329030624.xlsx
天子(金),200.0,167.48,1.0,167.48,2026-01-19,XQJ10000000026180736,订单明细20260329030624.xlsx
天子(金),200.0,167.48,1.0,167.48,2026-01-19,XQJ10000000026180736,订单明细20260329030624.xlsx
天子(金),200.0,167.48,1.0,167.48,2026-01-19,XQJ10000000026180736,订单明细20260329030624.xlsx
天子(金),200.0,167.48,1.0,167.48,2026-01-19,XQJ10000000026180736,订单明细20260329030624.xlsx
天子(金),200.0,167.48,1.0,167.48,2026-01-19,XQJ10000000026180736,订单明细20260329030624.xlsx
好猫(细支长乐),160.0,139.92,0.0,0.0,2026-01-19,XQJ10000000026180736,订单明细20260329030624.xlsx
好猫(细支长乐),160.0,139.92,0.0,0.0,2026-01-19,XQJ10000000026180736,订单明细20260329030624.xlsx
好猫(细支长乐),160.0,139.92,0.0,0.0,2026-01-19,XQJ10000000026180736,订单明细20260329030624.xlsx
好猫(细支长乐),160.0,139.92,0.0,0.0,2026-01-19,XQJ10000000026180736,订单明细20260329030624.xlsx
好猫(细支长乐),160.0,139.92,0.0,0.0,2026-01-19,XQJ10000000026180736,订单明细20260329030624.xlsx
好猫(细支长乐),160.0,139.92,0.0,0.0,2026-01-19,XQJ10000000026180736,订单明细20260329030624.xlsx
好猫(长乐九美),200.0,175.0,1.0,175.0,2026-01-19,XQJ10000000026180736,订单明细20260329030624.xlsx
好猫(长乐九美),200.0,175.0,1.0,175.0,2026-01-19,XQJ10000000026180736,订单明细20260329030624.xlsx
好猫(长乐九美),200.0,175.0,1.0,175.0,2026-01-19,XQJ10000000026180736,订单明细20260329030624.xlsx
好猫(长乐九美),200.0,175.0,1.0,175.0,2026-01-19,XQJ10000000026180736,订单明细20260329030624.xlsx
好猫(长乐九美),200.0,175.0,1.0,175.0,2026-01-19,XQJ10000000026180736,订单明细20260329030624.xlsx
好猫(长乐九美),200.0,175.0,1.0,175.0,2026-01-19,XQJ10000000026180736,订单明细20260329030624.xlsx
威斯(小熊猫),100.0,88.0,0.0,0.0,2026-01-19,XQJ10000000026180736,订单明细20260329030624.xlsx
威斯(小熊猫),100.0,88.0,0.0,0.0,2026-01-19,XQJ10000000026180736,订单明细20260329030624.xlsx
威斯(小熊猫),100.0,88.0,0.0,0.0,2026-01-19,XQJ10000000026180736,订单明细20260329030624.xlsx
威斯(小熊猫),100.0,88.0,0.0,0.0,2026-01-19,XQJ10000000026180736,订单明细20260329030624.xlsx
威斯(小熊猫),100.0,88.0,0.0,0.0,2026-01-19,XQJ10000000026180736,订单明细20260329030624.xlsx
威斯(小熊猫),100.0,88.0,0.0,0.0,2026-01-19,XQJ10000000026180736,订单明细20260329030624.xlsx
娇子(X),110.0,97.0,0.0,0.0,2026-01-19,XQJ10000000026180736,订单明细20260329030624.xlsx
娇子(X),110.0,97.0,0.0,0.0,2026-01-19,XQJ10000000026180736,订单明细20260329030624.xlsx
娇子(X),110.0,97.0,0.0,0.0,2026-01-19,XQJ10000000026180736,订单明细20260329030624.xlsx
娇子(X),110.0,97.0,0.0,0.0,2026-01-19,XQJ10000000026180736,订单明细20260329030624.xlsx
娇子(X),110.0,97.0,0.0,0.0,2026-01-19,XQJ10000000026180736,订单明细20260329030624.xlsx
娇子(X),110.0,97.0,0.0,0.0,2026-01-19,XQJ10000000026180736,订单明细20260329030624.xlsx
娇子(宽窄锦上细支),300.0,263.0,0.0,0.0,2026-01-19,XQJ10000000026180736,订单明细20260329030624.xlsx
娇子(宽窄锦上细支),300.0,263.0,0.0,0.0,2026-01-19,XQJ10000000026180736,订单明细20260329030624.xlsx
娇子(宽窄锦上细支),300.0,263.0,0.0,0.0,2026-01-19,XQJ10000000026180736,订单明细20260329030624.xlsx
娇子(宽窄锦上细支),300.0,263.0,0.0,0.0,2026-01-19,XQJ10000000026180736,订单明细20260329030624.xlsx
娇子(宽窄锦上细支),300.0,263.0,0.0,0.0,2026-01-19,XQJ10000000026180736,订单明细20260329030624.xlsx
娇子(宽窄锦上细支),300.0,263.0,0.0,0.0,2026-01-19,XQJ10000000026180736,订单明细20260329030624.xlsx
娇子(格调细支),150.0,129.3,0.0,0.0,2026-01-19,XQJ10000000026180736,订单明细20260329030624.xlsx
娇子(格调细支),150.0,129.3,0.0,0.0,2026-01-19,XQJ10000000026180736,订单明细20260329030624.xlsx
娇子(格调细支),150.0,129.3,0.0,0.0,2026-01-19,XQJ10000000026180736,订单明细20260329030624.xlsx
娇子(格调细支),150.0,129.3,0.0,0.0,2026-01-19,XQJ10000000026180736,订单明细20260329030624.xlsx
娇子(格调细支),150.0,129.3,0.0,0.0,2026-01-19,XQJ10000000026180736,订单明细20260329030624.xlsx
娇子(格调细支),150.0,129.3,0.0,0.0,2026-01-19,XQJ10000000026180736,订单明细20260329030624.xlsx
寂静(红点系列白色罗布图),5200.0,3619.8,0.0,0.0,2026-01-19,XQJ10000000026180736,订单明细20260329030624.xlsx
寂静(红点系列白色罗布图),5200.0,3619.8,0.0,0.0,2026-01-19,XQJ10000000026180736,订单明细20260329030624.xlsx
寂静(红点系列白色罗布图),5200.0,3619.8,0.0,0.0,2026-01-19,XQJ10000000026180736,订单明细20260329030624.xlsx
寂静(红点系列白色罗布图),5200.0,3619.8,0.0,0.0,2026-01-19,XQJ10000000026180736,订单明细20260329030624.xlsx
寂静(红点系列白色罗布图),5200.0,3619.8,0.0,0.0,2026-01-19,XQJ10000000026180736,订单明细20260329030624.xlsx
寂静(红点系列白色罗布图),5200.0,3619.8,0.0,0.0,2026-01-19,XQJ10000000026180736,订单明细20260329030624.xlsx
寂静(红点系列罗步图),3750.0,2681.75,0.0,0.0,2026-01-19,XQJ10000000026180736,订单明细20260329030624.xlsx
寂静(红点系列罗步图),3750.0,2681.75,0.0,0.0,2026-01-19,XQJ10000000026180736,订单明细20260329030624.xlsx
寂静(红点系列罗步图),3750.0,2681.75,0.0,0.0,2026-01-19,XQJ10000000026180736,订单明细20260329030624.xlsx
寂静(红点系列罗步图),3750.0,2681.75,0.0,0.0,2026-01-19,XQJ10000000026180736,订单明细20260329030624.xlsx
寂静(红点系列罗步图),3750.0,2681.75,0.0,0.0,2026-01-19,XQJ10000000026180736,订单明细20260329030624.xlsx
寂静(红点系列罗步图),3750.0,2681.75,0.0,0.0,2026-01-19,XQJ10000000026180736,订单明细20260329030624.xlsx
富恩特(唐·卡洛斯罗布图),7375.0,5900.0,0.0,0.0,2026-01-19,XQJ10000000026180736,订单明细20260329030624.xlsx
富恩特(唐·卡洛斯罗布图),7375.0,5900.0,0.0,0.0,2026-01-19,XQJ10000000026180736,订单明细20260329030624.xlsx
富恩特(唐·卡洛斯罗布图),7375.0,5900.0,0.0,0.0,2026-01-19,XQJ10000000026180736,订单明细20260329030624.xlsx
富恩特(唐·卡洛斯罗布图),7375.0,5900.0,0.0,0.0,2026-01-19,XQJ10000000026180736,订单明细20260329030624.xlsx
富恩特(唐·卡洛斯罗布图),7375.0,5900.0,0.0,0.0,2026-01-19,XQJ10000000026180736,订单明细20260329030624.xlsx
富恩特(唐·卡洛斯罗布图),7375.0,5900.0,0.0,0.0,2026-01-19,XQJ10000000026180736,订单明细20260329030624.xlsx
富恩特(海明威短篇小说),6375.0,5100.0,0.0,0.0,2026-01-19,XQJ10000000026180736,订单明细20260329030624.xlsx
富恩特(海明威短篇小说),6375.0,5100.0,0.0,0.0,2026-01-19,XQJ10000000026180736,订单明细20260329030624.xlsx
富恩特(海明威短篇小说),6375.0,5100.0,0.0,0.0,2026-01-19,XQJ10000000026180736,订单明细20260329030624.xlsx
富恩特(海明威短篇小说),6375.0,5100.0,0.0,0.0,2026-01-19,XQJ10000000026180736,订单明细20260329030624.xlsx
富恩特(海明威短篇小说),6375.0,5100.0,0.0,0.0,2026-01-19,XQJ10000000026180736,订单明细20260329030624.xlsx
富恩特(海明威短篇小说),6375.0,5100.0,0.0,0.0,2026-01-19,XQJ10000000026180736,订单明细20260329030624.xlsx
富恩特(热带雨林),3750.0,2896.5,0.0,0.0,2026-01-19,XQJ10000000026180736,订单明细20260329030624.xlsx
富恩特(热带雨林),3750.0,2896.5,0.0,0.0,2026-01-19,XQJ10000000026180736,订单明细20260329030624.xlsx
富恩特(热带雨林),3750.0,2896.5,0.0,0.0,2026-01-19,XQJ10000000026180736,订单明细20260329030624.xlsx
富恩特(热带雨林),3750.0,2896.5,0.0,0.0,2026-01-19,XQJ10000000026180736,订单明细20260329030624.xlsx
富恩特(热带雨林),3750.0,2896.5,0.0,0.0,2026-01-19,XQJ10000000026180736,订单明细20260329030624.xlsx
富恩特(热带雨林),3750.0,2896.5,0.0,0.0,2026-01-19,XQJ10000000026180736,订单明细20260329030624.xlsx
富恩特(玛瑙56),7375.0,5900.0,0.0,0.0,2026-01-19,XQJ10000000026180736,订单明细20260329030624.xlsx
富恩特(玛瑙56),7375.0,5900.0,0.0,0.0,2026-01-19,XQJ10000000026180736,订单明细20260329030624.xlsx
富恩特(玛瑙56),7375.0,5900.0,0.0,0.0,2026-01-19,XQJ10000000026180736,订单明细20260329030624.xlsx
富恩特(玛瑙56),7375.0,5900.0,0.0,0.0,2026-01-19,XQJ10000000026180736,订单明细20260329030624.xlsx
富恩特(玛瑙56),7375.0,5900.0,0.0,0.0,2026-01-19,XQJ10000000026180736,订单明细20260329030624.xlsx
富恩特(玛瑙56),7375.0,5900.0,0.0,0.0,2026-01-19,XQJ10000000026180736,订单明细20260329030624.xlsx
富恩特(珍藏858),1950.0,1549.3,0.0,0.0,2026-01-19,XQJ10000000026180736,订单明细20260329030624.xlsx
富恩特(珍藏858),1950.0,1549.3,0.0,0.0,2026-01-19,XQJ10000000026180736,订单明细20260329030624.xlsx
富恩特(珍藏858),1950.0,1549.3,0.0,0.0,2026-01-19,XQJ10000000026180736,订单明细20260329030624.xlsx
富恩特(珍藏858),1950.0,1549.3,0.0,0.0,2026-01-19,XQJ10000000026180736,订单明细20260329030624.xlsx
富恩特(珍藏858),1950.0,1549.3,0.0,0.0,2026-01-19,XQJ10000000026180736,订单明细20260329030624.xlsx
富恩特(珍藏858),1950.0,1549.3,0.0,0.0,2026-01-19,XQJ10000000026180736,订单明细20260329030624.xlsx
将军(战神),230.0,161.0,0.0,0.0,2026-01-19,XQJ10000000026180736,订单明细20260329030624.xlsx
将军(战神),230.0,161.0,0.0,0.0,2026-01-19,XQJ10000000026180736,订单明细20260329030624.xlsx
将军(战神),230.0,161.0,0.0,0.0,2026-01-19,XQJ10000000026180736,订单明细20260329030624.xlsx
将军(战神),230.0,161.0,0.0,0.0,2026-01-19,XQJ10000000026180736,订单明细20260329030624.xlsx
将军(战神),230.0,161.0,0.0,0.0,2026-01-19,XQJ10000000026180736,订单明细20260329030624.xlsx
将军(战神),230.0,161.0,0.0,0.0,2026-01-19,XQJ10000000026180736,订单明细20260329030624.xlsx
将军(战神荣耀),1000.0,720.0,0.0,0.0,2026-01-19,XQJ10000000026180736,订单明细20260329030624.xlsx
将军(战神荣耀),1000.0,720.0,0.0,0.0,2026-01-19,XQJ10000000026180736,订单明细20260329030624.xlsx
将军(战神荣耀),1000.0,720.0,0.0,0.0,2026-01-19,XQJ10000000026180736,订单明细20260329030624.xlsx
将军(战神荣耀),1000.0,720.0,0.0,0.0,2026-01-19,XQJ10000000026180736,订单明细20260329030624.xlsx
将军(战神荣耀),1000.0,720.0,0.0,0.0,2026-01-19,XQJ10000000026180736,订单明细20260329030624.xlsx
将军(战神荣耀),1000.0,720.0,0.0,0.0,2026-01-19,XQJ10000000026180736,订单明细20260329030624.xlsx
工字(红),110.0,86.0,0.0,0.0,2026-01-19,XQJ10000000026180736,订单明细20260329030624.xlsx
工字(红),110.0,86.0,0.0,0.0,2026-01-19,XQJ10000000026180736,订单明细20260329030624.xlsx
工字(红),110.0,86.0,0.0,0.0,2026-01-19,XQJ10000000026180736,订单明细20260329030624.xlsx
工字(红),110.0,86.0,0.0,0.0,2026-01-19,XQJ10000000026180736,订单明细20260329030624.xlsx
工字(红),110.0,86.0,0.0,0.0,2026-01-19,XQJ10000000026180736,订单明细20260329030624.xlsx
工字(红),110.0,86.0,0.0,0.0,2026-01-19,XQJ10000000026180736,订单明细20260329030624.xlsx
帕特加(喜维亚四号),6750.0,4784.0,0.0,0.0,2026-01-19,XQJ10000000026180736,订单明细20260329030624.xlsx
帕特加(喜维亚四号),6750.0,4784.0,0.0,0.0,2026-01-19,XQJ10000000026180736,订单明细20260329030624.xlsx
帕特加(喜维亚四号),6750.0,4784.0,0.0,0.0,2026-01-19,XQJ10000000026180736,订单明细20260329030624.xlsx
帕特加(喜维亚四号),6750.0,4784.0,0.0,0.0,2026-01-19,XQJ10000000026180736,订单明细20260329030624.xlsx
帕特加(喜维亚四号),6750.0,4784.0,0.0,0.0,2026-01-19,XQJ10000000026180736,订单明细20260329030624.xlsx
帕特加(喜维亚四号),6750.0,4784.0,0.0,0.0,2026-01-19,XQJ10000000026180736,订单明细20260329030624.xlsx
泰山(3G水蜜桃二代),180.0,136.2,0.0,0.0,2026-01-19,XQJ10000000026180736,订单明细20260329030624.xlsx
泰山(3G水蜜桃二代),180.0,136.2,0.0,0.0,2026-01-19,XQJ10000000026180736,订单明细20260329030624.xlsx
泰山(3G水蜜桃二代),180.0,136.2,0.0,0.0,2026-01-19,XQJ10000000026180736,订单明细20260329030624.xlsx
泰山(3G水蜜桃二代),180.0,136.2,0.0,0.0,2026-01-19,XQJ10000000026180736,订单明细20260329030624.xlsx
泰山(3G水蜜桃二代),180.0,136.2,0.0,0.0,2026-01-19,XQJ10000000026180736,订单明细20260329030624.xlsx
泰山(3G水蜜桃二代),180.0,136.2,0.0,0.0,2026-01-19,XQJ10000000026180736,订单明细20260329030624.xlsx
泰山(儒风细支),300.0,263.0,0.0,0.0,2026-01-19,XQJ10000000026180736,订单明细20260329030624.xlsx
泰山(儒风细支),300.0,263.0,0.0,0.0,2026-01-19,XQJ10000000026180736,订单明细20260329030624.xlsx
泰山(儒风细支),300.0,263.0,0.0,0.0,2026-01-19,XQJ10000000026180736,订单明细20260329030624.xlsx
泰山(儒风细支),300.0,263.0,0.0,0.0,2026-01-19,XQJ10000000026180736,订单明细20260329030624.xlsx
泰山(儒风细支),300.0,263.0,0.0,0.0,2026-01-19,XQJ10000000026180736,订单明细20260329030624.xlsx
泰山(儒风细支),300.0,263.0,0.0,0.0,2026-01-19,XQJ10000000026180736,订单明细20260329030624.xlsx
泰山(巅峰5号),3000.0,1800.0,0.0,0.0,2026-01-19,XQJ10000000026180736,订单明细20260329030624.xlsx
泰山(巅峰5号),3000.0,1800.0,0.0,0.0,2026-01-19,XQJ10000000026180736,订单明细20260329030624.xlsx
泰山(巅峰5号),3000.0,1800.0,0.0,0.0,2026-01-19,XQJ10000000026180736,订单明细20260329030624.xlsx
泰山(巅峰5号),3000.0,1800.0,0.0,0.0,2026-01-19,XQJ10000000026180736,订单明细20260329030624.xlsx
泰山(巅峰5号),3000.0,1800.0,0.0,0.0,2026-01-19,XQJ10000000026180736,订单明细20260329030624.xlsx
泰山(巅峰5号),3000.0,1800.0,0.0,0.0,2026-01-19,XQJ10000000026180736,订单明细20260329030624.xlsx
泰山(巴哈马),260.0,196.0,0.0,0.0,2026-01-19,XQJ10000000026180736,订单明细20260329030624.xlsx
泰山(巴哈马),260.0,196.0,0.0,0.0,2026-01-19,XQJ10000000026180736,订单明细20260329030624.xlsx
泰山(巴哈马),260.0,196.0,0.0,0.0,2026-01-19,XQJ10000000026180736,订单明细20260329030624.xlsx
泰山(巴哈马),260.0,196.0,0.0,0.0,2026-01-19,XQJ10000000026180736,订单明细20260329030624.xlsx
泰山(巴哈马),260.0,196.0,0.0,0.0,2026-01-19,XQJ10000000026180736,订单明细20260329030624.xlsx
泰山(巴哈马),260.0,196.0,0.0,0.0,2026-01-19,XQJ10000000026180736,订单明细20260329030624.xlsx
泰山(心悦）,160.0,139.92,0.0,0.0,2026-01-19,XQJ10000000026180736,订单明细20260329030624.xlsx
泰山(心悦）,160.0,139.92,0.0,0.0,2026-01-19,XQJ10000000026180736,订单明细20260329030624.xlsx
泰山(心悦）,160.0,139.92,0.0,0.0,2026-01-19,XQJ10000000026180736,订单明细20260329030624.xlsx
泰山(心悦）,160.0,139.92,0.0,0.0,2026-01-19,XQJ10000000026180736,订单明细20260329030624.xlsx
泰山(心悦）,160.0,139.92,0.0,0.0,2026-01-19,XQJ10000000026180736,订单明细20260329030624.xlsx
泰山(心悦）,160.0,139.92,0.0,0.0,2026-01-19,XQJ10000000026180736,订单明细20260329030624.xlsx
泰山(战神2号),1440.0,864.0,0.0,0.0,2026-01-19,XQJ10000000026180736,订单明细20260329030624.xlsx
泰山(战神2号),1440.0,864.0,0.0,0.0,2026-01-19,XQJ10000000026180736,订单明细20260329030624.xlsx
泰山(战神2号),1440.0,864.0,0.0,0.0,2026-01-19,XQJ10000000026180736,订单明细20260329030624.xlsx
泰山(战神2号),1440.0,864.0,0.0,0.0,2026-01-19,XQJ10000000026180736,订单明细20260329030624.xlsx
泰山(战神2号),1440.0,864.0,0.0,0.0,2026-01-19,XQJ10000000026180736,订单明细20260329030624.xlsx
泰山(战神2号),1440.0,864.0,0.0,0.0,2026-01-19,XQJ10000000026180736,订单明细20260329030624.xlsx
泰山(战神5号),400.0,260.0,0.0,0.0,2026-01-19,XQJ10000000026180736,订单明细20260329030624.xlsx
泰山(战神5号),400.0,260.0,0.0,0.0,2026-01-19,XQJ10000000026180736,订单明细20260329030624.xlsx
泰山(战神5号),400.0,260.0,0.0,0.0,2026-01-19,XQJ10000000026180736,订单明细20260329030624.xlsx
泰山(战神5号),400.0,260.0,0.0,0.0,2026-01-19,XQJ10000000026180736,订单明细20260329030624.xlsx
泰山(战神5号),400.0,260.0,0.0,0.0,2026-01-19,XQJ10000000026180736,订单明细20260329030624.xlsx
泰山(战神5号),400.0,260.0,0.0,0.0,2026-01-19,XQJ10000000026180736,订单明细20260329030624.xlsx
泰山(战神6号),1440.0,864.0,0.0,0.0,2026-01-19,XQJ10000000026180736,订单明细20260329030624.xlsx
泰山(战神6号),1440.0,864.0,0.0,0.0,2026-01-19,XQJ10000000026180736,订单明细20260329030624.xlsx
泰山(战神6号),1440.0,864.0,0.0,0.0,2026-01-19,XQJ10000000026180736,订单明细20260329030624.xlsx
泰山(战神6号),1440.0,864.0,0.0,0.0,2026-01-19,XQJ10000000026180736,订单明细20260329030624.xlsx
泰山(战神6号),1440.0,864.0,0.0,0.0,2026-01-19,XQJ10000000026180736,订单明细20260329030624.xlsx
泰山(战神6号),1440.0,864.0,0.0,0.0,2026-01-19,XQJ10000000026180736,订单明细20260329030624.xlsx
泰山(战神白金),1600.0,960.0,0.0,0.0,2026-01-19,XQJ10000000026180736,订单明细20260329030624.xlsx
泰山(战神白金),1600.0,960.0,0.0,0.0,2026-01-19,XQJ10000000026180736,订单明细20260329030624.xlsx
泰山(战神白金),1600.0,960.0,0.0,0.0,2026-01-19,XQJ10000000026180736,订单明细20260329030624.xlsx
泰山(战神白金),1600.0,960.0,0.0,0.0,2026-01-19,XQJ10000000026180736,订单明细20260329030624.xlsx
泰山(战神白金),1600.0,960.0,0.0,0.0,2026-01-19,XQJ10000000026180736,订单明细20260329030624.xlsx
泰山(战神白金),1600.0,960.0,0.0,0.0,2026-01-19,XQJ10000000026180736,订单明细20260329030624.xlsx
泰山(战神黑金),2400.0,1440.0,0.0,0.0,2026-01-19,XQJ10000000026180736,订单明细20260329030624.xlsx
泰山(战神黑金),2400.0,1440.0,0.0,0.0,2026-01-19,XQJ10000000026180736,订单明细20260329030624.xlsx
泰山(战神黑金),2400.0,1440.0,0.0,0.0,2026-01-19,XQJ10000000026180736,订单明细20260329030624.xlsx
泰山(战神黑金),2400.0,1440.0,0.0,0.0,2026-01-19,XQJ10000000026180736,订单明细20260329030624.xlsx
泰山(战神黑金),2400.0,1440.0,0.0,0.0,2026-01-19,XQJ10000000026180736,订单明细20260329030624.xlsx
泰山(战神黑金),2400.0,1440.0,0.0,0.0,2026-01-19,XQJ10000000026180736,订单明细20260329030624.xlsx
泰山(硬红八喜),65.0,57.24,0.0,0.0,2026-01-19,XQJ10000000026180736,订单明细20260329030624.xlsx
泰山(硬红八喜),65.0,57.24,0.0,0.0,2026-01-19,XQJ10000000026180736,订单明细20260329030624.xlsx
泰山(硬红八喜),65.0,57.24,0.0,0.0,2026-01-19,XQJ10000000026180736,订单明细20260329030624.xlsx
泰山(硬红八喜),65.0,57.24,0.0,0.0,2026-01-19,XQJ10000000026180736,订单明细20260329030624.xlsx
泰山(硬红八喜),65.0,57.24,0.0,0.0,2026-01-19,XQJ10000000026180736,订单明细20260329030624.xlsx
泰山(硬红八喜),65.0,57.24,0.0,0.0,2026-01-19,XQJ10000000026180736,订单明细20260329030624.xlsx
泰山(茉莉香韵),500.0,424.0,0.0,0.0,2026-01-19,XQJ10000000026180736,订单明细20260329030624.xlsx
泰山(茉莉香韵),500.0,424.0,0.0,0.0,2026-01-19,XQJ10000000026180736,订单明细20260329030624.xlsx
泰山(茉莉香韵),500.0,424.0,0.0,0.0,2026-01-19,XQJ10000000026180736,订单明细20260329030624.xlsx
泰山(茉莉香韵),500.0,424.0,0.0,0.0,2026-01-19,XQJ10000000026180736,订单明细20260329030624.xlsx
泰山(茉莉香韵),500.0,424.0,0.0,0.0,2026-01-19,XQJ10000000026180736,订单明细20260329030624.xlsx
泰山(茉莉香韵),500.0,424.0,0.0,0.0,2026-01-19,XQJ10000000026180736,订单明细20260329030624.xlsx
泰山(颜悦),200.0,167.48,0.0,0.0,2026-01-19,XQJ10000000026180736,订单明细20260329030624.xlsx
泰山(颜悦),200.0,167.48,0.0,0.0,2026-01-19,XQJ10000000026180736,订单明细20260329030624.xlsx
泰山(颜悦),200.0,167.48,0.0,0.0,2026-01-19,XQJ10000000026180736,订单明细20260329030624.xlsx
泰山(颜悦),200.0,167.48,0.0,0.0,2026-01-19,XQJ10000000026180736,订单明细20260329030624.xlsx
泰山(颜悦),200.0,167.48,0.0,0.0,2026-01-19,XQJ10000000026180736,订单明细20260329030624.xlsx
泰山(颜悦),200.0,167.48,0.0,0.0,2026-01-19,XQJ10000000026180736,订单明细20260329030624.xlsx
潮牌(冠军),1600.0,1091.7,0.0,0.0,2026-01-19,XQJ10000000026180736,订单明细20260329030624.xlsx
潮牌(冠军),1600.0,1091.7,0.0,0.0,2026-01-19,XQJ10000000026180736,订单明细20260329030624.xlsx
潮牌(冠军),1600.0,1091.7,0.0,0.0,2026-01-19,XQJ10000000026180736,订单明细20260329030624.xlsx
潮牌(冠军),1600.0,1091.7,0.0,0.0,2026-01-19,XQJ10000000026180736,订单明细20260329030624.xlsx
潮牌(冠军),1600.0,1091.7,0.0,0.0,2026-01-19,XQJ10000000026180736,订单明细20260329030624.xlsx
潮牌(冠军),1600.0,1091.7,0.0,0.0,2026-01-19,XQJ10000000026180736,订单明细20260329030624.xlsx
熊猫(典藏中支),1200.0,1000.0,0.0,0.0,2026-01-19,XQJ10000000026180736,订单明细20260329030624.xlsx
熊猫(典藏中支),1200.0,1000.0,0.0,0.0,2026-01-19,XQJ10000000026180736,订单明细20260329030624.xlsx
熊猫(典藏中支),1200.0,1000.0,0.0,0.0,2026-01-19,XQJ10000000026180736,订单明细20260329030624.xlsx
熊猫(典藏中支),1200.0,1000.0,0.0,0.0,2026-01-19,XQJ10000000026180736,订单明细20260329030624.xlsx
熊猫(典藏中支),1200.0,1000.0,0.0,0.0,2026-01-19,XQJ10000000026180736,订单明细20260329030624.xlsx
熊猫(典藏中支),1200.0,1000.0,0.0,0.0,2026-01-19,XQJ10000000026180736,订单明细20260329030624.xlsx
熊猫(硬经典),1000.0,848.0,1.0,848.0,2026-01-19,XQJ10000000026180736,订单明细20260329030624.xlsx
熊猫(硬经典),1000.0,848.0,1.0,848.0,2026-01-19,XQJ10000000026180736,订单明细20260329030624.xlsx
熊猫(硬经典),1000.0,848.0,1.0,848.0,2026-01-19,XQJ10000000026180736,订单明细20260329030624.xlsx
熊猫(硬经典),1000.0,848.0,1.0,848.0,2026-01-19,XQJ10000000026180736,订单明细20260329030624.xlsx
熊猫(硬经典),1000.0,848.0,1.0,848.0,2026-01-19,XQJ10000000026180736,订单明细20260329030624.xlsx
熊猫(硬经典),1000.0,848.0,1.0,848.0,2026-01-19,XQJ10000000026180736,订单明细20260329030624.xlsx
熊猫(经典细支),1000.0,848.0,0.0,0.0,2026-01-19,XQJ10000000026180736,订单明细20260329030624.xlsx
熊猫(经典细支),1000.0,848.0,0.0,0.0,2026-01-19,XQJ10000000026180736,订单明细20260329030624.xlsx
熊猫(经典细支),1000.0,848.0,0.0,0.0,2026-01-19,XQJ10000000026180736,订单明细20260329030624.xlsx
熊猫(经典细支),1000.0,848.0,0.0,0.0,2026-01-19,XQJ10000000026180736,订单明细20260329030624.xlsx
熊猫(经典细支),1000.0,848.0,0.0,0.0,2026-01-19,XQJ10000000026180736,订单明细20260329030624.xlsx
熊猫(经典细支),1000.0,848.0,0.0,0.0,2026-01-19,XQJ10000000026180736,订单明细20260329030624.xlsx
爱喜幻变,240.0,207.97,0.0,0.0,2026-01-19,XQJ10000000026180736,订单明细20260329030624.xlsx
爱喜幻变,240.0,207.97,0.0,0.0,2026-01-19,XQJ10000000026180736,订单明细20260329030624.xlsx
爱喜幻变,240.0,207.97,0.0,0.0,2026-01-19,XQJ10000000026180736,订单明细20260329030624.xlsx
爱喜幻变,240.0,207.97,0.0,0.0,2026-01-19,XQJ10000000026180736,订单明细20260329030624.xlsx
爱喜幻变,240.0,207.97,0.0,0.0,2026-01-19,XQJ10000000026180736,订单明细20260329030624.xlsx
爱喜幻变,240.0,207.97,0.0,0.0,2026-01-19,XQJ10000000026180736,订单明细20260329030624.xlsx
爱喜薄荷,220.0,196.24,0.0,0.0,2026-01-19,XQJ10000000026180736,订单明细20260329030624.xlsx
爱喜薄荷,220.0,196.24,0.0,0.0,2026-01-19,XQJ10000000026180736,订单明细20260329030624.xlsx
爱喜薄荷,220.0,196.24,0.0,0.0,2026-01-19,XQJ10000000026180736,订单明细20260329030624.xlsx
爱喜薄荷,220.0,196.24,0.0,0.0,2026-01-19,XQJ10000000026180736,订单明细20260329030624.xlsx
爱喜薄荷,220.0,196.24,0.0,0.0,2026-01-19,XQJ10000000026180736,订单明细20260329030624.xlsx
爱喜薄荷,220.0,196.24,0.0,0.0,2026-01-19,XQJ10000000026180736,订单明细20260329030624.xlsx
牡丹(红中支),200.0,175.0,0.0,0.0,2026-01-19,XQJ10000000026180736,订单明细20260329030624.xlsx
牡丹(红中支),200.0,175.0,0.0,0.0,2026-01-19,XQJ10000000026180736,订单明细20260329030624.xlsx
牡丹(红中支),200.0,175.0,0.0,0.0,2026-01-19,XQJ10000000026180736,订单明细20260329030624.xlsx
牡丹(红中支),200.0,175.0,0.0,0.0,2026-01-19,XQJ10000000026180736,订单明细20260329030624.xlsx
牡丹(红中支),200.0,175.0,0.0,0.0,2026-01-19,XQJ10000000026180736,订单明细20260329030624.xlsx
牡丹(红中支),200.0,175.0,0.0,0.0,2026-01-19,XQJ10000000026180736,订单明细20260329030624.xlsx
牡丹(蓝中支),300.0,263.0,1.0,263.0,2026-01-19,XQJ10000000026180736,订单明细20260329030624.xlsx
牡丹(蓝中支),300.0,263.0,1.0,263.0,2026-01-19,XQJ10000000026180736,订单明细20260329030624.xlsx
牡丹(蓝中支),300.0,263.0,1.0,263.0,2026-01-19,XQJ10000000026180736,订单明细20260329030624.xlsx
牡丹(蓝中支),300.0,263.0,1.0,263.0,2026-01-19,XQJ10000000026180736,订单明细20260329030624.xlsx
牡丹(蓝中支),300.0,263.0,1.0,263.0,2026-01-19,XQJ10000000026180736,订单明细20260329030624.xlsx
牡丹(蓝中支),300.0,263.0,1.0,263.0,2026-01-19,XQJ10000000026180736,订单明细20260329030624.xlsx
牡丹(蓝彩细支),300.0,263.0,1.0,263.0,2026-01-19,XQJ10000000026180736,订单明细20260329030624.xlsx
牡丹(蓝彩细支),300.0,263.0,1.0,263.0,2026-01-19,XQJ10000000026180736,订单明细20260329030624.xlsx
牡丹(蓝彩细支),300.0,263.0,1.0,263.0,2026-01-19,XQJ10000000026180736,订单明细20260329030624.xlsx
牡丹(蓝彩细支),300.0,263.0,1.0,263.0,2026-01-19,XQJ10000000026180736,订单明细20260329030624.xlsx
牡丹(蓝彩细支),300.0,263.0,1.0,263.0,2026-01-19,XQJ10000000026180736,订单明细20260329030624.xlsx
牡丹(蓝彩细支),300.0,263.0,1.0,263.0,2026-01-19,XQJ10000000026180736,订单明细20260329030624.xlsx
牡丹(软),140.0,121.9,0.0,0.0,2026-01-19,XQJ10000000026180736,订单明细20260329030624.xlsx
牡丹(软),140.0,121.9,0.0,0.0,2026-01-19,XQJ10000000026180736,订单明细20260329030624.xlsx
牡丹(软),140.0,121.9,0.0,0.0,2026-01-19,XQJ10000000026180736,订单明细20260329030624.xlsx
牡丹(软),140.0,121.9,0.0,0.0,2026-01-19,XQJ10000000026180736,订单明细20260329030624.xlsx
牡丹(软),140.0,121.9,0.0,0.0,2026-01-19,XQJ10000000026180736,订单明细20260329030624.xlsx
牡丹(软),140.0,121.9,0.0,0.0,2026-01-19,XQJ10000000026180736,订单明细20260329030624.xlsx
狮牌(加勒比阳光),600.0,452.0,0.0,0.0,2026-01-19,XQJ10000000026180736,订单明细20260329030624.xlsx
狮牌(加勒比阳光),600.0,452.0,0.0,0.0,2026-01-19,XQJ10000000026180736,订单明细20260329030624.xlsx
狮牌(加勒比阳光),600.0,452.0,0.0,0.0,2026-01-19,XQJ10000000026180736,订单明细20260329030624.xlsx
狮牌(加勒比阳光),600.0,452.0,0.0,0.0,2026-01-19,XQJ10000000026180736,订单明细20260329030624.xlsx
狮牌(加勒比阳光),600.0,452.0,0.0,0.0,2026-01-19,XQJ10000000026180736,订单明细20260329030624.xlsx
狮牌(加勒比阳光),600.0,452.0,0.0,0.0,2026-01-19,XQJ10000000026180736,订单明细20260329030624.xlsx
玉溪(中支和谐),400.0,339.2,0.0,0.0,2026-01-19,XQJ10000000026180736,订单明细20260329030624.xlsx
玉溪(中支和谐),400.0,339.2,0.0,0.0,2026-01-19,XQJ10000000026180736,订单明细20260329030624.xlsx
玉溪(中支和谐),400.0,339.2,0.0,0.0,2026-01-19,XQJ10000000026180736,订单明细20260329030624.xlsx
玉溪(中支和谐),400.0,339.2,0.0,0.0,2026-01-19,XQJ10000000026180736,订单明细20260329030624.xlsx
玉溪(中支和谐),400.0,339.2,0.0,0.0,2026-01-19,XQJ10000000026180736,订单明细20260329030624.xlsx
玉溪(中支和谐),400.0,339.2,0.0,0.0,2026-01-19,XQJ10000000026180736,订单明细20260329030624.xlsx
玉溪(中支境界),600.0,510.0,1.0,510.0,2026-01-19,XQJ10000000026180736,订单明细20260329030624.xlsx
玉溪(中支境界),600.0,510.0,1.0,510.0,2026-01-19,XQJ10000000026180736,订单明细20260329030624.xlsx
玉溪(中支境界),600.0,510.0,1.0,510.0,2026-01-19,XQJ10000000026180736,订单明细20260329030624.xlsx
玉溪(中支境界),600.0,510.0,1.0,510.0,2026-01-19,XQJ10000000026180736,订单明细20260329030624.xlsx
玉溪(中支境界),600.0,510.0,1.0,510.0,2026-01-19,XQJ10000000026180736,订单明细20260329030624.xlsx
玉溪(中支境界),600.0,510.0,1.0,510.0,2026-01-19,XQJ10000000026180736,订单明细20260329030624.xlsx
玉溪(合顺),300.0,263.0,0.0,0.0,2026-01-19,XQJ10000000026180736,订单明细20260329030624.xlsx
玉溪(合顺),300.0,263.0,0.0,0.0,2026-01-19,XQJ10000000026180736,订单明细20260329030624.xlsx
玉溪(合顺),300.0,263.0,0.0,0.0,2026-01-19,XQJ10000000026180736,订单明细20260329030624.xlsx
玉溪(合顺),300.0,263.0,0.0,0.0,2026-01-19,XQJ10000000026180736,订单明细20260329030624.xlsx
玉溪(合顺),300.0,263.0,0.0,0.0,2026-01-19,XQJ10000000026180736,订单明细20260329030624.xlsx
玉溪(合顺),300.0,263.0,0.0,0.0,2026-01-19,XQJ10000000026180736,订单明细20260329030624.xlsx
玉溪(硬和谐),400.0,339.2,10.0,3392.0,2026-01-19,XQJ10000000026180736,订单明细20260329030624.xlsx
玉溪(硬和谐),400.0,339.2,10.0,3392.0,2026-01-19,XQJ10000000026180736,订单明细20260329030624.xlsx
玉溪(硬和谐),400.0,339.2,10.0,3392.0,2026-01-19,XQJ10000000026180736,订单明细20260329030624.xlsx
玉溪(硬和谐),400.0,339.2,10.0,3392.0,2026-01-19,XQJ10000000026180736,订单明细20260329030624.xlsx
玉溪(硬和谐),400.0,339.2,10.0,3392.0,2026-01-19,XQJ10000000026180736,订单明细20260329030624.xlsx
玉溪(硬和谐),400.0,339.2,10.0,3392.0,2026-01-19,XQJ10000000026180736,订单明细20260329030624.xlsx
玉溪(细支),300.0,263.0,0.0,0.0,2026-01-19,XQJ10000000026180736,订单明细20260329030624.xlsx
玉溪(细支),300.0,263.0,0.0,0.0,2026-01-19,XQJ10000000026180736,订单明细20260329030624.xlsx
玉溪(细支),300.0,263.0,0.0,0.0,2026-01-19,XQJ10000000026180736,订单明细20260329030624.xlsx
玉溪(细支),300.0,263.0,0.0,0.0,2026-01-19,XQJ10000000026180736,订单明细20260329030624.xlsx
玉溪(细支),300.0,263.0,0.0,0.0,2026-01-19,XQJ10000000026180736,订单明细20260329030624.xlsx
玉溪(细支),300.0,263.0,0.0,0.0,2026-01-19,XQJ10000000026180736,订单明细20260329030624.xlsx
玉溪(细支缤果爆),260.0,225.0,1.0,225.0,2026-01-19,XQJ10000000026180736,订单明细20260329030624.xlsx
玉溪(细支缤果爆),260.0,225.0,1.0,225.0,2026-01-19,XQJ10000000026180736,订单明细20260329030624.xlsx
玉溪(细支缤果爆),260.0,225.0,1.0,225.0,2026-01-19,XQJ10000000026180736,订单明细20260329030624.xlsx
玉溪(细支缤果爆),260.0,225.0,1.0,225.0,2026-01-19,XQJ10000000026180736,订单明细20260329030624.xlsx
玉溪(细支缤果爆),260.0,225.0,1.0,225.0,2026-01-19,XQJ10000000026180736,订单明细20260329030624.xlsx
玉溪(细支缤果爆),260.0,225.0,1.0,225.0,2026-01-19,XQJ10000000026180736,订单明细20260329030624.xlsx
玉溪(软),230.0,201.4,0.0,0.0,2026-01-19,XQJ10000000026180736,订单明细20260329030624.xlsx
玉溪(软),230.0,201.4,0.0,0.0,2026-01-19,XQJ10000000026180736,订单明细20260329030624.xlsx
玉溪(软),230.0,201.4,0.0,0.0,2026-01-19,XQJ10000000026180736,订单明细20260329030624.xlsx
玉溪(软),230.0,201.4,0.0,0.0,2026-01-19,XQJ10000000026180736,订单明细20260329030624.xlsx
玉溪(软),230.0,201.4,0.0,0.0,2026-01-19,XQJ10000000026180736,订单明细20260329030624.xlsx
玉溪(软),230.0,201.4,0.0,0.0,2026-01-19,XQJ10000000026180736,订单明细20260329030624.xlsx
玉溪(软初心),200.0,175.0,3.0,525.0,2026-01-19,XQJ10000000026180736,订单明细20260329030624.xlsx
玉溪(软初心),200.0,175.0,3.0,525.0,2026-01-19,XQJ10000000026180736,订单明细20260329030624.xlsx
玉溪(软初心),200.0,175.0,3.0,525.0,2026-01-19,XQJ10000000026180736,订单明细20260329030624.xlsx
玉溪(软初心),200.0,175.0,3.0,525.0,2026-01-19,XQJ10000000026180736,订单明细20260329030624.xlsx
玉溪(软初心),200.0,175.0,3.0,525.0,2026-01-19,XQJ10000000026180736,订单明细20260329030624.xlsx
玉溪(软初心),200.0,175.0,3.0,525.0,2026-01-19,XQJ10000000026180736,订单明细20260329030624.xlsx
玉溪(软尚善),280.0,243.8,25.0,6095.0,2026-01-19,XQJ10000000026180736,订单明细20260329030624.xlsx
玉溪(软尚善),280.0,243.8,25.0,6095.0,2026-01-19,XQJ10000000026180736,订单明细20260329030624.xlsx
玉溪(软尚善),280.0,243.8,25.0,6095.0,2026-01-19,XQJ10000000026180736,订单明细20260329030624.xlsx
玉溪(软尚善),280.0,243.8,25.0,6095.0,2026-01-19,XQJ10000000026180736,订单明细20260329030624.xlsx
玉溪(软尚善),280.0,243.8,25.0,6095.0,2026-01-19,XQJ10000000026180736,订单明细20260329030624.xlsx
玉溪(软尚善),280.0,243.8,25.0,6095.0,2026-01-19,XQJ10000000026180736,订单明细20260329030624.xlsx
玉溪(软阿诗玛),200.0,175.0,0.0,0.0,2026-01-19,XQJ10000000026180736,订单明细20260329030624.xlsx
玉溪(软阿诗玛),200.0,175.0,0.0,0.0,2026-01-19,XQJ10000000026180736,订单明细20260329030624.xlsx
玉溪(软阿诗玛),200.0,175.0,0.0,0.0,2026-01-19,XQJ10000000026180736,订单明细20260329030624.xlsx
玉溪(软阿诗玛),200.0,175.0,0.0,0.0,2026-01-19,XQJ10000000026180736,订单明细20260329030624.xlsx
玉溪(软阿诗玛),200.0,175.0,0.0,0.0,2026-01-19,XQJ10000000026180736,订单明细20260329030624.xlsx
玉溪(软阿诗玛),200.0,175.0,0.0,0.0,2026-01-19,XQJ10000000026180736,订单明细20260329030624.xlsx
玉溪(鑫中支),260.0,225.0,1.0,225.0,2026-01-19,XQJ10000000026180736,订单明细20260329030624.xlsx
玉溪(鑫中支),260.0,225.0,1.0,225.0,2026-01-19,XQJ10000000026180736,订单明细20260329030624.xlsx
玉溪(鑫中支),260.0,225.0,1.0,225.0,2026-01-19,XQJ10000000026180736,订单明细20260329030624.xlsx
玉溪(鑫中支),260.0,225.0,1.0,225.0,2026-01-19,XQJ10000000026180736,订单明细20260329030624.xlsx
玉溪(鑫中支),260.0,225.0,1.0,225.0,2026-01-19,XQJ10000000026180736,订单明细20260329030624.xlsx
玉溪(鑫中支),260.0,225.0,1.0,225.0,2026-01-19,XQJ10000000026180736,订单明细20260329030624.xlsx
王冠(20支),300.0,230.0,0.0,0.0,2026-01-19,XQJ10000000026180736,订单明细20260329030624.xlsx
王冠(20支),300.0,230.0,0.0,0.0,2026-01-19,XQJ10000000026180736,订单明细20260329030624.xlsx
王冠(20支),300.0,230.0,0.0,0.0,2026-01-19,XQJ10000000026180736,订单明细20260329030624.xlsx
王冠(20支),300.0,230.0,0.0,0.0,2026-01-19,XQJ10000000026180736,订单明细20260329030624.xlsx
王冠(20支),300.0,230.0,0.0,0.0,2026-01-19,XQJ10000000026180736,订单明细20260329030624.xlsx
王冠(20支),300.0,230.0,0.0,0.0,2026-01-19,XQJ10000000026180736,订单明细20260329030624.xlsx
王冠(假日·黄金海岸),540.0,420.0,0.0,0.0,2026-01-19,XQJ10000000026180736,订单明细20260329030624.xlsx
王冠(假日·黄金海岸),540.0,420.0,0.0,0.0,2026-01-19,XQJ10000000026180736,订单明细20260329030624.xlsx
王冠(假日·黄金海岸),540.0,420.0,0.0,0.0,2026-01-19,XQJ10000000026180736,订单明细20260329030624.xlsx
王冠(假日·黄金海岸),540.0,420.0,0.0,0.0,2026-01-19,XQJ10000000026180736,订单明细20260329030624.xlsx
王冠(假日·黄金海岸),540.0,420.0,0.0,0.0,2026-01-19,XQJ10000000026180736,订单明细20260329030624.xlsx
王冠(假日·黄金海岸),540.0,420.0,0.0,0.0,2026-01-19,XQJ10000000026180736,订单明细20260329030624.xlsx
王冠(冰咖MIX),400.0,304.0,0.0,0.0,2026-01-19,XQJ10000000026180736,订单明细20260329030624.xlsx
王冠(冰咖MIX),400.0,304.0,0.0,0.0,2026-01-19,XQJ10000000026180736,订单明细20260329030624.xlsx
王冠(冰咖MIX),400.0,304.0,0.0,0.0,2026-01-19,XQJ10000000026180736,订单明细20260329030624.xlsx
王冠(冰咖MIX),400.0,304.0,0.0,0.0,2026-01-19,XQJ10000000026180736,订单明细20260329030624.xlsx
王冠(冰咖MIX),400.0,304.0,0.0,0.0,2026-01-19,XQJ10000000026180736,订单明细20260329030624.xlsx
王冠(冰咖MIX),400.0,304.0,0.0,0.0,2026-01-19,XQJ10000000026180736,订单明细20260329030624.xlsx
王冠(原味1号),60.0,46.0,0.0,0.0,2026-01-19,XQJ10000000026180736,订单明细20260329030624.xlsx
王冠(原味1号),60.0,46.0,0.0,0.0,2026-01-19,XQJ10000000026180736,订单明细20260329030624.xlsx
王冠(原味1号),60.0,46.0,0.0,0.0,2026-01-19,XQJ10000000026180736,订单明细20260329030624.xlsx
王冠(原味1号),60.0,46.0,0.0,0.0,2026-01-19,XQJ10000000026180736,订单明细20260329030624.xlsx
王冠(原味1号),60.0,46.0,0.0,0.0,2026-01-19,XQJ10000000026180736,订单明细20260329030624.xlsx
王冠(原味1号),60.0,46.0,0.0,0.0,2026-01-19,XQJ10000000026180736,订单明细20260329030624.xlsx
王冠(原味9号),150.0,120.0,0.0,0.0,2026-01-19,XQJ10000000026180736,订单明细20260329030624.xlsx
王冠(原味9号),150.0,120.0,0.0,0.0,2026-01-19,XQJ10000000026180736,订单明细20260329030624.xlsx
王冠(原味9号),150.0,120.0,0.0,0.0,2026-01-19,XQJ10000000026180736,订单明细20260329030624.xlsx
王冠(原味9号),150.0,120.0,0.0,0.0,2026-01-19,XQJ10000000026180736,订单明细20260329030624.xlsx
王冠(原味9号),150.0,120.0,0.0,0.0,2026-01-19,XQJ10000000026180736,订单明细20260329030624.xlsx
王冠(原味9号),150.0,120.0,0.0,0.0,2026-01-19,XQJ10000000026180736,订单明细20260329030624.xlsx
王冠(塑2支全叶卷),130.0,100.0,0.0,0.0,2026-01-19,XQJ10000000026180736,订单明细20260329030624.xlsx
王冠(塑2支全叶卷),130.0,100.0,0.0,0.0,2026-01-19,XQJ10000000026180736,订单明细20260329030624.xlsx
王冠(塑2支全叶卷),130.0,100.0,0.0,0.0,2026-01-19,XQJ10000000026180736,订单明细20260329030624.xlsx
王冠(塑2支全叶卷),130.0,100.0,0.0,0.0,2026-01-19,XQJ10000000026180736,订单明细20260329030624.xlsx
王冠(塑2支全叶卷),130.0,100.0,0.0,0.0,2026-01-19,XQJ10000000026180736,订单明细20260329030624.xlsx
王冠(塑2支全叶卷),130.0,100.0,0.0,0.0,2026-01-19,XQJ10000000026180736,订单明细20260329030624.xlsx
王冠(小国粹),750.0,567.5,0.0,0.0,2026-01-19,XQJ10000000026180736,订单明细20260329030624.xlsx
王冠(小国粹),750.0,567.5,0.0,0.0,2026-01-19,XQJ10000000026180736,订单明细20260329030624.xlsx
王冠(小国粹),750.0,567.5,0.0,0.0,2026-01-19,XQJ10000000026180736,订单明细20260329030624.xlsx
王冠(小国粹),750.0,567.5,0.0,0.0,2026-01-19,XQJ10000000026180736,订单明细20260329030624.xlsx
王冠(小国粹),750.0,567.5,0.0,0.0,2026-01-19,XQJ10000000026180736,订单明细20260329030624.xlsx
王冠(小国粹),750.0,567.5,0.0,0.0,2026-01-19,XQJ10000000026180736,订单明细20260329030624.xlsx
王冠(梅兰竹菊),800.0,576.0,0.0,0.0,2026-01-19,XQJ10000000026180736,订单明细20260329030624.xlsx
王冠(梅兰竹菊),800.0,576.0,0.0,0.0,2026-01-19,XQJ10000000026180736,订单明细20260329030624.xlsx
王冠(梅兰竹菊),800.0,576.0,0.0,0.0,2026-01-19,XQJ10000000026180736,订单明细20260329030624.xlsx
王冠(梅兰竹菊),800.0,576.0,0.0,0.0,2026-01-19,XQJ10000000026180736,订单明细20260329030624.xlsx
王冠(梅兰竹菊),800.0,576.0,0.0,0.0,2026-01-19,XQJ10000000026180736,订单明细20260329030624.xlsx
王冠(梅兰竹菊),800.0,576.0,0.0,0.0,2026-01-19,XQJ10000000026180736,订单明细20260329030624.xlsx
王冠(经典铝2支全叶卷),350.0,262.0,0.0,0.0,2026-01-19,XQJ10000000026180736,订单明细20260329030624.xlsx
王冠(经典铝2支全叶卷),350.0,262.0,0.0,0.0,2026-01-19,XQJ10000000026180736,订单明细20260329030624.xlsx
王冠(经典铝2支全叶卷),350.0,262.0,0.0,0.0,2026-01-19,XQJ10000000026180736,订单明细20260329030624.xlsx
王冠(经典铝2支全叶卷),350.0,262.0,0.0,0.0,2026-01-19,XQJ10000000026180736,订单明细20260329030624.xlsx
王冠(经典铝2支全叶卷),350.0,262.0,0.0,0.0,2026-01-19,XQJ10000000026180736,订单明细20260329030624.xlsx
王冠(经典铝2支全叶卷),350.0,262.0,0.0,0.0,2026-01-19,XQJ10000000026180736,订单明细20260329030624.xlsx
王冠(茶香之茶马古道),950.0,480.0,0.0,0.0,2026-01-19,XQJ10000000026180736,订单明细20260329030624.xlsx
王冠(茶香之茶马古道),950.0,480.0,0.0,0.0,2026-01-19,XQJ10000000026180736,订单明细20260329030624.xlsx
王冠(茶香之茶马古道),950.0,480.0,0.0,0.0,2026-01-19,XQJ10000000026180736,订单明细20260329030624.xlsx
王冠(茶香之茶马古道),950.0,480.0,0.0,0.0,2026-01-19,XQJ10000000026180736,订单明细20260329030624.xlsx
王冠(茶香之茶马古道),950.0,480.0,0.0,0.0,2026-01-19,XQJ10000000026180736,订单明细20260329030624.xlsx
王冠(茶香之茶马古道),950.0,480.0,0.0,0.0,2026-01-19,XQJ10000000026180736,订单明细20260329030624.xlsx
王冠(蓝色假日),1000.0,755.0,0.0,0.0,2026-01-19,XQJ10000000026180736,订单明细20260329030624.xlsx
王冠(蓝色假日),1000.0,755.0,0.0,0.0,2026-01-19,XQJ10000000026180736,订单明细20260329030624.xlsx
王冠(蓝色假日),1000.0,755.0,0.0,0.0,2026-01-19,XQJ10000000026180736,订单明细20260329030624.xlsx
王冠(蓝色假日),1000.0,755.0,0.0,0.0,2026-01-19,XQJ10000000026180736,订单明细20260329030624.xlsx
王冠(蓝色假日),1000.0,755.0,0.0,0.0,2026-01-19,XQJ10000000026180736,订单明细20260329030624.xlsx
王冠(蓝色假日),1000.0,755.0,0.0,0.0,2026-01-19,XQJ10000000026180736,订单明细20260329030624.xlsx
白沙(和天下),1000.0,848.0,0.0,0.0,2026-01-19,XQJ10000000026180736,订单明细20260329030624.xlsx
白沙(和天下),1000.0,848.0,0.0,0.0,2026-01-19,XQJ10000000026180736,订单明细20260329030624.xlsx
白沙(和天下),1000.0,848.0,0.0,0.0,2026-01-19,XQJ10000000026180736,订单明细20260329030624.xlsx
白沙(和天下),1000.0,848.0,0.0,0.0,2026-01-19,XQJ10000000026180736,订单明细20260329030624.xlsx
白沙(和天下),1000.0,848.0,0.0,0.0,2026-01-19,XQJ10000000026180736,订单明细20260329030624.xlsx
白沙(和天下),1000.0,848.0,0.0,0.0,2026-01-19,XQJ10000000026180736,订单明细20260329030624.xlsx
白沙(和天下尊品中支),1200.0,1000.0,0.0,0.0,2026-01-19,XQJ10000000026180736,订单明细20260329030624.xlsx
白沙(和天下尊品中支),1200.0,1000.0,0.0,0.0,2026-01-19,XQJ10000000026180736,订单明细20260329030624.xlsx
白沙(和天下尊品中支),1200.0,1000.0,0.0,0.0,2026-01-19,XQJ10000000026180736,订单明细20260329030624.xlsx
白沙(和天下尊品中支),1200.0,1000.0,0.0,0.0,2026-01-19,XQJ10000000026180736,订单明细20260329030624.xlsx
白沙(和天下尊品中支),1200.0,1000.0,0.0,0.0,2026-01-19,XQJ10000000026180736,订单明细20260329030624.xlsx
白沙(和天下尊品中支),1200.0,1000.0,0.0,0.0,2026-01-19,XQJ10000000026180736,订单明细20260329030624.xlsx
白沙(和天下尊品细支),1000.0,848.0,1.0,848.0,2026-01-19,XQJ10000000026180736,订单明细20260329030624.xlsx
白沙(和天下尊品细支),1000.0,848.0,1.0,848.0,2026-01-19,XQJ10000000026180736,订单明细20260329030624.xlsx
白沙(和天下尊品细支),1000.0,848.0,1.0,848.0,2026-01-19,XQJ10000000026180736,订单明细20260329030624.xlsx
白沙(和天下尊品细支),1000.0,848.0,1.0,848.0,2026-01-19,XQJ10000000026180736,订单明细20260329030624.xlsx
白沙(和天下尊品细支),1000.0,848.0,1.0,848.0,2026-01-19,XQJ10000000026180736,订单明细20260329030624.xlsx
白沙(和天下尊品细支),1000.0,848.0,1.0,848.0,2026-01-19,XQJ10000000026180736,订单明细20260329030624.xlsx
白沙(硬和天下双中支),900.0,763.2,0.0,0.0,2026-01-19,XQJ10000000026180736,订单明细20260329030624.xlsx
白沙(硬和天下双中支),900.0,763.2,0.0,0.0,2026-01-19,XQJ10000000026180736,订单明细20260329030624.xlsx
白沙(硬和天下双中支),900.0,763.2,0.0,0.0,2026-01-19,XQJ10000000026180736,订单明细20260329030624.xlsx
白沙(硬和天下双中支),900.0,763.2,0.0,0.0,2026-01-19,XQJ10000000026180736,订单明细20260329030624.xlsx
白沙(硬和天下双中支),900.0,763.2,0.0,0.0,2026-01-19,XQJ10000000026180736,订单明细20260329030624.xlsx
白沙(硬和天下双中支),900.0,763.2,0.0,0.0,2026-01-19,XQJ10000000026180736,订单明细20260329030624.xlsx
白沙(硬天天向上细支),160.0,129.3,0.0,0.0,2026-01-19,XQJ10000000026180736,订单明细20260329030624.xlsx
白沙(硬天天向上细支),160.0,129.3,0.0,0.0,2026-01-19,XQJ10000000026180736,订单明细20260329030624.xlsx
白沙(硬天天向上细支),160.0,129.3,0.0,0.0,2026-01-19,XQJ10000000026180736,订单明细20260329030624.xlsx
白沙(硬天天向上细支),160.0,129.3,0.0,0.0,2026-01-19,XQJ10000000026180736,订单明细20260329030624.xlsx
白沙(硬天天向上细支),160.0,129.3,0.0,0.0,2026-01-19,XQJ10000000026180736,订单明细20260329030624.xlsx
白沙(硬天天向上细支),160.0,129.3,0.0,0.0,2026-01-19,XQJ10000000026180736,订单明细20260329030624.xlsx
白沙(硬细支和天下),1000.0,720.8,2.0,1441.6,2026-01-19,XQJ10000000026180736,订单明细20260329030624.xlsx
白沙(硬细支和天下),1000.0,720.8,2.0,1441.6,2026-01-19,XQJ10000000026180736,订单明细20260329030624.xlsx
白沙(硬细支和天下),1000.0,720.8,2.0,1441.6,2026-01-19,XQJ10000000026180736,订单明细20260329030624.xlsx
白沙(硬细支和天下),1000.0,720.8,2.0,1441.6,2026-01-19,XQJ10000000026180736,订单明细20260329030624.xlsx
白沙(硬细支和天下),1000.0,720.8,2.0,1441.6,2026-01-19,XQJ10000000026180736,订单明细20260329030624.xlsx
白沙(硬细支和天下),1000.0,720.8,2.0,1441.6,2026-01-19,XQJ10000000026180736,订单明细20260329030624.xlsx
白沙(软和天下),1000.0,720.8,6.0,4324.8,2026-01-19,XQJ10000000026180736,订单明细20260329030624.xlsx
白沙(软和天下),1000.0,720.8,6.0,4324.8,2026-01-19,XQJ10000000026180736,订单明细20260329030624.xlsx
白沙(软和天下),1000.0,720.8,6.0,4324.8,2026-01-19,XQJ10000000026180736,订单明细20260329030624.xlsx
白沙(软和天下),1000.0,720.8,6.0,4324.8,2026-01-19,XQJ10000000026180736,订单明细20260329030624.xlsx
白沙(软和天下),1000.0,720.8,6.0,4324.8,2026-01-19,XQJ10000000026180736,订单明细20260329030624.xlsx
白沙(软和天下),1000.0,720.8,6.0,4324.8,2026-01-19,XQJ10000000026180736,订单明细20260329030624.xlsx
白沙(长丰),70.0,61.5,0.0,0.0,2026-01-19,XQJ10000000026180736,订单明细20260329030624.xlsx
白沙(长丰),70.0,61.5,0.0,0.0,2026-01-19,XQJ10000000026180736,订单明细20260329030624.xlsx
白沙(长丰),70.0,61.5,0.0,0.0,2026-01-19,XQJ10000000026180736,订单明细20260329030624.xlsx
白沙(长丰),70.0,61.5,0.0,0.0,2026-01-19,XQJ10000000026180736,订单明细20260329030624.xlsx
白沙(长丰),70.0,61.5,0.0,0.0,2026-01-19,XQJ10000000026180736,订单明细20260329030624.xlsx
白沙(长丰),70.0,61.5,0.0,0.0,2026-01-19,XQJ10000000026180736,订单明细20260329030624.xlsx
真龙(凌云),150.0,121.9,0.0,0.0,2026-01-19,XQJ10000000026180736,订单明细20260329030624.xlsx
真龙(凌云),150.0,121.9,0.0,0.0,2026-01-19,XQJ10000000026180736,订单明细20260329030624.xlsx
真龙(凌云),150.0,121.9,0.0,0.0,2026-01-19,XQJ10000000026180736,订单明细20260329030624.xlsx
真龙(凌云),150.0,121.9,0.0,0.0,2026-01-19,XQJ10000000026180736,订单明细20260329030624.xlsx
真龙(凌云),150.0,121.9,0.0,0.0,2026-01-19,XQJ10000000026180736,订单明细20260329030624.xlsx
真龙(凌云),150.0,121.9,0.0,0.0,2026-01-19,XQJ10000000026180736,订单明细20260329030624.xlsx
真龙(美人香草),200.0,167.48,1.0,167.48,2026-01-19,XQJ10000000026180736,订单明细20260329030624.xlsx
真龙(美人香草),200.0,167.48,1.0,167.48,2026-01-19,XQJ10000000026180736,订单明细20260329030624.xlsx
真龙(美人香草),200.0,167.48,1.0,167.48,2026-01-19,XQJ10000000026180736,订单明细20260329030624.xlsx
真龙(美人香草),200.0,167.48,1.0,167.48,2026-01-19,XQJ10000000026180736,订单明细20260329030624.xlsx
真龙(美人香草),200.0,167.48,1.0,167.48,2026-01-19,XQJ10000000026180736,订单明细20260329030624.xlsx
真龙(美人香草),200.0,167.48,1.0,167.48,2026-01-19,XQJ10000000026180736,订单明细20260329030624.xlsx
真龙(起源),250.0,212.0,0.0,0.0,2026-01-19,XQJ10000000026180736,订单明细20260329030624.xlsx
真龙(起源),250.0,212.0,0.0,0.0,2026-01-19,XQJ10000000026180736,订单明细20260329030624.xlsx
真龙(起源),250.0,212.0,0.0,0.0,2026-01-19,XQJ10000000026180736,订单明细20260329030624.xlsx
真龙(起源),250.0,212.0,0.0,0.0,2026-01-19,XQJ10000000026180736,订单明细20260329030624.xlsx
真龙(起源),250.0,212.0,0.0,0.0,2026-01-19,XQJ10000000026180736,订单明细20260329030624.xlsx
真龙(起源),250.0,212.0,0.0,0.0,2026-01-19,XQJ10000000026180736,订单明细20260329030624.xlsx
红塔山(硬恭贺新禧),150.0,121.9,3.0,365.7,2026-01-19,XQJ10000000026180736,订单明细20260329030624.xlsx
红塔山(硬恭贺新禧),150.0,121.9,3.0,365.7,2026-01-19,XQJ10000000026180736,订单明细20260329030624.xlsx
红塔山(硬恭贺新禧),150.0,121.9,3.0,365.7,2026-01-19,XQJ10000000026180736,订单明细20260329030624.xlsx
红塔山(硬恭贺新禧),150.0,121.9,3.0,365.7,2026-01-19,XQJ10000000026180736,订单明细20260329030624.xlsx
红塔山(硬恭贺新禧),150.0,121.9,3.0,365.7,2026-01-19,XQJ10000000026180736,订单明细20260329030624.xlsx
红塔山(硬恭贺新禧),150.0,121.9,3.0,365.7,2026-01-19,XQJ10000000026180736,订单明细20260329030624.xlsx
红塔山(硬经典100),110.0,97.0,10.0,970.0,2026-01-19,XQJ10000000026180736,订单明细20260329030624.xlsx
红塔山(硬经典100),110.0,97.0,10.0,970.0,2026-01-19,XQJ10000000026180736,订单明细20260329030624.xlsx
红塔山(硬经典100),110.0,97.0,10.0,970.0,2026-01-19,XQJ10000000026180736,订单明细20260329030624.xlsx
红塔山(硬经典100),110.0,97.0,10.0,970.0,2026-01-19,XQJ10000000026180736,订单明细20260329030624.xlsx
红塔山(硬经典100),110.0,97.0,10.0,970.0,2026-01-19,XQJ10000000026180736,订单明细20260329030624.xlsx
红塔山(硬经典100),110.0,97.0,10.0,970.0,2026-01-19,XQJ10000000026180736,订单明细20260329030624.xlsx
红塔山(细支传奇),180.0,155.0,5.0,775.0,2026-01-19,XQJ10000000026180736,订单明细20260329030624.xlsx
红塔山(细支传奇),180.0,155.0,5.0,775.0,2026-01-19,XQJ10000000026180736,订单明细20260329030624.xlsx
红塔山(细支传奇),180.0,155.0,5.0,775.0,2026-01-19,XQJ10000000026180736,订单明细20260329030624.xlsx
红塔山(细支传奇),180.0,155.0,5.0,775.0,2026-01-19,XQJ10000000026180736,订单明细20260329030624.xlsx
红塔山(细支传奇),180.0,155.0,5.0,775.0,2026-01-19,XQJ10000000026180736,订单明细20260329030624.xlsx
红塔山(细支传奇),180.0,155.0,5.0,775.0,2026-01-19,XQJ10000000026180736,订单明细20260329030624.xlsx
红旗渠(雪茄),50.0,44.5,0.0,0.0,2026-01-19,XQJ10000000026180736,订单明细20260329030624.xlsx
红旗渠(雪茄),50.0,44.5,0.0,0.0,2026-01-19,XQJ10000000026180736,订单明细20260329030624.xlsx
红旗渠(雪茄),50.0,44.5,0.0,0.0,2026-01-19,XQJ10000000026180736,订单明细20260329030624.xlsx
红旗渠(雪茄),50.0,44.5,0.0,0.0,2026-01-19,XQJ10000000026180736,订单明细20260329030624.xlsx
红旗渠(雪茄),50.0,44.5,0.0,0.0,2026-01-19,XQJ10000000026180736,订单明细20260329030624.xlsx
红旗渠(雪茄),50.0,44.5,0.0,0.0,2026-01-19,XQJ10000000026180736,订单明细20260329030624.xlsx
红河(硬88),120.0,97.0,9.0,873.0,2026-01-19,XQJ10000000026180736,订单明细20260329030624.xlsx
红河(硬88),120.0,97.0,9.0,873.0,2026-01-19,XQJ10000000026180736,订单明细20260329030624.xlsx
红河(硬88),120.0,97.0,9.0,873.0,2026-01-19,XQJ10000000026180736,订单明细20260329030624.xlsx
红河(硬88),120.0,97.0,9.0,873.0,2026-01-19,XQJ10000000026180736,订单明细20260329030624.xlsx
红河(硬88),120.0,97.0,9.0,873.0,2026-01-19,XQJ10000000026180736,订单明细20260329030624.xlsx
红河(硬88),120.0,97.0,9.0,873.0,2026-01-19,XQJ10000000026180736,订单明细20260329030624.xlsx
红河(硬99),140.0,121.9,3.0,365.7,2026-01-19,XQJ10000000026180736,订单明细20260329030624.xlsx
红河(硬99),140.0,121.9,3.0,365.7,2026-01-19,XQJ10000000026180736,订单明细20260329030624.xlsx
红河(硬99),140.0,121.9,3.0,365.7,2026-01-19,XQJ10000000026180736,订单明细20260329030624.xlsx
红河(硬99),140.0,121.9,3.0,365.7,2026-01-19,XQJ10000000026180736,订单明细20260329030624.xlsx
红河(硬99),140.0,121.9,3.0,365.7,2026-01-19,XQJ10000000026180736,订单明细20260329030624.xlsx
红河(硬99),140.0,121.9,3.0,365.7,2026-01-19,XQJ10000000026180736,订单明细20260329030624.xlsx
红河(软甲),65.0,57.2,0.0,0.0,2026-01-19,XQJ10000000026180736,订单明细20260329030624.xlsx
红河(软甲),65.0,57.2,0.0,0.0,2026-01-19,XQJ10000000026180736,订单明细20260329030624.xlsx
红河(软甲),65.0,57.2,0.0,0.0,2026-01-19,XQJ10000000026180736,订单明细20260329030624.xlsx
红河(软甲),65.0,57.2,0.0,0.0,2026-01-19,XQJ10000000026180736,订单明细20260329030624.xlsx
红河(软甲),65.0,57.2,0.0,0.0,2026-01-19,XQJ10000000026180736,订单明细20260329030624.xlsx
红河(软甲),65.0,57.2,0.0,0.0,2026-01-19,XQJ10000000026180736,订单明细20260329030624.xlsx
罗密欧(丘吉尔银管),11250.0,7958.25,0.0,0.0,2026-01-19,XQJ10000000026180736,订单明细20260329030624.xlsx
罗密欧(丘吉尔银管),11250.0,7958.25,0.0,0.0,2026-01-19,XQJ10000000026180736,订单明细20260329030624.xlsx
罗密欧(丘吉尔银管),11250.0,7958.25,0.0,0.0,2026-01-19,XQJ10000000026180736,订单明细20260329030624.xlsx
罗密欧(丘吉尔银管),11250.0,7958.25,0.0,0.0,2026-01-19,XQJ10000000026180736,订单明细20260329030624.xlsx
罗密欧(丘吉尔银管),11250.0,7958.25,0.0,0.0,2026-01-19,XQJ10000000026180736,订单明细20260329030624.xlsx
罗密欧(丘吉尔银管),11250.0,7958.25,0.0,0.0,2026-01-19,XQJ10000000026180736,订单明细20260329030624.xlsx
罗密欧(银管一号),4000.0,2861.25,0.0,0.0,2026-01-19,XQJ10000000026180736,订单明细20260329030624.xlsx
罗密欧(银管一号),4000.0,2861.25,0.0,0.0,2026-01-19,XQJ10000000026180736,订单明细20260329030624.xlsx
罗密欧(银管一号),4000.0,2861.25,0.0,0.0,2026-01-19,XQJ10000000026180736,订单明细20260329030624.xlsx
罗密欧(银管一号),4000.0,2861.25,0.0,0.0,2026-01-19,XQJ10000000026180736,订单明细20260329030624.xlsx
罗密欧(银管一号),4000.0,2861.25,0.0,0.0,2026-01-19,XQJ10000000026180736,订单明细20260329030624.xlsx
罗密欧(银管一号),4000.0,2861.25,0.0,0.0,2026-01-19,XQJ10000000026180736,订单明细20260329030624.xlsx
罗密欧(银管三号),3500.0,2414.75,0.0,0.0,2026-01-19,XQJ10000000026180736,订单明细20260329030624.xlsx
罗密欧(银管三号),3500.0,2414.75,0.0,0.0,2026-01-19,XQJ10000000026180736,订单明细20260329030624.xlsx
罗密欧(银管三号),3500.0,2414.75,0.0,0.0,2026-01-19,XQJ10000000026180736,订单明细20260329030624.xlsx
罗密欧(银管三号),3500.0,2414.75,0.0,0.0,2026-01-19,XQJ10000000026180736,订单明细20260329030624.xlsx
罗密欧(银管三号),3500.0,2414.75,0.0,0.0,2026-01-19,XQJ10000000026180736,订单明细20260329030624.xlsx
罗密欧(银管三号),3500.0,2414.75,0.0,0.0,2026-01-19,XQJ10000000026180736,订单明细20260329030624.xlsx
芙蓉王(品悦细支),260.0,225.0,1.0,225.0,2026-01-19,XQJ10000000026180736,订单明细20260329030624.xlsx
芙蓉王(品悦细支),260.0,225.0,1.0,225.0,2026-01-19,XQJ10000000026180736,订单明细20260329030624.xlsx
芙蓉王(品悦细支),260.0,225.0,1.0,225.0,2026-01-19,XQJ10000000026180736,订单明细20260329030624.xlsx
芙蓉王(品悦细支),260.0,225.0,1.0,225.0,2026-01-19,XQJ10000000026180736,订单明细20260329030624.xlsx
芙蓉王(品悦细支),260.0,225.0,1.0,225.0,2026-01-19,XQJ10000000026180736,订单明细20260329030624.xlsx
芙蓉王(品悦细支),260.0,225.0,1.0,225.0,2026-01-19,XQJ10000000026180736,订单明细20260329030624.xlsx
芙蓉王(沁爽细支),300.0,263.0,0.0,0.0,2026-01-19,XQJ10000000026180736,订单明细20260329030624.xlsx
芙蓉王(沁爽细支),300.0,263.0,0.0,0.0,2026-01-19,XQJ10000000026180736,订单明细20260329030624.xlsx
芙蓉王(沁爽细支),300.0,263.0,0.0,0.0,2026-01-19,XQJ10000000026180736,订单明细20260329030624.xlsx
芙蓉王(沁爽细支),300.0,263.0,0.0,0.0,2026-01-19,XQJ10000000026180736,订单明细20260329030624.xlsx
芙蓉王(沁爽细支),300.0,263.0,0.0,0.0,2026-01-19,XQJ10000000026180736,订单明细20260329030624.xlsx
芙蓉王(沁爽细支),300.0,263.0,0.0,0.0,2026-01-19,XQJ10000000026180736,订单明细20260329030624.xlsx
芙蓉王(硬),250.0,218.36,16.0,3493.76,2026-01-19,XQJ10000000026180736,订单明细20260329030624.xlsx
芙蓉王(硬),250.0,218.36,16.0,3493.76,2026-01-19,XQJ10000000026180736,订单明细20260329030624.xlsx
芙蓉王(硬),250.0,218.36,16.0,3493.76,2026-01-19,XQJ10000000026180736,订单明细20260329030624.xlsx
芙蓉王(硬),250.0,218.36,16.0,3493.76,2026-01-19,XQJ10000000026180736,订单明细20260329030624.xlsx
芙蓉王(硬),250.0,218.36,16.0,3493.76,2026-01-19,XQJ10000000026180736,订单明细20260329030624.xlsx
芙蓉王(硬),250.0,218.36,16.0,3493.76,2026-01-19,XQJ10000000026180736,订单明细20260329030624.xlsx
芙蓉王(硬中支),300.0,263.0,0.0,0.0,2026-01-19,XQJ10000000026180736,订单明细20260329030624.xlsx
芙蓉王(硬中支),300.0,263.0,0.0,0.0,2026-01-19,XQJ10000000026180736,订单明细20260329030624.xlsx
芙蓉王(硬中支),300.0,263.0,0.0,0.0,2026-01-19,XQJ10000000026180736,订单明细20260329030624.xlsx
芙蓉王(硬中支),300.0,263.0,0.0,0.0,2026-01-19,XQJ10000000026180736,订单明细20260329030624.xlsx
芙蓉王(硬中支),300.0,263.0,0.0,0.0,2026-01-19,XQJ10000000026180736,订单明细20260329030624.xlsx
芙蓉王(硬中支),300.0,263.0,0.0,0.0,2026-01-19,XQJ10000000026180736,订单明细20260329030624.xlsx
芙蓉王(硬细支),260.0,225.0,0.0,0.0,2026-01-19,XQJ10000000026180736,订单明细20260329030624.xlsx
芙蓉王(硬细支),260.0,225.0,0.0,0.0,2026-01-19,XQJ10000000026180736,订单明细20260329030624.xlsx
芙蓉王(硬细支),260.0,225.0,0.0,0.0,2026-01-19,XQJ10000000026180736,订单明细20260329030624.xlsx
芙蓉王(硬细支),260.0,225.0,0.0,0.0,2026-01-19,XQJ10000000026180736,订单明细20260329030624.xlsx
芙蓉王(硬细支),260.0,225.0,0.0,0.0,2026-01-19,XQJ10000000026180736,订单明细20260329030624.xlsx
芙蓉王(硬细支),260.0,225.0,0.0,0.0,2026-01-19,XQJ10000000026180736,订单明细20260329030624.xlsx
芙蓉王(硬闪带细支),350.0,300.0,0.0,0.0,2026-01-19,XQJ10000000026180736,订单明细20260329030624.xlsx
芙蓉王(硬闪带细支),350.0,300.0,0.0,0.0,2026-01-19,XQJ10000000026180736,订单明细20260329030624.xlsx
芙蓉王(硬闪带细支),350.0,300.0,0.0,0.0,2026-01-19,XQJ10000000026180736,订单明细20260329030624.xlsx
芙蓉王(硬闪带细支),350.0,300.0,0.0,0.0,2026-01-19,XQJ10000000026180736,订单明细20260329030624.xlsx
芙蓉王(硬闪带细支),350.0,300.0,0.0,0.0,2026-01-19,XQJ10000000026180736,订单明细20260329030624.xlsx
芙蓉王(硬闪带细支),350.0,300.0,0.0,0.0,2026-01-19,XQJ10000000026180736,订单明细20260329030624.xlsx
芙蓉王(绽放),350.0,300.0,0.0,0.0,2026-01-19,XQJ10000000026180736,订单明细20260329030624.xlsx
芙蓉王(绽放),350.0,300.0,0.0,0.0,2026-01-19,XQJ10000000026180736,订单明细20260329030624.xlsx
芙蓉王(绽放),350.0,300.0,0.0,0.0,2026-01-19,XQJ10000000026180736,订单明细20260329030624.xlsx
芙蓉王(绽放),350.0,300.0,0.0,0.0,2026-01-19,XQJ10000000026180736,订单明细20260329030624.xlsx
芙蓉王(绽放),350.0,300.0,0.0,0.0,2026-01-19,XQJ10000000026180736,订单明细20260329030624.xlsx
芙蓉王(绽放),350.0,300.0,0.0,0.0,2026-01-19,XQJ10000000026180736,订单明细20260329030624.xlsx
芙蓉王(绽放细支),400.0,339.2,0.0,0.0,2026-01-19,XQJ10000000026180736,订单明细20260329030624.xlsx
芙蓉王(绽放细支),400.0,339.2,0.0,0.0,2026-01-19,XQJ10000000026180736,订单明细20260329030624.xlsx
芙蓉王(绽放细支),400.0,339.2,0.0,0.0,2026-01-19,XQJ10000000026180736,订单明细20260329030624.xlsx
芙蓉王(绽放细支),400.0,339.2,0.0,0.0,2026-01-19,XQJ10000000026180736,订单明细20260329030624.xlsx
芙蓉王(绽放细支),400.0,339.2,0.0,0.0,2026-01-19,XQJ10000000026180736,订单明细20260329030624.xlsx
芙蓉王(绽放细支),400.0,339.2,0.0,0.0,2026-01-19,XQJ10000000026180736,订单明细20260329030624.xlsx
芙蓉王(锦绣),500.0,381.6,0.0,0.0,2026-01-19,XQJ10000000026180736,订单明细20260329030624.xlsx
芙蓉王(锦绣),500.0,381.6,0.0,0.0,2026-01-19,XQJ10000000026180736,订单明细20260329030624.xlsx
芙蓉王(锦绣),500.0,381.6,0.0,0.0,2026-01-19,XQJ10000000026180736,订单明细20260329030624.xlsx
芙蓉王(锦绣),500.0,381.6,0.0,0.0,2026-01-19,XQJ10000000026180736,订单明细20260329030624.xlsx
芙蓉王(锦绣),500.0,381.6,0.0,0.0,2026-01-19,XQJ10000000026180736,订单明细20260329030624.xlsx
芙蓉王(锦绣),500.0,381.6,0.0,0.0,2026-01-19,XQJ10000000026180736,订单明细20260329030624.xlsx
芙蓉王(锦绣细支),500.0,424.0,0.0,0.0,2026-01-19,XQJ10000000026180736,订单明细20260329030624.xlsx
芙蓉王(锦绣细支),500.0,424.0,0.0,0.0,2026-01-19,XQJ10000000026180736,订单明细20260329030624.xlsx
芙蓉王(锦绣细支),500.0,424.0,0.0,0.0,2026-01-19,XQJ10000000026180736,订单明细20260329030624.xlsx
芙蓉王(锦绣细支),500.0,424.0,0.0,0.0,2026-01-19,XQJ10000000026180736,订单明细20260329030624.xlsx
芙蓉王(锦绣细支),500.0,424.0,0.0,0.0,2026-01-19,XQJ10000000026180736,订单明细20260329030624.xlsx
芙蓉王(锦绣细支),500.0,424.0,0.0,0.0,2026-01-19,XQJ10000000026180736,订单明细20260329030624.xlsx
苏烟(软金砂),450.0,381.6,0.0,0.0,2026-01-19,XQJ10000000026180736,订单明细20260329030624.xlsx
苏烟(软金砂),450.0,381.6,0.0,0.0,2026-01-19,XQJ10000000026180736,订单明细20260329030624.xlsx
苏烟(软金砂),450.0,381.6,0.0,0.0,2026-01-19,XQJ10000000026180736,订单明细20260329030624.xlsx
苏烟(软金砂),450.0,381.6,0.0,0.0,2026-01-19,XQJ10000000026180736,订单明细20260329030624.xlsx
苏烟(软金砂),450.0,381.6,0.0,0.0,2026-01-19,XQJ10000000026180736,订单明细20260329030624.xlsx
苏烟(软金砂),450.0,381.6,0.0,0.0,2026-01-19,XQJ10000000026180736,订单明细20260329030624.xlsx
蒙特(埃德蒙),8250.0,5794.25,0.0,0.0,2026-01-19,XQJ10000000026180736,订单明细20260329030624.xlsx
蒙特(埃德蒙),8250.0,5794.25,0.0,0.0,2026-01-19,XQJ10000000026180736,订单明细20260329030624.xlsx
蒙特(埃德蒙),8250.0,5794.25,0.0,0.0,2026-01-19,XQJ10000000026180736,订单明细20260329030624.xlsx
蒙特(埃德蒙),8250.0,5794.25,0.0,0.0,2026-01-19,XQJ10000000026180736,订单明细20260329030624.xlsx
蒙特(埃德蒙),8250.0,5794.25,0.0,0.0,2026-01-19,XQJ10000000026180736,订单明细20260329030624.xlsx
蒙特(埃德蒙),8250.0,5794.25,0.0,0.0,2026-01-19,XQJ10000000026180736,订单明细20260329030624.xlsx
蒙特利(逍遥二号),6250.0,4399.25,0.0,0.0,2026-01-19,XQJ10000000026180736,订单明细20260329030624.xlsx
蒙特利(逍遥二号),6250.0,4399.25,0.0,0.0,2026-01-19,XQJ10000000026180736,订单明细20260329030624.xlsx
蒙特利(逍遥二号),6250.0,4399.25,0.0,0.0,2026-01-19,XQJ10000000026180736,订单明细20260329030624.xlsx
蒙特利(逍遥二号),6250.0,4399.25,0.0,0.0,2026-01-19,XQJ10000000026180736,订单明细20260329030624.xlsx
蒙特利(逍遥二号),6250.0,4399.25,0.0,0.0,2026-01-19,XQJ10000000026180736,订单明细20260329030624.xlsx
蒙特利(逍遥二号),6250.0,4399.25,0.0,0.0,2026-01-19,XQJ10000000026180736,订单明细20260329030624.xlsx
贵烟(喜),160.0,143.1,0.0,0.0,2026-01-19,XQJ10000000026180736,订单明细20260329030624.xlsx
贵烟(喜),160.0,143.1,0.0,0.0,2026-01-19,XQJ10000000026180736,订单明细20260329030624.xlsx
贵烟(喜),160.0,143.1,0.0,0.0,2026-01-19,XQJ10000000026180736,订单明细20260329030624.xlsx
贵烟(喜),160.0,143.1,0.0,0.0,2026-01-19,XQJ10000000026180736,订单明细20260329030624.xlsx
贵烟(喜),160.0,143.1,0.0,0.0,2026-01-19,XQJ10000000026180736,订单明细20260329030624.xlsx
贵烟(喜),160.0,143.1,0.0,0.0,2026-01-19,XQJ10000000026180736,订单明细20260329030624.xlsx
贵烟(山水),260.0,225.0,0.0,0.0,2026-01-19,XQJ10000000026180736,订单明细20260329030624.xlsx
贵烟(山水),260.0,225.0,0.0,0.0,2026-01-19,XQJ10000000026180736,订单明细20260329030624.xlsx
贵烟(山水),260.0,225.0,0.0,0.0,2026-01-19,XQJ10000000026180736,订单明细20260329030624.xlsx
贵烟(山水),260.0,225.0,0.0,0.0,2026-01-19,XQJ10000000026180736,订单明细20260329030624.xlsx
贵烟(山水),260.0,225.0,0.0,0.0,2026-01-19,XQJ10000000026180736,订单明细20260329030624.xlsx
贵烟(山水),260.0,225.0,0.0,0.0,2026-01-19,XQJ10000000026180736,订单明细20260329030624.xlsx
贵烟(硬黄精品),140.0,114.5,0.0,0.0,2026-01-19,XQJ10000000026180736,订单明细20260329030624.xlsx
贵烟(硬黄精品),140.0,114.5,0.0,0.0,2026-01-19,XQJ10000000026180736,订单明细20260329030624.xlsx
贵烟(硬黄精品),140.0,114.5,0.0,0.0,2026-01-19,XQJ10000000026180736,订单明细20260329030624.xlsx
贵烟(硬黄精品),140.0,114.5,0.0,0.0,2026-01-19,XQJ10000000026180736,订单明细20260329030624.xlsx
贵烟(硬黄精品),140.0,114.5,0.0,0.0,2026-01-19,XQJ10000000026180736,订单明细20260329030624.xlsx
贵烟(硬黄精品),140.0,114.5,0.0,0.0,2026-01-19,XQJ10000000026180736,订单明细20260329030624.xlsx
贵烟(萃),200.0,158.0,0.0,0.0,2026-01-19,XQJ10000000026180736,订单明细20260329030624.xlsx
贵烟(萃),200.0,158.0,0.0,0.0,2026-01-19,XQJ10000000026180736,订单明细20260329030624.xlsx
贵烟(萃),200.0,158.0,0.0,0.0,2026-01-19,XQJ10000000026180736,订单明细20260329030624.xlsx
贵烟(萃),200.0,158.0,0.0,0.0,2026-01-19,XQJ10000000026180736,订单明细20260329030624.xlsx
贵烟(萃),200.0,158.0,0.0,0.0,2026-01-19,XQJ10000000026180736,订单明细20260329030624.xlsx
贵烟(萃),200.0,158.0,0.0,0.0,2026-01-19,XQJ10000000026180736,订单明细20260329030624.xlsx
贵烟(跨越),250.0,201.4,0.0,0.0,2026-01-19,XQJ10000000026180736,订单明细20260329030624.xlsx
贵烟(跨越),250.0,201.4,0.0,0.0,2026-01-19,XQJ10000000026180736,订单明细20260329030624.xlsx
贵烟(跨越),250.0,201.4,0.0,0.0,2026-01-19,XQJ10000000026180736,订单明细20260329030624.xlsx
贵烟(跨越),250.0,201.4,0.0,0.0,2026-01-19,XQJ10000000026180736,订单明细20260329030624.xlsx
贵烟(跨越),250.0,201.4,0.0,0.0,2026-01-19,XQJ10000000026180736,订单明细20260329030624.xlsx
贵烟(跨越),250.0,201.4,0.0,0.0,2026-01-19,XQJ10000000026180736,订单明细20260329030624.xlsx
金圣(吉品),250.0,219.42,0.0,0.0,2026-01-19,XQJ10000000026180736,订单明细20260329030624.xlsx
金圣(吉品),250.0,219.42,0.0,0.0,2026-01-19,XQJ10000000026180736,订单明细20260329030624.xlsx
金圣(吉品),250.0,219.42,0.0,0.0,2026-01-19,XQJ10000000026180736,订单明细20260329030624.xlsx
金圣(吉品),250.0,219.42,0.0,0.0,2026-01-19,XQJ10000000026180736,订单明细20260329030624.xlsx
金圣(吉品),250.0,219.42,0.0,0.0,2026-01-19,XQJ10000000026180736,订单明细20260329030624.xlsx
金圣(吉品),250.0,219.42,0.0,0.0,2026-01-19,XQJ10000000026180736,订单明细20260329030624.xlsx
金圣(青瓷),180.0,158.0,0.0,0.0,2026-01-19,XQJ10000000026180736,订单明细20260329030624.xlsx
金圣(青瓷),180.0,158.0,0.0,0.0,2026-01-19,XQJ10000000026180736,订单明细20260329030624.xlsx
金圣(青瓷),180.0,158.0,0.0,0.0,2026-01-19,XQJ10000000026180736,订单明细20260329030624.xlsx
金圣(青瓷),180.0,158.0,0.0,0.0,2026-01-19,XQJ10000000026180736,订单明细20260329030624.xlsx
金圣(青瓷),180.0,158.0,0.0,0.0,2026-01-19,XQJ10000000026180736,订单明细20260329030624.xlsx
金圣(青瓷),180.0,158.0,0.0,0.0,2026-01-19,XQJ10000000026180736,订单明细20260329030624.xlsx
金桥(冰爆),200.0,175.0,0.0,0.0,2026-01-19,XQJ10000000026180736,订单明细20260329030624.xlsx
金桥(冰爆),200.0,175.0,0.0,0.0,2026-01-19,XQJ10000000026180736,订单明细20260329030624.xlsx
金桥(冰爆),200.0,175.0,0.0,0.0,2026-01-19,XQJ10000000026180736,订单明细20260329030624.xlsx
金桥(冰爆),200.0,175.0,0.0,0.0,2026-01-19,XQJ10000000026180736,订单明细20260329030624.xlsx
金桥(冰爆),200.0,175.0,0.0,0.0,2026-01-19,XQJ10000000026180736,订单明细20260329030624.xlsx
金桥(冰爆),200.0,175.0,0.0,0.0,2026-01-19,XQJ10000000026180736,订单明细20260329030624.xlsx
金桥(炫影细支),260.0,225.0,0.0,0.0,2026-01-19,XQJ10000000026180736,订单明细20260329030624.xlsx
金桥(炫影细支),260.0,225.0,0.0,0.0,2026-01-19,XQJ10000000026180736,订单明细20260329030624.xlsx
金桥(炫影细支),260.0,225.0,0.0,0.0,2026-01-19,XQJ10000000026180736,订单明细20260329030624.xlsx
金桥(炫影细支),260.0,225.0,0.0,0.0,2026-01-19,XQJ10000000026180736,订单明细20260329030624.xlsx
金桥(炫影细支),260.0,225.0,0.0,0.0,2026-01-19,XQJ10000000026180736,订单明细20260329030624.xlsx
金桥(炫影细支),260.0,225.0,0.0,0.0,2026-01-19,XQJ10000000026180736,订单明细20260329030624.xlsx
钻石(双中支荷花),450.0,381.6,0.0,0.0,2026-01-19,XQJ10000000026180736,订单明细20260329030624.xlsx
钻石(双中支荷花),450.0,381.6,0.0,0.0,2026-01-19,XQJ10000000026180736,订单明细20260329030624.xlsx
钻石(双中支荷花),450.0,381.6,0.0,0.0,2026-01-19,XQJ10000000026180736,订单明细20260329030624.xlsx
钻石(双中支荷花),450.0,381.6,0.0,0.0,2026-01-19,XQJ10000000026180736,订单明细20260329030624.xlsx
钻石(双中支荷花),450.0,381.6,0.0,0.0,2026-01-19,XQJ10000000026180736,订单明细20260329030624.xlsx
钻石(双中支荷花),450.0,381.6,0.0,0.0,2026-01-19,XQJ10000000026180736,订单明细20260329030624.xlsx
钻石(细支荷花),420.0,360.4,1.0,360.4,2026-01-19,XQJ10000000026180736,订单明细20260329030624.xlsx
钻石(细支荷花),420.0,360.4,1.0,360.4,2026-01-19,XQJ10000000026180736,订单明细20260329030624.xlsx
钻石(细支荷花),420.0,360.4,1.0,360.4,2026-01-19,XQJ10000000026180736,订单明细20260329030624.xlsx
钻石(细支荷花),420.0,360.4,1.0,360.4,2026-01-19,XQJ10000000026180736,订单明细20260329030624.xlsx
钻石(细支荷花),420.0,360.4,1.0,360.4,2026-01-19,XQJ10000000026180736,订单明细20260329030624.xlsx
钻石(细支荷花),420.0,360.4,1.0,360.4,2026-01-19,XQJ10000000026180736,订单明细20260329030624.xlsx
钻石(荷花),320.0,275.6,2.0,551.2,2026-01-19,XQJ10000000026180736,订单明细20260329030624.xlsx
钻石(荷花),320.0,275.6,2.0,551.2,2026-01-19,XQJ10000000026180736,订单明细20260329030624.xlsx
钻石(荷花),320.0,275.6,2.0,551.2,2026-01-19,XQJ10000000026180736,订单明细20260329030624.xlsx
钻石(荷花),320.0,275.6,2.0,551.2,2026-01-19,XQJ10000000026180736,订单明细20260329030624.xlsx
钻石(荷花),320.0,275.6,2.0,551.2,2026-01-19,XQJ10000000026180736,订单明细20260329030624.xlsx
钻石(荷花),320.0,275.6,2.0,551.2,2026-01-19,XQJ10000000026180736,订单明细20260329030624.xlsx
钻石(软荷花),500.0,339.2,0.0,0.0,2026-01-19,XQJ10000000026180736,订单明细20260329030624.xlsx
钻石(软荷花),500.0,339.2,0.0,0.0,2026-01-19,XQJ10000000026180736,订单明细20260329030624.xlsx
钻石(软荷花),500.0,339.2,0.0,0.0,2026-01-19,XQJ10000000026180736,订单明细20260329030624.xlsx
钻石(软荷花),500.0,339.2,0.0,0.0,2026-01-19,XQJ10000000026180736,订单明细20260329030624.xlsx
钻石(软荷花),500.0,339.2,0.0,0.0,2026-01-19,XQJ10000000026180736,订单明细20260329030624.xlsx
钻石(软荷花),500.0,339.2,0.0,0.0,2026-01-19,XQJ10000000026180736,订单明细20260329030624.xlsx
长城(10支132秘制),1200.0,900.0,0.0,0.0,2026-01-19,XQJ10000000026180736,订单明细20260329030624.xlsx
长城(10支132秘制),1200.0,900.0,0.0,0.0,2026-01-19,XQJ10000000026180736,订单明细20260329030624.xlsx
长城(10支132秘制),1200.0,900.0,0.0,0.0,2026-01-19,XQJ10000000026180736,订单明细20260329030624.xlsx
长城(10支132秘制),1200.0,900.0,0.0,0.0,2026-01-19,XQJ10000000026180736,订单明细20260329030624.xlsx
长城(10支132秘制),1200.0,900.0,0.0,0.0,2026-01-19,XQJ10000000026180736,订单明细20260329030624.xlsx
长城(10支132秘制),1200.0,900.0,0.0,0.0,2026-01-19,XQJ10000000026180736,订单明细20260329030624.xlsx
长城(132奇迹),1000.0,640.0,0.0,0.0,2026-01-19,XQJ10000000026180736,订单明细20260329030624.xlsx
长城(132奇迹),1000.0,640.0,0.0,0.0,2026-01-19,XQJ10000000026180736,订单明细20260329030624.xlsx
长城(132奇迹),1000.0,640.0,0.0,0.0,2026-01-19,XQJ10000000026180736,订单明细20260329030624.xlsx
长城(132奇迹),1000.0,640.0,0.0,0.0,2026-01-19,XQJ10000000026180736,订单明细20260329030624.xlsx
长城(132奇迹),1000.0,640.0,0.0,0.0,2026-01-19,XQJ10000000026180736,订单明细20260329030624.xlsx
长城(132奇迹),1000.0,640.0,0.0,0.0,2026-01-19,XQJ10000000026180736,订单明细20260329030624.xlsx
长城(132益川老坊3),2500.0,1750.0,0.0,0.0,2026-01-19,XQJ10000000026180736,订单明细20260329030624.xlsx
长城(132益川老坊3),2500.0,1750.0,0.0,0.0,2026-01-19,XQJ10000000026180736,订单明细20260329030624.xlsx
长城(132益川老坊3),2500.0,1750.0,0.0,0.0,2026-01-19,XQJ10000000026180736,订单明细20260329030624.xlsx
长城(132益川老坊3),2500.0,1750.0,0.0,0.0,2026-01-19,XQJ10000000026180736,订单明细20260329030624.xlsx
长城(132益川老坊3),2500.0,1750.0,0.0,0.0,2026-01-19,XQJ10000000026180736,订单明细20260329030624.xlsx
长城(132益川老坊3),2500.0,1750.0,0.0,0.0,2026-01-19,XQJ10000000026180736,订单明细20260329030624.xlsx
长城(132迷你3号),250.0,187.5,0.0,0.0,2026-01-19,XQJ10000000026180736,订单明细20260329030624.xlsx
长城(132迷你3号),250.0,187.5,0.0,0.0,2026-01-19,XQJ10000000026180736,订单明细20260329030624.xlsx
长城(132迷你3号),250.0,187.5,0.0,0.0,2026-01-19,XQJ10000000026180736,订单明细20260329030624.xlsx
长城(132迷你3号),250.0,187.5,0.0,0.0,2026-01-19,XQJ10000000026180736,订单明细20260329030624.xlsx
长城(132迷你3号),250.0,187.5,0.0,0.0,2026-01-19,XQJ10000000026180736,订单明细20260329030624.xlsx
长城(132迷你3号),250.0,187.5,0.0,0.0,2026-01-19,XQJ10000000026180736,订单明细20260329030624.xlsx
长城(3号),300.0,230.0,0.0,0.0,2026-01-19,XQJ10000000026180736,订单明细20260329030624.xlsx
长城(3号),300.0,230.0,0.0,0.0,2026-01-19,XQJ10000000026180736,订单明细20260329030624.xlsx
长城(3号),300.0,230.0,0.0,0.0,2026-01-19,XQJ10000000026180736,订单明细20260329030624.xlsx
长城(3号),300.0,230.0,0.0,0.0,2026-01-19,XQJ10000000026180736,订单明细20260329030624.xlsx
长城(3号),300.0,230.0,0.0,0.0,2026-01-19,XQJ10000000026180736,订单明细20260329030624.xlsx
长城(3号),300.0,230.0,0.0,0.0,2026-01-19,XQJ10000000026180736,订单明细20260329030624.xlsx
长城(GJ6号),2000.0,1200.0,0.0,0.0,2026-01-19,XQJ10000000026180736,订单明细20260329030624.xlsx
长城(GJ6号),2000.0,1200.0,0.0,0.0,2026-01-19,XQJ10000000026180736,订单明细20260329030624.xlsx
长城(GJ6号),2000.0,1200.0,0.0,0.0,2026-01-19,XQJ10000000026180736,订单明细20260329030624.xlsx
长城(GJ6号),2000.0,1200.0,0.0,0.0,2026-01-19,XQJ10000000026180736,订单明细20260329030624.xlsx
长城(GJ6号),2000.0,1200.0,0.0,0.0,2026-01-19,XQJ10000000026180736,订单明细20260329030624.xlsx
长城(GJ6号),2000.0,1200.0,0.0,0.0,2026-01-19,XQJ10000000026180736,订单明细20260329030624.xlsx
长城(GL3号),3080.0,1680.0,0.0,0.0,2026-01-19,XQJ10000000026180736,订单明细20260329030624.xlsx
长城(GL3号),3080.0,1680.0,0.0,0.0,2026-01-19,XQJ10000000026180736,订单明细20260329030624.xlsx
长城(GL3号),3080.0,1680.0,0.0,0.0,2026-01-19,XQJ10000000026180736,订单明细20260329030624.xlsx
长城(GL3号),3080.0,1680.0,0.0,0.0,2026-01-19,XQJ10000000026180736,订单明细20260329030624.xlsx
长城(GL3号),3080.0,1680.0,0.0,0.0,2026-01-19,XQJ10000000026180736,订单明细20260329030624.xlsx
长城(GL3号),3080.0,1680.0,0.0,0.0,2026-01-19,XQJ10000000026180736,订单明细20260329030624.xlsx
长城(唯佳金字塔),1700.0,1150.0,0.0,0.0,2026-01-19,XQJ10000000026180736,订单明细20260329030624.xlsx
长城(唯佳金字塔),1700.0,1150.0,0.0,0.0,2026-01-19,XQJ10000000026180736,订单明细20260329030624.xlsx
长城(唯佳金字塔),1700.0,1150.0,0.0,0.0,2026-01-19,XQJ10000000026180736,订单明细20260329030624.xlsx
长城(唯佳金字塔),1700.0,1150.0,0.0,0.0,2026-01-19,XQJ10000000026180736,订单明细20260329030624.xlsx
长城(唯佳金字塔),1700.0,1150.0,0.0,0.0,2026-01-19,XQJ10000000026180736,订单明细20260329030624.xlsx
长城(唯佳金字塔),1700.0,1150.0,0.0,0.0,2026-01-19,XQJ10000000026180736,订单明细20260329030624.xlsx
长城(大号铝管5支),250.0,190.0,0.0,0.0,2026-01-19,XQJ10000000026180736,订单明细20260329030624.xlsx
长城(大号铝管5支),250.0,190.0,0.0,0.0,2026-01-19,XQJ10000000026180736,订单明细20260329030624.xlsx
长城(大号铝管5支),250.0,190.0,0.0,0.0,2026-01-19,XQJ10000000026180736,订单明细20260329030624.xlsx
长城(大号铝管5支),250.0,190.0,0.0,0.0,2026-01-19,XQJ10000000026180736,订单明细20260329030624.xlsx
长城(大号铝管5支),250.0,190.0,0.0,0.0,2026-01-19,XQJ10000000026180736,订单明细20260329030624.xlsx
长城(大号铝管5支),250.0,190.0,0.0,0.0,2026-01-19,XQJ10000000026180736,订单明细20260329030624.xlsx
长城(导师6号),1500.0,1050.0,0.0,0.0,2026-01-19,XQJ10000000026180736,订单明细20260329030624.xlsx
长城(导师6号),1500.0,1050.0,0.0,0.0,2026-01-19,XQJ10000000026180736,订单明细20260329030624.xlsx
长城(导师6号),1500.0,1050.0,0.0,0.0,2026-01-19,XQJ10000000026180736,订单明细20260329030624.xlsx
长城(导师6号),1500.0,1050.0,0.0,0.0,2026-01-19,XQJ10000000026180736,订单明细20260329030624.xlsx
长城(导师6号),1500.0,1050.0,0.0,0.0,2026-01-19,XQJ10000000026180736,订单明细20260329030624.xlsx
长城(导师6号),1500.0,1050.0,0.0,0.0,2026-01-19,XQJ10000000026180736,订单明细20260329030624.xlsx
长城(揽胜1号),1600.0,1120.0,0.0,0.0,2026-01-19,XQJ10000000026180736,订单明细20260329030624.xlsx
长城(揽胜1号),1600.0,1120.0,0.0,0.0,2026-01-19,XQJ10000000026180736,订单明细20260329030624.xlsx
长城(揽胜1号),1600.0,1120.0,0.0,0.0,2026-01-19,XQJ10000000026180736,订单明细20260329030624.xlsx
长城(揽胜1号),1600.0,1120.0,0.0,0.0,2026-01-19,XQJ10000000026180736,订单明细20260329030624.xlsx
长城(揽胜1号),1600.0,1120.0,0.0,0.0,2026-01-19,XQJ10000000026180736,订单明细20260329030624.xlsx
长城(揽胜1号),1600.0,1120.0,0.0,0.0,2026-01-19,XQJ10000000026180736,订单明细20260329030624.xlsx
长城(揽胜3号经典),800.0,600.0,0.0,0.0,2026-01-19,XQJ10000000026180736,订单明细20260329030624.xlsx
长城(揽胜3号经典),800.0,600.0,0.0,0.0,2026-01-19,XQJ10000000026180736,订单明细20260329030624.xlsx
长城(揽胜3号经典),800.0,600.0,0.0,0.0,2026-01-19,XQJ10000000026180736,订单明细20260329030624.xlsx
长城(揽胜3号经典),800.0,600.0,0.0,0.0,2026-01-19,XQJ10000000026180736,订单明细20260329030624.xlsx
长城(揽胜3号经典),800.0,600.0,0.0,0.0,2026-01-19,XQJ10000000026180736,订单明细20260329030624.xlsx
长城(揽胜3号经典),800.0,600.0,0.0,0.0,2026-01-19,XQJ10000000026180736,订单明细20260329030624.xlsx
长城(生肖版),1500.0,1120.0,0.0,0.0,2026-01-19,XQJ10000000026180736,订单明细20260329030624.xlsx
长城(生肖版),1500.0,1120.0,0.0,0.0,2026-01-19,XQJ10000000026180736,订单明细20260329030624.xlsx
长城(生肖版),1500.0,1120.0,0.0,0.0,2026-01-19,XQJ10000000026180736,订单明细20260329030624.xlsx
长城(生肖版),1500.0,1120.0,0.0,0.0,2026-01-19,XQJ10000000026180736,订单明细20260329030624.xlsx
长城(生肖版),1500.0,1120.0,0.0,0.0,2026-01-19,XQJ10000000026180736,订单明细20260329030624.xlsx
长城(生肖版),1500.0,1120.0,0.0,0.0,2026-01-19,XQJ10000000026180736,订单明细20260329030624.xlsx
长城(盛世3号),880.0,616.0,0.0,0.0,2026-01-19,XQJ10000000026180736,订单明细20260329030624.xlsx
长城(盛世3号),880.0,616.0,0.0,0.0,2026-01-19,XQJ10000000026180736,订单明细20260329030624.xlsx
长城(盛世3号),880.0,616.0,0.0,0.0,2026-01-19,XQJ10000000026180736,订单明细20260329030624.xlsx
长城(盛世3号),880.0,616.0,0.0,0.0,2026-01-19,XQJ10000000026180736,订单明细20260329030624.xlsx
长城(盛世3号),880.0,616.0,0.0,0.0,2026-01-19,XQJ10000000026180736,订单明细20260329030624.xlsx
长城(盛世3号),880.0,616.0,0.0,0.0,2026-01-19,XQJ10000000026180736,订单明细20260329030624.xlsx
长城(盛世5号),300.0,230.0,0.0,0.0,2026-01-19,XQJ10000000026180736,订单明细20260329030624.xlsx
长城(盛世5号),300.0,230.0,0.0,0.0,2026-01-19,XQJ10000000026180736,订单明细20260329030624.xlsx
长城(盛世5号),300.0,230.0,0.0,0.0,2026-01-19,XQJ10000000026180736,订单明细20260329030624.xlsx
长城(盛世5号),300.0,230.0,0.0,0.0,2026-01-19,XQJ10000000026180736,订单明细20260329030624.xlsx
长城(盛世5号),300.0,230.0,0.0,0.0,2026-01-19,XQJ10000000026180736,订单明细20260329030624.xlsx
长城(盛世5号),300.0,230.0,0.0,0.0,2026-01-19,XQJ10000000026180736,订单明细20260329030624.xlsx
长城(盛世6号),840.0,588.0,0.0,0.0,2026-01-19,XQJ10000000026180736,订单明细20260329030624.xlsx
长城(盛世6号),840.0,588.0,0.0,0.0,2026-01-19,XQJ10000000026180736,订单明细20260329030624.xlsx
长城(盛世6号),840.0,588.0,0.0,0.0,2026-01-19,XQJ10000000026180736,订单明细20260329030624.xlsx
长城(盛世6号),840.0,588.0,0.0,0.0,2026-01-19,XQJ10000000026180736,订单明细20260329030624.xlsx
长城(盛世6号),840.0,588.0,0.0,0.0,2026-01-19,XQJ10000000026180736,订单明细20260329030624.xlsx
长城(盛世6号),840.0,588.0,0.0,0.0,2026-01-19,XQJ10000000026180736,订单明细20260329030624.xlsx
长城(红色132),200.0,150.0,0.0,0.0,2026-01-19,XQJ10000000026180736,订单明细20260329030624.xlsx
长城(红色132),200.0,150.0,0.0,0.0,2026-01-19,XQJ10000000026180736,订单明细20260329030624.xlsx
长城(红色132),200.0,150.0,0.0,0.0,2026-01-19,XQJ10000000026180736,订单明细20260329030624.xlsx
长城(红色132),200.0,150.0,0.0,0.0,2026-01-19,XQJ10000000026180736,订单明细20260329030624.xlsx
长城(红色132),200.0,150.0,0.0,0.0,2026-01-19,XQJ10000000026180736,订单明细20260329030624.xlsx
长城(红色132),200.0,150.0,0.0,0.0,2026-01-19,XQJ10000000026180736,订单明细20260329030624.xlsx
长城(经典3号),500.0,380.0,0.0,0.0,2026-01-19,XQJ10000000026180736,订单明细20260329030624.xlsx
长城(经典3号),500.0,380.0,0.0,0.0,2026-01-19,XQJ10000000026180736,订单明细20260329030624.xlsx
长城(经典3号),500.0,380.0,0.0,0.0,2026-01-19,XQJ10000000026180736,订单明细20260329030624.xlsx
长城(经典3号),500.0,380.0,0.0,0.0,2026-01-19,XQJ10000000026180736,订单明细20260329030624.xlsx
长城(经典3号),500.0,380.0,0.0,0.0,2026-01-19,XQJ10000000026180736,订单明细20260329030624.xlsx
长城(经典3号),500.0,380.0,0.0,0.0,2026-01-19,XQJ10000000026180736,订单明细20260329030624.xlsx
长城(迷你香草),260.0,200.0,0.0,0.0,2026-01-19,XQJ10000000026180736,订单明细20260329030624.xlsx
长城(迷你香草),260.0,200.0,0.0,0.0,2026-01-19,XQJ10000000026180736,订单明细20260329030624.xlsx
长城(迷你香草),260.0,200.0,0.0,0.0,2026-01-19,XQJ10000000026180736,订单明细20260329030624.xlsx
长城(迷你香草),260.0,200.0,0.0,0.0,2026-01-19,XQJ10000000026180736,订单明细20260329030624.xlsx
长城(迷你香草),260.0,200.0,0.0,0.0,2026-01-19,XQJ10000000026180736,订单明细20260329030624.xlsx
长城(迷你香草),260.0,200.0,0.0,0.0,2026-01-19,XQJ10000000026180736,订单明细20260329030624.xlsx
长城(醇雅薄荷),180.0,158.4,0.0,0.0,2026-01-19,XQJ10000000026180736,订单明细20260329030624.xlsx
长城(醇雅薄荷),180.0,158.4,0.0,0.0,2026-01-19,XQJ10000000026180736,订单明细20260329030624.xlsx
长城(醇雅薄荷),180.0,158.4,0.0,0.0,2026-01-19,XQJ10000000026180736,订单明细20260329030624.xlsx
长城(醇雅薄荷),180.0,158.4,0.0,0.0,2026-01-19,XQJ10000000026180736,订单明细20260329030624.xlsx
长城(醇雅薄荷),180.0,158.4,0.0,0.0,2026-01-19,XQJ10000000026180736,订单明细20260329030624.xlsx
长城(醇雅薄荷),180.0,158.4,0.0,0.0,2026-01-19,XQJ10000000026180736,订单明细20260329030624.xlsx
长白山(777),150.0,121.9,0.0,0.0,2026-01-19,XQJ10000000026180736,订单明细20260329030624.xlsx
长白山(777),150.0,121.9,0.0,0.0,2026-01-19,XQJ10000000026180736,订单明细20260329030624.xlsx
长白山(777),150.0,121.9,0.0,0.0,2026-01-19,XQJ10000000026180736,订单明细20260329030624.xlsx
长白山(777),150.0,121.9,0.0,0.0,2026-01-19,XQJ10000000026180736,订单明细20260329030624.xlsx
长白山(777),150.0,121.9,0.0,0.0,2026-01-19,XQJ10000000026180736,订单明细20260329030624.xlsx
长白山(777),150.0,121.9,0.0,0.0,2026-01-19,XQJ10000000026180736,订单明细20260329030624.xlsx
长白山(蓝尚),180.0,158.0,0.0,0.0,2026-01-19,XQJ10000000026180736,订单明细20260329030624.xlsx
长白山(蓝尚),180.0,158.0,0.0,0.0,2026-01-19,XQJ10000000026180736,订单明细20260329030624.xlsx
长白山(蓝尚),180.0,158.0,0.0,0.0,2026-01-19,XQJ10000000026180736,订单明细20260329030624.xlsx
长白山(蓝尚),180.0,158.0,0.0,0.0,2026-01-19,XQJ10000000026180736,订单明细20260329030624.xlsx
长白山(蓝尚),180.0,158.0,0.0,0.0,2026-01-19,XQJ10000000026180736,订单明细20260329030624.xlsx
长白山(蓝尚),180.0,158.0,0.0,0.0,2026-01-19,XQJ10000000026180736,订单明细20260329030624.xlsx
阿里山(天韵),150.0,132.5,0.0,0.0,2026-01-19,XQJ10000000026180736,订单明细20260329030624.xlsx
阿里山(天韵),150.0,132.5,0.0,0.0,2026-01-19,XQJ10000000026180736,订单明细20260329030624.xlsx
阿里山(天韵),150.0,132.5,0.0,0.0,2026-01-19,XQJ10000000026180736,订单明细20260329030624.xlsx
阿里山(天韵),150.0,132.5,0.0,0.0,2026-01-19,XQJ10000000026180736,订单明细20260329030624.xlsx
阿里山(天韵),150.0,132.5,0.0,0.0,2026-01-19,XQJ10000000026180736,订单明细20260329030624.xlsx
阿里山(天韵),150.0,132.5,0.0,0.0,2026-01-19,XQJ10000000026180736,订单明细20260329030624.xlsx
高希霸(世纪四),13500.0,9362.75,0.0,0.0,2026-01-19,XQJ10000000026180736,订单明细20260329030624.xlsx
高希霸(世纪四),13500.0,9362.75,0.0,0.0,2026-01-19,XQJ10000000026180736,订单明细20260329030624.xlsx
高希霸(世纪四),13500.0,9362.75,0.0,0.0,2026-01-19,XQJ10000000026180736,订单明细20260329030624.xlsx
高希霸(世纪四),13500.0,9362.75,0.0,0.0,2026-01-19,XQJ10000000026180736,订单明细20260329030624.xlsx
高希霸(世纪四),13500.0,9362.75,0.0,0.0,2026-01-19,XQJ10000000026180736,订单明细20260329030624.xlsx
高希霸(世纪四),13500.0,9362.75,0.0,0.0,2026-01-19,XQJ10000000026180736,订单明细20260329030624.xlsx
高希霸(罗布图木盒25支装),13750.0,9604.25,0.0,0.0,2026-01-19,XQJ10000000026180736,订单明细20260329030624.xlsx
高希霸(罗布图木盒25支装),13750.0,9604.25,0.0,0.0,2026-01-19,XQJ10000000026180736,订单明细20260329030624.xlsx
高希霸(罗布图木盒25支装),13750.0,9604.25,0.0,0.0,2026-01-19,XQJ10000000026180736,订单明细20260329030624.xlsx
高希霸(罗布图木盒25支装),13750.0,9604.25,0.0,0.0,2026-01-19,XQJ10000000026180736,订单明细20260329030624.xlsx
高希霸(罗布图木盒25支装),13750.0,9604.25,0.0,0.0,2026-01-19,XQJ10000000026180736,订单明细20260329030624.xlsx
高希霸(罗布图木盒25支装),13750.0,9604.25,0.0,0.0,2026-01-19,XQJ10000000026180736,订单明细20260329030624.xlsx
黄山(徽商新概念细支),500.0,339.2,0.0,0.0,2026-01-19,XQJ10000000026180736,订单明细20260329030624.xlsx
黄山(徽商新概念细支),500.0,339.2,0.0,0.0,2026-01-19,XQJ10000000026180736,订单明细20260329030624.xlsx
黄山(徽商新概念细支),500.0,339.2,0.0,0.0,2026-01-19,XQJ10000000026180736,订单明细20260329030624.xlsx
黄山(徽商新概念细支),500.0,339.2,0.0,0.0,2026-01-19,XQJ10000000026180736,订单明细20260329030624.xlsx
黄山(徽商新概念细支),500.0,339.2,0.0,0.0,2026-01-19,XQJ10000000026180736,订单明细20260329030624.xlsx
黄山(徽商新概念细支),500.0,339.2,0.0,0.0,2026-01-19,XQJ10000000026180736,订单明细20260329030624.xlsx
黄山(新制皖烟),140.0,121.9,1.0,121.9,2026-01-19,XQJ10000000026180736,订单明细20260329030624.xlsx
黄山(新制皖烟),140.0,121.9,1.0,121.9,2026-01-19,XQJ10000000026180736,订单明细20260329030624.xlsx
黄山(新制皖烟),140.0,121.9,1.0,121.9,2026-01-19,XQJ10000000026180736,订单明细20260329030624.xlsx
黄山(新制皖烟),140.0,121.9,1.0,121.9,2026-01-19,XQJ10000000026180736,订单明细20260329030624.xlsx
黄山(新制皖烟),140.0,121.9,1.0,121.9,2026-01-19,XQJ10000000026180736,订单明细20260329030624.xlsx
黄山(新制皖烟),140.0,121.9,1.0,121.9,2026-01-19,XQJ10000000026180736,订单明细20260329030624.xlsx
黄果树(佳品),70.0,61.5,0.0,0.0,2026-01-19,XQJ10000000026180736,订单明细20260329030624.xlsx
黄果树(佳品),70.0,61.5,0.0,0.0,2026-01-19,XQJ10000000026180736,订单明细20260329030624.xlsx
黄果树(佳品),70.0,61.5,0.0,0.0,2026-01-19,XQJ10000000026180736,订单明细20260329030624.xlsx
黄果树(佳品),70.0,61.5,0.0,0.0,2026-01-19,XQJ10000000026180736,订单明细20260329030624.xlsx
黄果树(佳品),70.0,61.5,0.0,0.0,2026-01-19,XQJ10000000026180736,订单明细20260329030624.xlsx
黄果树(佳品),70.0,61.5,0.0,0.0,2026-01-19,XQJ10000000026180736,订单明细20260329030624.xlsx
黄金叶(乐途),140.0,121.9,0.0,0.0,2026-01-19,XQJ10000000026180736,订单明细20260329030624.xlsx
黄金叶(乐途),140.0,121.9,0.0,0.0,2026-01-19,XQJ10000000026180736,订单明细20260329030624.xlsx
黄金叶(乐途),140.0,121.9,0.0,0.0,2026-01-19,XQJ10000000026180736,订单明细20260329030624.xlsx
黄金叶(乐途),140.0,121.9,0.0,0.0,2026-01-19,XQJ10000000026180736,订单明细20260329030624.xlsx
黄金叶(乐途),140.0,121.9,0.0,0.0,2026-01-19,XQJ10000000026180736,订单明细20260329030624.xlsx
黄金叶(乐途),140.0,121.9,0.0,0.0,2026-01-19,XQJ10000000026180736,订单明细20260329030624.xlsx
黄金叶(商鼎),200.0,175.0,0.0,0.0,2026-01-19,XQJ10000000026180736,订单明细20260329030624.xlsx
黄金叶(商鼎),200.0,175.0,0.0,0.0,2026-01-19,XQJ10000000026180736,订单明细20260329030624.xlsx
黄金叶(商鼎),200.0,175.0,0.0,0.0,2026-01-19,XQJ10000000026180736,订单明细20260329030624.xlsx
黄金叶(商鼎),200.0,175.0,0.0,0.0,2026-01-19,XQJ10000000026180736,订单明细20260329030624.xlsx
黄金叶(商鼎),200.0,175.0,0.0,0.0,2026-01-19,XQJ10000000026180736,订单明细20260329030624.xlsx
黄金叶(商鼎),200.0,175.0,0.0,0.0,2026-01-19,XQJ10000000026180736,订单明细20260329030624.xlsx
黄金叶(大成细支),350.0,263.0,0.0,0.0,2026-01-19,XQJ10000000026180736,订单明细20260329030624.xlsx
黄金叶(大成细支),350.0,263.0,0.0,0.0,2026-01-19,XQJ10000000026180736,订单明细20260329030624.xlsx
黄金叶(大成细支),350.0,263.0,0.0,0.0,2026-01-19,XQJ10000000026180736,订单明细20260329030624.xlsx
黄金叶(大成细支),350.0,263.0,0.0,0.0,2026-01-19,XQJ10000000026180736,订单明细20260329030624.xlsx
黄金叶(大成细支),350.0,263.0,0.0,0.0,2026-01-19,XQJ10000000026180736,订单明细20260329030624.xlsx
黄金叶(大成细支),350.0,263.0,0.0,0.0,2026-01-19,XQJ10000000026180736,订单明细20260329030624.xlsx
黄金叶(天叶),1000.0,678.4,0.0,0.0,2026-01-19,XQJ10000000026180736,订单明细20260329030624.xlsx
黄金叶(天叶),1000.0,678.4,0.0,0.0,2026-01-19,XQJ10000000026180736,订单明细20260329030624.xlsx
黄金叶(天叶),1000.0,678.4,0.0,0.0,2026-01-19,XQJ10000000026180736,订单明细20260329030624.xlsx
黄金叶(天叶),1000.0,678.4,0.0,0.0,2026-01-19,XQJ10000000026180736,订单明细20260329030624.xlsx
黄金叶(天叶),1000.0,678.4,0.0,0.0,2026-01-19,XQJ10000000026180736,订单明细20260329030624.xlsx
黄金叶(天叶),1000.0,678.4,0.0,0.0,2026-01-19,XQJ10000000026180736,订单明细20260329030624.xlsx
黄金叶(天叶中支),1200.0,1000.0,0.0,0.0,2026-01-19,XQJ10000000026180736,订单明细20260329030624.xlsx
黄金叶(天叶中支),1200.0,1000.0,0.0,0.0,2026-01-19,XQJ10000000026180736,订单明细20260329030624.xlsx
黄金叶(天叶中支),1200.0,1000.0,0.0,0.0,2026-01-19,XQJ10000000026180736,订单明细20260329030624.xlsx
黄金叶(天叶中支),1200.0,1000.0,0.0,0.0,2026-01-19,XQJ10000000026180736,订单明细20260329030624.xlsx
黄金叶(天叶中支),1200.0,1000.0,0.0,0.0,2026-01-19,XQJ10000000026180736,订单明细20260329030624.xlsx
黄金叶(天叶中支),1200.0,1000.0,0.0,0.0,2026-01-19,XQJ10000000026180736,订单明细20260329030624.xlsx
黄金叶(天叶细支),1000.0,848.0,0.0,0.0,2026-01-19,XQJ10000000026180736,订单明细20260329030624.xlsx
黄金叶(天叶细支),1000.0,848.0,0.0,0.0,2026-01-19,XQJ10000000026180736,订单明细20260329030624.xlsx
黄金叶(天叶细支),1000.0,848.0,0.0,0.0,2026-01-19,XQJ10000000026180736,订单明细20260329030624.xlsx
黄金叶(天叶细支),1000.0,848.0,0.0,0.0,2026-01-19,XQJ10000000026180736,订单明细20260329030624.xlsx
黄金叶(天叶细支),1000.0,848.0,0.0,0.0,2026-01-19,XQJ10000000026180736,订单明细20260329030624.xlsx
黄金叶(天叶细支),1000.0,848.0,0.0,0.0,2026-01-19,XQJ10000000026180736,订单明细20260329030624.xlsx
黄金叶(天香中支),550.0,424.0,0.0,0.0,2026-01-19,XQJ10000000026180736,订单明细20260329030624.xlsx
黄金叶(天香中支),550.0,424.0,0.0,0.0,2026-01-19,XQJ10000000026180736,订单明细20260329030624.xlsx
黄金叶(天香中支),550.0,424.0,0.0,0.0,2026-01-19,XQJ10000000026180736,订单明细20260329030624.xlsx
黄金叶(天香中支),550.0,424.0,0.0,0.0,2026-01-19,XQJ10000000026180736,订单明细20260329030624.xlsx
黄金叶(天香中支),550.0,424.0,0.0,0.0,2026-01-19,XQJ10000000026180736,订单明细20260329030624.xlsx
黄金叶(天香中支),550.0,424.0,0.0,0.0,2026-01-19,XQJ10000000026180736,订单明细20260329030624.xlsx
黄金叶(天香细支),550.0,455.8,1.0,455.8,2026-01-19,XQJ10000000026180736,订单明细20260329030624.xlsx
黄金叶(天香细支),550.0,455.8,1.0,455.8,2026-01-19,XQJ10000000026180736,订单明细20260329030624.xlsx
黄金叶(天香细支),550.0,455.8,1.0,455.8,2026-01-19,XQJ10000000026180736,订单明细20260329030624.xlsx
黄金叶(天香细支),550.0,455.8,1.0,455.8,2026-01-19,XQJ10000000026180736,订单明细20260329030624.xlsx
黄金叶(天香细支),550.0,455.8,1.0,455.8,2026-01-19,XQJ10000000026180736,订单明细20260329030624.xlsx
黄金叶(天香细支),550.0,455.8,1.0,455.8,2026-01-19,XQJ10000000026180736,订单明细20260329030624.xlsx
黄金叶(浓香细支),300.0,263.0,0.0,0.0,2026-01-19,XQJ10000000026180736,订单明细20260329030624.xlsx
黄金叶(浓香细支),300.0,263.0,0.0,0.0,2026-01-19,XQJ10000000026180736,订单明细20260329030624.xlsx
黄金叶(浓香细支),300.0,263.0,0.0,0.0,2026-01-19,XQJ10000000026180736,订单明细20260329030624.xlsx
黄金叶(浓香细支),300.0,263.0,0.0,0.0,2026-01-19,XQJ10000000026180736,订单明细20260329030624.xlsx
黄金叶(浓香细支),300.0,263.0,0.0,0.0,2026-01-19,XQJ10000000026180736,订单明细20260329030624.xlsx
黄金叶(浓香细支),300.0,263.0,0.0,0.0,2026-01-19,XQJ10000000026180736,订单明细20260329030624.xlsx
黄金叶(炫尚),200.0,175.0,1.0,175.0,2026-01-19,XQJ10000000026180736,订单明细20260329030624.xlsx
黄金叶(炫尚),200.0,175.0,1.0,175.0,2026-01-19,XQJ10000000026180736,订单明细20260329030624.xlsx
黄金叶(炫尚),200.0,175.0,1.0,175.0,2026-01-19,XQJ10000000026180736,订单明细20260329030624.xlsx
黄金叶(炫尚),200.0,175.0,1.0,175.0,2026-01-19,XQJ10000000026180736,订单明细20260329030624.xlsx
黄金叶(炫尚),200.0,175.0,1.0,175.0,2026-01-19,XQJ10000000026180736,订单明细20260329030624.xlsx
黄金叶(炫尚),200.0,175.0,1.0,175.0,2026-01-19,XQJ10000000026180736,订单明细20260329030624.xlsx
黄金叶(爱尚),160.0,139.92,0.0,0.0,2026-01-19,XQJ10000000026180736,订单明细20260329030624.xlsx
黄金叶(爱尚),160.0,139.92,0.0,0.0,2026-01-19,XQJ10000000026180736,订单明细20260329030624.xlsx
黄金叶(爱尚),160.0,139.92,0.0,0.0,2026-01-19,XQJ10000000026180736,订单明细20260329030624.xlsx
黄金叶(爱尚),160.0,139.92,0.0,0.0,2026-01-19,XQJ10000000026180736,订单明细20260329030624.xlsx
黄金叶(爱尚),160.0,139.92,0.0,0.0,2026-01-19,XQJ10000000026180736,订单明细20260329030624.xlsx
黄金叶(爱尚),160.0,139.92,0.0,0.0,2026-01-19,XQJ10000000026180736,订单明细20260329030624.xlsx
黄金叶(软天叶),900.0,763.2,1.0,763.2,2026-01-19,XQJ10000000026180736,订单明细20260329030624.xlsx
黄金叶(软天叶),900.0,763.2,1.0,763.2,2026-01-19,XQJ10000000026180736,订单明细20260329030624.xlsx
黄金叶(软天叶),900.0,763.2,1.0,763.2,2026-01-19,XQJ10000000026180736,订单明细20260329030624.xlsx
黄金叶(软天叶),900.0,763.2,1.0,763.2,2026-01-19,XQJ10000000026180736,订单明细20260329030624.xlsx
黄金叶(软天叶),900.0,763.2,1.0,763.2,2026-01-19,XQJ10000000026180736,订单明细20260329030624.xlsx
黄金叶(软天叶),900.0,763.2,1.0,763.2,2026-01-19,XQJ10000000026180736,订单明细20260329030624.xlsx
黄鹤楼(1916雪之梦3号),1800.0,1200.0,0.0,0.0,2026-01-19,XQJ10000000026180736,订单明细20260329030624.xlsx
黄鹤楼(1916雪之梦3号),1800.0,1200.0,0.0,0.0,2026-01-19,XQJ10000000026180736,订单明细20260329030624.xlsx
黄鹤楼(1916雪之梦3号),1800.0,1200.0,0.0,0.0,2026-01-19,XQJ10000000026180736,订单明细20260329030624.xlsx
黄鹤楼(1916雪之梦3号),1800.0,1200.0,0.0,0.0,2026-01-19,XQJ10000000026180736,订单明细20260329030624.xlsx
黄鹤楼(1916雪之梦3号),1800.0,1200.0,0.0,0.0,2026-01-19,XQJ10000000026180736,订单明细20260329030624.xlsx
黄鹤楼(1916雪之梦3号),1800.0,1200.0,0.0,0.0,2026-01-19,XQJ10000000026180736,订单明细20260329030624.xlsx
黄鹤楼(冰咖),260.0,225.0,1.0,225.0,2026-01-19,XQJ10000000026180736,订单明细20260329030624.xlsx
黄鹤楼(冰咖),260.0,225.0,1.0,225.0,2026-01-19,XQJ10000000026180736,订单明细20260329030624.xlsx
黄鹤楼(冰咖),260.0,225.0,1.0,225.0,2026-01-19,XQJ10000000026180736,订单明细20260329030624.xlsx
黄鹤楼(冰咖),260.0,225.0,1.0,225.0,2026-01-19,XQJ10000000026180736,订单明细20260329030624.xlsx
黄鹤楼(冰咖),260.0,225.0,1.0,225.0,2026-01-19,XQJ10000000026180736,订单明细20260329030624.xlsx
黄鹤楼(冰咖),260.0,225.0,1.0,225.0,2026-01-19,XQJ10000000026180736,订单明细20260329030624.xlsx
黄鹤楼(天下名楼),160.0,139.92,0.0,0.0,2026-01-19,XQJ10000000026180736,订单明细20260329030624.xlsx
黄鹤楼(天下名楼),160.0,139.92,0.0,0.0,2026-01-19,XQJ10000000026180736,订单明细20260329030624.xlsx
黄鹤楼(天下名楼),160.0,139.92,0.0,0.0,2026-01-19,XQJ10000000026180736,订单明细20260329030624.xlsx
黄鹤楼(天下名楼),160.0,139.92,0.0,0.0,2026-01-19,XQJ10000000026180736,订单明细20260329030624.xlsx
黄鹤楼(天下名楼),160.0,139.92,0.0,0.0,2026-01-19,XQJ10000000026180736,订单明细20260329030624.xlsx
黄鹤楼(天下名楼),160.0,139.92,0.0,0.0,2026-01-19,XQJ10000000026180736,订单明细20260329030624.xlsx
黄鹤楼(炫彩),400.0,280.0,0.0,0.0,2026-01-19,XQJ10000000026180736,订单明细20260329030624.xlsx
黄鹤楼(炫彩),400.0,280.0,0.0,0.0,2026-01-19,XQJ10000000026180736,订单明细20260329030624.xlsx
黄鹤楼(炫彩),400.0,280.0,0.0,0.0,2026-01-19,XQJ10000000026180736,订单明细20260329030624.xlsx
黄鹤楼(炫彩),400.0,280.0,0.0,0.0,2026-01-19,XQJ10000000026180736,订单明细20260329030624.xlsx
黄鹤楼(炫彩),400.0,280.0,0.0,0.0,2026-01-19,XQJ10000000026180736,订单明细20260329030624.xlsx
黄鹤楼(炫彩),400.0,280.0,0.0,0.0,2026-01-19,XQJ10000000026180736,订单明细20260329030624.xlsx
黄鹤楼(硬15细支),1000.0,848.0,1.0,848.0,2026-01-19,XQJ10000000026180736,订单明细20260329030624.xlsx
黄鹤楼(硬15细支),1000.0,848.0,1.0,848.0,2026-01-19,XQJ10000000026180736,订单明细20260329030624.xlsx
黄鹤楼(硬15细支),1000.0,848.0,1.0,848.0,2026-01-19,XQJ10000000026180736,订单明细20260329030624.xlsx
黄鹤楼(硬15细支),1000.0,848.0,1.0,848.0,2026-01-19,XQJ10000000026180736,订单明细20260329030624.xlsx
黄鹤楼(硬15细支),1000.0,848.0,1.0,848.0,2026-01-19,XQJ10000000026180736,订单明细20260329030624.xlsx
黄鹤楼(硬15细支),1000.0,848.0,1.0,848.0,2026-01-19,XQJ10000000026180736,订单明细20260329030624.xlsx
黄鹤楼(硬1916),1000.0,848.0,0.0,0.0,2026-01-19,XQJ10000000026180736,订单明细20260329030624.xlsx
黄鹤楼(硬1916),1000.0,848.0,0.0,0.0,2026-01-19,XQJ10000000026180736,订单明细20260329030624.xlsx
黄鹤楼(硬1916),1000.0,848.0,0.0,0.0,2026-01-19,XQJ10000000026180736,订单明细20260329030624.xlsx
黄鹤楼(硬1916),1000.0,848.0,0.0,0.0,2026-01-19,XQJ10000000026180736,订单明细20260329030624.xlsx
黄鹤楼(硬1916),1000.0,848.0,0.0,0.0,2026-01-19,XQJ10000000026180736,订单明细20260329030624.xlsx
黄鹤楼(硬1916),1000.0,848.0,0.0,0.0,2026-01-19,XQJ10000000026180736,订单明细20260329030624.xlsx
黄鹤楼(硬1916如意),1000.0,763.2,0.0,0.0,2026-01-19,XQJ10000000026180736,订单明细20260329030624.xlsx
黄鹤楼(硬1916如意),1000.0,763.2,0.0,0.0,2026-01-19,XQJ10000000026180736,订单明细20260329030624.xlsx
黄鹤楼(硬1916如意),1000.0,763.2,0.0,0.0,2026-01-19,XQJ10000000026180736,订单明细20260329030624.xlsx
黄鹤楼(硬1916如意),1000.0,763.2,0.0,0.0,2026-01-19,XQJ10000000026180736,订单明细20260329030624.xlsx
黄鹤楼(硬1916如意),1000.0,763.2,0.0,0.0,2026-01-19,XQJ10000000026180736,订单明细20260329030624.xlsx
黄鹤楼(硬1916如意),1000.0,763.2,0.0,0.0,2026-01-19,XQJ10000000026180736,订单明细20260329030624.xlsx
黄鹤楼(硬1916红爆),1000.0,720.8,1.0,720.8,2026-01-19,XQJ10000000026180736,订单明细20260329030624.xlsx
黄鹤楼(硬1916红爆),1000.0,720.8,1.0,720.8,2026-01-19,XQJ10000000026180736,订单明细20260329030624.xlsx
黄鹤楼(硬1916红爆),1000.0,720.8,1.0,720.8,2026-01-19,XQJ10000000026180736,订单明细20260329030624.xlsx
黄鹤楼(硬1916红爆),1000.0,720.8,1.0,720.8,2026-01-19,XQJ10000000026180736,订单明细20260329030624.xlsx
黄鹤楼(硬1916红爆),1000.0,720.8,1.0,720.8,2026-01-19,XQJ10000000026180736,订单明细20260329030624.xlsx
黄鹤楼(硬1916红爆),1000.0,720.8,1.0,720.8,2026-01-19,XQJ10000000026180736,订单明细20260329030624.xlsx
黄鹤楼(硬峡谷情细支),350.0,263.0,0.0,0.0,2026-01-19,XQJ10000000026180736,订单明细20260329030624.xlsx
黄鹤楼(硬峡谷情细支),350.0,263.0,0.0,0.0,2026-01-19,XQJ10000000026180736,订单明细20260329030624.xlsx
黄鹤楼(硬峡谷情细支),350.0,263.0,0.0,0.0,2026-01-19,XQJ10000000026180736,订单明细20260329030624.xlsx
黄鹤楼(硬峡谷情细支),350.0,263.0,0.0,0.0,2026-01-19,XQJ10000000026180736,订单明细20260329030624.xlsx
黄鹤楼(硬峡谷情细支),350.0,263.0,0.0,0.0,2026-01-19,XQJ10000000026180736,订单明细20260329030624.xlsx
黄鹤楼(硬峡谷情细支),350.0,263.0,0.0,0.0,2026-01-19,XQJ10000000026180736,订单明细20260329030624.xlsx
黄鹤楼(硬峡谷柔情),400.0,263.0,1.0,263.0,2026-01-19,XQJ10000000026180736,订单明细20260329030624.xlsx
黄鹤楼(硬峡谷柔情),400.0,263.0,1.0,263.0,2026-01-19,XQJ10000000026180736,订单明细20260329030624.xlsx
黄鹤楼(硬峡谷柔情),400.0,263.0,1.0,263.0,2026-01-19,XQJ10000000026180736,订单明细20260329030624.xlsx
黄鹤楼(硬峡谷柔情),400.0,263.0,1.0,263.0,2026-01-19,XQJ10000000026180736,订单明细20260329030624.xlsx
黄鹤楼(硬峡谷柔情),400.0,263.0,1.0,263.0,2026-01-19,XQJ10000000026180736,订单明细20260329030624.xlsx
黄鹤楼(硬峡谷柔情),400.0,263.0,1.0,263.0,2026-01-19,XQJ10000000026180736,订单明细20260329030624.xlsx
黄鹤楼(硬平安),1000.0,720.8,0.0,0.0,2026-01-19,XQJ10000000026180736,订单明细20260329030624.xlsx
黄鹤楼(硬平安),1000.0,720.8,0.0,0.0,2026-01-19,XQJ10000000026180736,订单明细20260329030624.xlsx
黄鹤楼(硬平安),1000.0,720.8,0.0,0.0,2026-01-19,XQJ10000000026180736,订单明细20260329030624.xlsx
黄鹤楼(硬平安),1000.0,720.8,0.0,0.0,2026-01-19,XQJ10000000026180736,订单明细20260329030624.xlsx
黄鹤楼(硬平安),1000.0,720.8,0.0,0.0,2026-01-19,XQJ10000000026180736,订单明细20260329030624.xlsx
黄鹤楼(硬平安),1000.0,720.8,0.0,0.0,2026-01-19,XQJ10000000026180736,订单明细20260329030624.xlsx
黄鹤楼(视窗),400.0,300.0,0.0,0.0,2026-01-19,XQJ10000000026180736,订单明细20260329030624.xlsx
黄鹤楼(视窗),400.0,300.0,0.0,0.0,2026-01-19,XQJ10000000026180736,订单明细20260329030624.xlsx
黄鹤楼(视窗),400.0,300.0,0.0,0.0,2026-01-19,XQJ10000000026180736,订单明细20260329030624.xlsx
黄鹤楼(视窗),400.0,300.0,0.0,0.0,2026-01-19,XQJ10000000026180736,订单明细20260329030624.xlsx
黄鹤楼(视窗),400.0,300.0,0.0,0.0,2026-01-19,XQJ10000000026180736,订单明细20260329030624.xlsx
黄鹤楼(视窗),400.0,300.0,0.0,0.0,2026-01-19,XQJ10000000026180736,订单明细20260329030624.xlsx
黄鹤楼(软1916),1000.0,848.0,0.0,0.0,2026-01-19,XQJ10000000026180736,订单明细20260329030624.xlsx
黄鹤楼(软1916),1000.0,848.0,0.0,0.0,2026-01-19,XQJ10000000026180736,订单明细20260329030624.xlsx
黄鹤楼(软1916),1000.0,848.0,0.0,0.0,2026-01-19,XQJ10000000026180736,订单明细20260329030624.xlsx
黄鹤楼(软1916),1000.0,848.0,0.0,0.0,2026-01-19,XQJ10000000026180736,订单明细20260329030624.xlsx
黄鹤楼(软1916),1000.0,848.0,0.0,0.0,2026-01-19,XQJ10000000026180736,订单明细20260329030624.xlsx
黄鹤楼(软1916),1000.0,848.0,0.0,0.0,2026-01-19,XQJ10000000026180736,订单明细20260329030624.xlsx
黄鹤楼(软蓝),190.0,164.3,1.0,164.3,2026-01-19,XQJ10000000026180736,订单明细20260329030624.xlsx
黄鹤楼(软蓝),190.0,164.3,1.0,164.3,2026-01-19,XQJ10000000026180736,订单明细20260329030624.xlsx
黄鹤楼(软蓝),190.0,164.3,1.0,164.3,2026-01-19,XQJ10000000026180736,订单明细20260329030624.xlsx
黄鹤楼(软蓝),190.0,164.3,1.0,164.3,2026-01-19,XQJ10000000026180736,订单明细20260329030624.xlsx
黄鹤楼(软蓝),190.0,164.3,1.0,164.3,2026-01-19,XQJ10000000026180736,订单明细20260329030624.xlsx
黄鹤楼(软蓝),190.0,164.3,1.0,164.3,2026-01-19,XQJ10000000026180736,订单明细20260329030624.xlsx
黄鹤楼(迷你醇味),240.0,182.4,0.0,0.0,2026-01-19,XQJ10000000026180736,订单明细20260329030624.xlsx
黄鹤楼(迷你醇味),240.0,182.4,0.0,0.0,2026-01-19,XQJ10000000026180736,订单明细20260329030624.xlsx
黄鹤楼(迷你醇味),240.0,182.4,0.0,0.0,2026-01-19,XQJ10000000026180736,订单明细20260329030624.xlsx
黄鹤楼(迷你醇味),240.0,182.4,0.0,0.0,2026-01-19,XQJ10000000026180736,订单明细20260329030624.xlsx
黄鹤楼(迷你醇味),240.0,182.4,0.0,0.0,2026-01-19,XQJ10000000026180736,订单明细20260329030624.xlsx
黄鹤楼(迷你醇味),240.0,182.4,0.0,0.0,2026-01-19,XQJ10000000026180736,订单明细20260329030624.xlsx
黄鹤楼(逍遥5号),1200.0,760.0,0.0,0.0,2026-01-19,XQJ10000000026180736,订单明细20260329030624.xlsx
黄鹤楼(逍遥5号),1200.0,760.0,0.0,0.0,2026-01-19,XQJ10000000026180736,订单明细20260329030624.xlsx
黄鹤楼(逍遥5号),1200.0,760.0,0.0,0.0,2026-01-19,XQJ10000000026180736,订单明细20260329030624.xlsx
黄鹤楼(逍遥5号),1200.0,760.0,0.0,0.0,2026-01-19,XQJ10000000026180736,订单明细20260329030624.xlsx
黄鹤楼(逍遥5号),1200.0,760.0,0.0,0.0,2026-01-19,XQJ10000000026180736,订单明细20260329030624.xlsx
黄鹤楼(逍遥5号),1200.0,760.0,0.0,0.0,2026-01-19,XQJ10000000026180736,订单明细20260329030624.xlsx
黄鹤楼(逍遥6号),1000.0,700.0,0.0,0.0,2026-01-19,XQJ10000000026180736,订单明细20260329030624.xlsx
黄鹤楼(逍遥6号),1000.0,700.0,0.0,0.0,2026-01-19,XQJ10000000026180736,订单明细20260329030624.xlsx
黄鹤楼(逍遥6号),1000.0,700.0,0.0,0.0,2026-01-19,XQJ10000000026180736,订单明细20260329030624.xlsx
黄鹤楼(逍遥6号),1000.0,700.0,0.0,0.0,2026-01-19,XQJ10000000026180736,订单明细20260329030624.xlsx
黄鹤楼(逍遥6号),1000.0,700.0,0.0,0.0,2026-01-19,XQJ10000000026180736,订单明细20260329030624.xlsx
黄鹤楼(逍遥6号),1000.0,700.0,0.0,0.0,2026-01-19,XQJ10000000026180736,订单明细20260329030624.xlsx
黄鹤楼(逍遥7号),850.0,595.0,0.0,0.0,2026-01-19,XQJ10000000026180736,订单明细20260329030624.xlsx
黄鹤楼(逍遥7号),850.0,595.0,0.0,0.0,2026-01-19,XQJ10000000026180736,订单明细20260329030624.xlsx
黄鹤楼(逍遥7号),850.0,595.0,0.0,0.0,2026-01-19,XQJ10000000026180736,订单明细20260329030624.xlsx
黄鹤楼(逍遥7号),850.0,595.0,0.0,0.0,2026-01-19,XQJ10000000026180736,订单明细20260329030624.xlsx
黄鹤楼(逍遥7号),850.0,595.0,0.0,0.0,2026-01-19,XQJ10000000026180736,订单明细20260329030624.xlsx
黄鹤楼(逍遥7号),850.0,595.0,0.0,0.0,2026-01-19,XQJ10000000026180736,订单明细20260329030624.xlsx
黄鹤楼(雪之梦10号),1200.0,744.0,0.0,0.0,2026-01-19,XQJ10000000026180736,订单明细20260329030624.xlsx
黄鹤楼(雪之梦10号),1200.0,744.0,0.0,0.0,2026-01-19,XQJ10000000026180736,订单明细20260329030624.xlsx
黄鹤楼(雪之梦10号),1200.0,744.0,0.0,0.0,2026-01-19,XQJ10000000026180736,订单明细20260329030624.xlsx
黄鹤楼(雪之梦10号),1200.0,744.0,0.0,0.0,2026-01-19,XQJ10000000026180736,订单明细20260329030624.xlsx
黄鹤楼(雪之梦10号),1200.0,744.0,0.0,0.0,2026-01-19,XQJ10000000026180736,订单明细20260329030624.xlsx
黄鹤楼(雪之梦10号),1200.0,744.0,0.0,0.0,2026-01-19,XQJ10000000026180736,订单明细20260329030624.xlsx
黄鹤楼(雪之梦5号),800.0,560.0,0.0,0.0,2026-01-19,XQJ10000000026180736,订单明细20260329030624.xlsx
黄鹤楼(雪之梦5号),800.0,560.0,0.0,0.0,2026-01-19,XQJ10000000026180736,订单明细20260329030624.xlsx
黄鹤楼(雪之梦5号),800.0,560.0,0.0,0.0,2026-01-19,XQJ10000000026180736,订单明细20260329030624.xlsx
黄鹤楼(雪之梦5号),800.0,560.0,0.0,0.0,2026-01-19,XQJ10000000026180736,订单明细20260329030624.xlsx
黄鹤楼(雪之梦5号),800.0,560.0,0.0,0.0,2026-01-19,XQJ10000000026180736,订单明细20260329030624.xlsx
黄鹤楼(雪之梦5号),800.0,560.0,0.0,0.0,2026-01-19,XQJ10000000026180736,订单明细20260329030624.xlsx
黄鹤楼(雪之梦7号),700.0,460.0,0.0,0.0,2026-01-19,XQJ10000000026180736,订单明细20260329030624.xlsx
黄鹤楼(雪之梦7号),700.0,460.0,0.0,0.0,2026-01-19,XQJ10000000026180736,订单明细20260329030624.xlsx
黄鹤楼(雪之梦7号),700.0,460.0,0.0,0.0,2026-01-19,XQJ10000000026180736,订单明细20260329030624.xlsx
黄鹤楼(雪之梦7号),700.0,460.0,0.0,0.0,2026-01-19,XQJ10000000026180736,订单明细20260329030624.xlsx
黄鹤楼(雪之梦7号),700.0,460.0,0.0,0.0,2026-01-19,XQJ10000000026180736,订单明细20260329030624.xlsx
黄鹤楼(雪之梦7号),700.0,460.0,0.0,0.0,2026-01-19,XQJ10000000026180736,订单明细20260329030624.xlsx
黄鹤楼(雪之梦8号),500.0,300.0,0.0,0.0,2026-01-19,XQJ10000000026180736,订单明细20260329030624.xlsx
黄鹤楼(雪之梦8号),500.0,300.0,0.0,0.0,2026-01-19,XQJ10000000026180736,订单明细20260329030624.xlsx
黄鹤楼(雪之梦8号),500.0,300.0,0.0,0.0,2026-01-19,XQJ10000000026180736,订单明细20260329030624.xlsx
黄鹤楼(雪之梦8号),500.0,300.0,0.0,0.0,2026-01-19,XQJ10000000026180736,订单明细20260329030624.xlsx
黄鹤楼(雪之梦8号),500.0,300.0,0.0,0.0,2026-01-19,XQJ10000000026180736,订单明细20260329030624.xlsx
黄鹤楼(雪之梦8号),500.0,300.0,0.0,0.0,2026-01-19,XQJ10000000026180736,订单明细20260329030624.xlsx
黄鹤楼(雪之梦9号),1100.0,700.0,0.0,0.0,2026-01-19,XQJ10000000026180736,订单明细20260329030624.xlsx
黄鹤楼(雪之梦9号),1100.0,700.0,0.0,0.0,2026-01-19,XQJ10000000026180736,订单明细20260329030624.xlsx
黄鹤楼(雪之梦9号),1100.0,700.0,0.0,0.0,2026-01-19,XQJ10000000026180736,订单明细20260329030624.xlsx
黄鹤楼(雪之梦9号),1100.0,700.0,0.0,0.0,2026-01-19,XQJ10000000026180736,订单明细20260329030624.xlsx
黄鹤楼(雪之梦9号),1100.0,700.0,0.0,0.0,2026-01-19,XQJ10000000026180736,订单明细20260329030624.xlsx
黄鹤楼(雪之梦9号),1100.0,700.0,0.0,0.0,2026-01-19,XQJ10000000026180736,订单明细20260329030624.xlsx
黄鹤楼(雪之韵2号),240.0,180.0,0.0,0.0,2026-01-19,XQJ10000000026180736,订单明细20260329030624.xlsx
黄鹤楼(雪之韵2号),240.0,180.0,0.0,0.0,2026-01-19,XQJ10000000026180736,订单明细20260329030624.xlsx
黄鹤楼(雪之韵2号),240.0,180.0,0.0,0.0,2026-01-19,XQJ10000000026180736,订单明细20260329030624.xlsx
黄鹤楼(雪之韵2号),240.0,180.0,0.0,0.0,2026-01-19,XQJ10000000026180736,订单明细20260329030624.xlsx
黄鹤楼(雪之韵2号),240.0,180.0,0.0,0.0,2026-01-19,XQJ10000000026180736,订单明细20260329030624.xlsx
黄鹤楼(雪之韵2号),240.0,180.0,0.0,0.0,2026-01-19,XQJ10000000026180736,订单明细20260329030624.xlsx
中华(硬),450.0,381.6,1.0,381.6,2026-01-26,XQJ10000000026204380,订单明细20260329030617.xlsx
中华(硬),450.0,381.6,1.0,381.6,2026-01-26,XQJ10000000026204380,订单明细20260329030617.xlsx
中华(硬),450.0,381.6,1.0,381.6,2026-01-26,XQJ10000000026204380,订单明细20260329030617.xlsx
中华(硬),450.0,381.6,1.0,381.6,2026-01-26,XQJ10000000026204380,订单明细20260329030617.xlsx
中华(硬),450.0,381.6,1.0,381.6,2026-01-26,XQJ10000000026204380,订单明细20260329030617.xlsx
中华(硬),450.0,381.6,1.0,381.6,2026-01-26,XQJ10000000026204380,订单明细20260329030617.xlsx
中华(金双中),600.0,510.0,1.0,510.0,2026-01-26,XQJ10000000026204380,订单明细20260329030617.xlsx
中华(金双中),600.0,510.0,1.0,510.0,2026-01-26,XQJ10000000026204380,订单明细20260329030617.xlsx
中华(金双中),600.0,510.0,1.0,510.0,2026-01-26,XQJ10000000026204380,订单明细20260329030617.xlsx
中华(金双中),600.0,510.0,1.0,510.0,2026-01-26,XQJ10000000026204380,订单明细20260329030617.xlsx
中华(金双中),600.0,510.0,1.0,510.0,2026-01-26,XQJ10000000026204380,订单明细20260329030617.xlsx
中华(金双中),600.0,510.0,1.0,510.0,2026-01-26,XQJ10000000026204380,订单明细20260329030617.xlsx
云烟(中支云龙),200.0,175.0,3.0,525.0,2026-01-26,XQJ10000000026204380,订单明细20260329030617.xlsx
云烟(中支云龙),200.0,175.0,3.0,525.0,2026-01-26,XQJ10000000026204380,订单明细20260329030617.xlsx
云烟(中支云龙),200.0,175.0,3.0,525.0,2026-01-26,XQJ10000000026204380,订单明细20260329030617.xlsx
云烟(中支云龙),200.0,175.0,3.0,525.0,2026-01-26,XQJ10000000026204380,订单明细20260329030617.xlsx
云烟(中支云龙),200.0,175.0,3.0,525.0,2026-01-26,XQJ10000000026204380,订单明细20260329030617.xlsx
云烟(中支云龙),200.0,175.0,3.0,525.0,2026-01-26,XQJ10000000026204380,订单明细20260329030617.xlsx
云烟(中支大重九),1000.0,848.0,2.0,1696.0,2026-01-26,XQJ10000000026204380,订单明细20260329030617.xlsx
云烟(中支大重九),1000.0,848.0,2.0,1696.0,2026-01-26,XQJ10000000026204380,订单明细20260329030617.xlsx
云烟(中支大重九),1000.0,848.0,2.0,1696.0,2026-01-26,XQJ10000000026204380,订单明细20260329030617.xlsx
云烟(中支大重九),1000.0,848.0,2.0,1696.0,2026-01-26,XQJ10000000026204380,订单明细20260329030617.xlsx
云烟(中支大重九),1000.0,848.0,2.0,1696.0,2026-01-26,XQJ10000000026204380,订单明细20260329030617.xlsx
云烟(中支大重九),1000.0,848.0,2.0,1696.0,2026-01-26,XQJ10000000026204380,订单明细20260329030617.xlsx
云烟(中支小重九),500.0,424.0,5.0,2120.0,2026-01-26,XQJ10000000026204380,订单明细20260329030617.xlsx
云烟(中支小重九),500.0,424.0,5.0,2120.0,2026-01-26,XQJ10000000026204380,订单明细20260329030617.xlsx
云烟(中支小重九),500.0,424.0,5.0,2120.0,2026-01-26,XQJ10000000026204380,订单明细20260329030617.xlsx
云烟(中支小重九),500.0,424.0,5.0,2120.0,2026-01-26,XQJ10000000026204380,订单明细20260329030617.xlsx
云烟(中支小重九),500.0,424.0,5.0,2120.0,2026-01-26,XQJ10000000026204380,订单明细20260329030617.xlsx
云烟(中支小重九),500.0,424.0,5.0,2120.0,2026-01-26,XQJ10000000026204380,订单明细20260329030617.xlsx
云烟(中支金腰带),300.0,263.0,8.0,2104.0,2026-01-26,XQJ10000000026204380,订单明细20260329030617.xlsx
云烟(中支金腰带),300.0,263.0,8.0,2104.0,2026-01-26,XQJ10000000026204380,订单明细20260329030617.xlsx
云烟(中支金腰带),300.0,263.0,8.0,2104.0,2026-01-26,XQJ10000000026204380,订单明细20260329030617.xlsx
云烟(中支金腰带),300.0,263.0,8.0,2104.0,2026-01-26,XQJ10000000026204380,订单明细20260329030617.xlsx
云烟(中支金腰带),300.0,263.0,8.0,2104.0,2026-01-26,XQJ10000000026204380,订单明细20260329030617.xlsx
云烟(中支金腰带),300.0,263.0,8.0,2104.0,2026-01-26,XQJ10000000026204380,订单明细20260329030617.xlsx
云烟(印象),650.0,561.8,2.0,1123.6,2026-01-26,XQJ10000000026204380,订单明细20260329030617.xlsx
云烟(印象),650.0,561.8,2.0,1123.6,2026-01-26,XQJ10000000026204380,订单明细20260329030617.xlsx
云烟(印象),650.0,561.8,2.0,1123.6,2026-01-26,XQJ10000000026204380,订单明细20260329030617.xlsx
云烟(印象),650.0,561.8,2.0,1123.6,2026-01-26,XQJ10000000026204380,订单明细20260329030617.xlsx
云烟(印象),650.0,561.8,2.0,1123.6,2026-01-26,XQJ10000000026204380,订单明细20260329030617.xlsx
云烟(印象),650.0,561.8,2.0,1123.6,2026-01-26,XQJ10000000026204380,订单明细20260329030617.xlsx
云烟(印象烟庄),450.0,360.4,2.0,720.8,2026-01-26,XQJ10000000026204380,订单明细20260329030617.xlsx
云烟(印象烟庄),450.0,360.4,2.0,720.8,2026-01-26,XQJ10000000026204380,订单明细20260329030617.xlsx
云烟(印象烟庄),450.0,360.4,2.0,720.8,2026-01-26,XQJ10000000026204380,订单明细20260329030617.xlsx
云烟(印象烟庄),450.0,360.4,2.0,720.8,2026-01-26,XQJ10000000026204380,订单明细20260329030617.xlsx
云烟(印象烟庄),450.0,360.4,2.0,720.8,2026-01-26,XQJ10000000026204380,订单明细20260329030617.xlsx
云烟(印象烟庄),450.0,360.4,2.0,720.8,2026-01-26,XQJ10000000026204380,订单明细20260329030617.xlsx
云烟(硬云龙),150.0,129.3,3.0,387.9,2026-01-26,XQJ10000000026204380,订单明细20260329030617.xlsx
云烟(硬云龙),150.0,129.3,3.0,387.9,2026-01-26,XQJ10000000026204380,订单明细20260329030617.xlsx
云烟(硬云龙),150.0,129.3,3.0,387.9,2026-01-26,XQJ10000000026204380,订单明细20260329030617.xlsx
云烟(硬云龙),150.0,129.3,3.0,387.9,2026-01-26,XQJ10000000026204380,订单明细20260329030617.xlsx
云烟(硬云龙),150.0,129.3,3.0,387.9,2026-01-26,XQJ10000000026204380,订单明细20260329030617.xlsx
云烟(硬云龙),150.0,129.3,3.0,387.9,2026-01-26,XQJ10000000026204380,订单明细20260329030617.xlsx
云烟(福),120.0,107.06,11.0,1177.66,2026-01-26,XQJ10000000026204380,订单明细20260329030617.xlsx
云烟(福),120.0,107.06,11.0,1177.66,2026-01-26,XQJ10000000026204380,订单明细20260329030617.xlsx
云烟(福),120.0,107.06,11.0,1177.66,2026-01-26,XQJ10000000026204380,订单明细20260329030617.xlsx
云烟(福),120.0,107.06,11.0,1177.66,2026-01-26,XQJ10000000026204380,订单明细20260329030617.xlsx
云烟(福),120.0,107.06,11.0,1177.66,2026-01-26,XQJ10000000026204380,订单明细20260329030617.xlsx
云烟(福),120.0,107.06,11.0,1177.66,2026-01-26,XQJ10000000026204380,订单明细20260329030617.xlsx
云烟(紫),130.0,114.5,20.0,2290.0,2026-01-26,XQJ10000000026204380,订单明细20260329030617.xlsx
云烟(紫),130.0,114.5,20.0,2290.0,2026-01-26,XQJ10000000026204380,订单明细20260329030617.xlsx
云烟(紫),130.0,114.5,20.0,2290.0,2026-01-26,XQJ10000000026204380,订单明细20260329030617.xlsx
云烟(紫),130.0,114.5,20.0,2290.0,2026-01-26,XQJ10000000026204380,订单明细20260329030617.xlsx
云烟(紫),130.0,114.5,20.0,2290.0,2026-01-26,XQJ10000000026204380,订单明细20260329030617.xlsx
云烟(紫),130.0,114.5,20.0,2290.0,2026-01-26,XQJ10000000026204380,订单明细20260329030617.xlsx
云烟(细支云龙),150.0,129.3,3.0,387.9,2026-01-26,XQJ10000000026204380,订单明细20260329030617.xlsx
云烟(细支云龙),150.0,129.3,3.0,387.9,2026-01-26,XQJ10000000026204380,订单明细20260329030617.xlsx
云烟(细支云龙),150.0,129.3,3.0,387.9,2026-01-26,XQJ10000000026204380,订单明细20260329030617.xlsx
云烟(细支云龙),150.0,129.3,3.0,387.9,2026-01-26,XQJ10000000026204380,订单明细20260329030617.xlsx
云烟(细支云龙),150.0,129.3,3.0,387.9,2026-01-26,XQJ10000000026204380,订单明细20260329030617.xlsx
云烟(细支云龙),150.0,129.3,3.0,387.9,2026-01-26,XQJ10000000026204380,订单明细20260329030617.xlsx
云烟(细支大重九),1000.0,848.0,7.0,5936.0,2026-01-26,XQJ10000000026204380,订单明细20260329030617.xlsx
云烟(细支大重九),1000.0,848.0,7.0,5936.0,2026-01-26,XQJ10000000026204380,订单明细20260329030617.xlsx
云烟(细支大重九),1000.0,848.0,7.0,5936.0,2026-01-26,XQJ10000000026204380,订单明细20260329030617.xlsx
云烟(细支大重九),1000.0,848.0,7.0,5936.0,2026-01-26,XQJ10000000026204380,订单明细20260329030617.xlsx
云烟(细支大重九),1000.0,848.0,7.0,5936.0,2026-01-26,XQJ10000000026204380,订单明细20260329030617.xlsx
云烟(细支大重九),1000.0,848.0,7.0,5936.0,2026-01-26,XQJ10000000026204380,订单明细20260329030617.xlsx
云烟(细支小重九),500.0,424.0,1.0,424.0,2026-01-26,XQJ10000000026204380,订单明细20260329030617.xlsx
云烟(细支小重九),500.0,424.0,1.0,424.0,2026-01-26,XQJ10000000026204380,订单明细20260329030617.xlsx
云烟(细支小重九),500.0,424.0,1.0,424.0,2026-01-26,XQJ10000000026204380,订单明细20260329030617.xlsx
云烟(细支小重九),500.0,424.0,1.0,424.0,2026-01-26,XQJ10000000026204380,订单明细20260329030617.xlsx
云烟(细支小重九),500.0,424.0,1.0,424.0,2026-01-26,XQJ10000000026204380,订单明细20260329030617.xlsx
云烟(细支小重九),500.0,424.0,1.0,424.0,2026-01-26,XQJ10000000026204380,订单明细20260329030617.xlsx
云烟(细支灵感蘑菇),260.0,225.0,1.0,225.0,2026-01-26,XQJ10000000026204380,订单明细20260329030617.xlsx
云烟(细支灵感蘑菇),260.0,225.0,1.0,225.0,2026-01-26,XQJ10000000026204380,订单明细20260329030617.xlsx
云烟(细支灵感蘑菇),260.0,225.0,1.0,225.0,2026-01-26,XQJ10000000026204380,订单明细20260329030617.xlsx
云烟(细支灵感蘑菇),260.0,225.0,1.0,225.0,2026-01-26,XQJ10000000026204380,订单明细20260329030617.xlsx
云烟(细支灵感蘑菇),260.0,225.0,1.0,225.0,2026-01-26,XQJ10000000026204380,订单明细20260329030617.xlsx
云烟(细支灵感蘑菇),260.0,225.0,1.0,225.0,2026-01-26,XQJ10000000026204380,订单明细20260329030617.xlsx
云烟(细支珍品),260.0,225.0,29.0,6525.0,2026-01-26,XQJ10000000026204380,订单明细20260329030617.xlsx
云烟(细支珍品),260.0,225.0,29.0,6525.0,2026-01-26,XQJ10000000026204380,订单明细20260329030617.xlsx
云烟(细支珍品),260.0,225.0,29.0,6525.0,2026-01-26,XQJ10000000026204380,订单明细20260329030617.xlsx
云烟(细支珍品),260.0,225.0,29.0,6525.0,2026-01-26,XQJ10000000026204380,订单明细20260329030617.xlsx
云烟(细支珍品),260.0,225.0,29.0,6525.0,2026-01-26,XQJ10000000026204380,订单明细20260329030617.xlsx
云烟(细支珍品),260.0,225.0,29.0,6525.0,2026-01-26,XQJ10000000026204380,订单明细20260329030617.xlsx
云烟(软印象烟庄),370.0,318.0,2.0,636.0,2026-01-26,XQJ10000000026204380,订单明细20260329030617.xlsx
云烟(软印象烟庄),370.0,318.0,2.0,636.0,2026-01-26,XQJ10000000026204380,订单明细20260329030617.xlsx
云烟(软印象烟庄),370.0,318.0,2.0,636.0,2026-01-26,XQJ10000000026204380,订单明细20260329030617.xlsx
云烟(软印象烟庄),370.0,318.0,2.0,636.0,2026-01-26,XQJ10000000026204380,订单明细20260329030617.xlsx
云烟(软印象烟庄),370.0,318.0,2.0,636.0,2026-01-26,XQJ10000000026204380,订单明细20260329030617.xlsx
云烟(软印象烟庄),370.0,318.0,2.0,636.0,2026-01-26,XQJ10000000026204380,订单明细20260329030617.xlsx
云烟(软大重九),1000.0,720.8,4.0,2883.2,2026-01-26,XQJ10000000026204380,订单明细20260329030617.xlsx
云烟(软大重九),1000.0,720.8,4.0,2883.2,2026-01-26,XQJ10000000026204380,订单明细20260329030617.xlsx
云烟(软大重九),1000.0,720.8,4.0,2883.2,2026-01-26,XQJ10000000026204380,订单明细20260329030617.xlsx
云烟(软大重九),1000.0,720.8,4.0,2883.2,2026-01-26,XQJ10000000026204380,订单明细20260329030617.xlsx
云烟(软大重九),1000.0,720.8,4.0,2883.2,2026-01-26,XQJ10000000026204380,订单明细20260329030617.xlsx
云烟(软大重九),1000.0,720.8,4.0,2883.2,2026-01-26,XQJ10000000026204380,订单明细20260329030617.xlsx
云烟(软珍品),230.0,206.7,0.0,0.0,2026-01-26,XQJ10000000026204380,订单明细20260329030617.xlsx
云烟(软珍品),230.0,206.7,0.0,0.0,2026-01-26,XQJ10000000026204380,订单明细20260329030617.xlsx
云烟(软珍品),230.0,206.7,0.0,0.0,2026-01-26,XQJ10000000026204380,订单明细20260329030617.xlsx
云烟(软珍品),230.0,206.7,0.0,0.0,2026-01-26,XQJ10000000026204380,订单明细20260329030617.xlsx
云烟(软珍品),230.0,206.7,0.0,0.0,2026-01-26,XQJ10000000026204380,订单明细20260329030617.xlsx
云烟(软珍品),230.0,206.7,0.0,0.0,2026-01-26,XQJ10000000026204380,订单明细20260329030617.xlsx
云烟(软礼印象),800.0,720.8,1.0,720.8,2026-01-26,XQJ10000000026204380,订单明细20260329030617.xlsx
云烟(软礼印象),800.0,720.8,1.0,720.8,2026-01-26,XQJ10000000026204380,订单明细20260329030617.xlsx
云烟(软礼印象),800.0,720.8,1.0,720.8,2026-01-26,XQJ10000000026204380,订单明细20260329030617.xlsx
云烟(软礼印象),800.0,720.8,1.0,720.8,2026-01-26,XQJ10000000026204380,订单明细20260329030617.xlsx
云烟(软礼印象),800.0,720.8,1.0,720.8,2026-01-26,XQJ10000000026204380,订单明细20260329030617.xlsx
云烟(软礼印象),800.0,720.8,1.0,720.8,2026-01-26,XQJ10000000026204380,订单明细20260329030617.xlsx
云烟(黑金刚印象),560.0,466.4,1.0,466.4,2026-01-26,XQJ10000000026204380,订单明细20260329030617.xlsx
云烟(黑金刚印象),560.0,466.4,1.0,466.4,2026-01-26,XQJ10000000026204380,订单明细20260329030617.xlsx
云烟(黑金刚印象),560.0,466.4,1.0,466.4,2026-01-26,XQJ10000000026204380,订单明细20260329030617.xlsx
云烟(黑金刚印象),560.0,466.4,1.0,466.4,2026-01-26,XQJ10000000026204380,订单明细20260329030617.xlsx
云烟(黑金刚印象),560.0,466.4,1.0,466.4,2026-01-26,XQJ10000000026204380,订单明细20260329030617.xlsx
云烟(黑金刚印象),560.0,466.4,1.0,466.4,2026-01-26,XQJ10000000026204380,订单明细20260329030617.xlsx
人民大会堂(红细支),260.0,225.0,1.0,225.0,2026-01-26,XQJ10000000026204380,订单明细20260329030617.xlsx
人民大会堂(红细支),260.0,225.0,1.0,225.0,2026-01-26,XQJ10000000026204380,订单明细20260329030617.xlsx
人民大会堂(红细支),260.0,225.0,1.0,225.0,2026-01-26,XQJ10000000026204380,订单明细20260329030617.xlsx
人民大会堂(红细支),260.0,225.0,1.0,225.0,2026-01-26,XQJ10000000026204380,订单明细20260329030617.xlsx
人民大会堂(红细支),260.0,225.0,1.0,225.0,2026-01-26,XQJ10000000026204380,订单明细20260329030617.xlsx
人民大会堂(红细支),260.0,225.0,1.0,225.0,2026-01-26,XQJ10000000026204380,订单明细20260329030617.xlsx
兰州(硬珍品),180.0,155.0,1.0,155.0,2026-01-26,XQJ10000000026204380,订单明细20260329030617.xlsx
兰州(硬珍品),180.0,155.0,1.0,155.0,2026-01-26,XQJ10000000026204380,订单明细20260329030617.xlsx
兰州(硬珍品),180.0,155.0,1.0,155.0,2026-01-26,XQJ10000000026204380,订单明细20260329030617.xlsx
兰州(硬珍品),180.0,155.0,1.0,155.0,2026-01-26,XQJ10000000026204380,订单明细20260329030617.xlsx
兰州(硬珍品),180.0,155.0,1.0,155.0,2026-01-26,XQJ10000000026204380,订单明细20260329030617.xlsx
兰州(硬珍品),180.0,155.0,1.0,155.0,2026-01-26,XQJ10000000026204380,订单明细20260329030617.xlsx
利群(休闲细支),1000.0,848.0,1.0,848.0,2026-01-26,XQJ10000000026204380,订单明细20260329030617.xlsx
利群(休闲细支),1000.0,848.0,1.0,848.0,2026-01-26,XQJ10000000026204380,订单明细20260329030617.xlsx
利群(休闲细支),1000.0,848.0,1.0,848.0,2026-01-26,XQJ10000000026204380,订单明细20260329030617.xlsx
利群(休闲细支),1000.0,848.0,1.0,848.0,2026-01-26,XQJ10000000026204380,订单明细20260329030617.xlsx
利群(休闲细支),1000.0,848.0,1.0,848.0,2026-01-26,XQJ10000000026204380,订单明细20260329030617.xlsx
利群(休闲细支),1000.0,848.0,1.0,848.0,2026-01-26,XQJ10000000026204380,订单明细20260329030617.xlsx
利群(新版),160.0,143.1,2.0,286.2,2026-01-26,XQJ10000000026204380,订单明细20260329030617.xlsx
利群(新版),160.0,143.1,2.0,286.2,2026-01-26,XQJ10000000026204380,订单明细20260329030617.xlsx
利群(新版),160.0,143.1,2.0,286.2,2026-01-26,XQJ10000000026204380,订单明细20260329030617.xlsx
利群(新版),160.0,143.1,2.0,286.2,2026-01-26,XQJ10000000026204380,订单明细20260329030617.xlsx
利群(新版),160.0,143.1,2.0,286.2,2026-01-26,XQJ10000000026204380,订单明细20260329030617.xlsx
利群(新版),160.0,143.1,2.0,286.2,2026-01-26,XQJ10000000026204380,订单明细20260329030617.xlsx
利群(江南韵),260.0,225.0,1.0,225.0,2026-01-26,XQJ10000000026204380,订单明细20260329030617.xlsx
利群(江南韵),260.0,225.0,1.0,225.0,2026-01-26,XQJ10000000026204380,订单明细20260329030617.xlsx
利群(江南韵),260.0,225.0,1.0,225.0,2026-01-26,XQJ10000000026204380,订单明细20260329030617.xlsx
利群(江南韵),260.0,225.0,1.0,225.0,2026-01-26,XQJ10000000026204380,订单明细20260329030617.xlsx
利群(江南韵),260.0,225.0,1.0,225.0,2026-01-26,XQJ10000000026204380,订单明细20260329030617.xlsx
利群(江南韵),260.0,225.0,1.0,225.0,2026-01-26,XQJ10000000026204380,订单明细20260329030617.xlsx
利群(西子阳光),310.0,275.6,1.0,275.6,2026-01-26,XQJ10000000026204380,订单明细20260329030617.xlsx
利群(西子阳光),310.0,275.6,1.0,275.6,2026-01-26,XQJ10000000026204380,订单明细20260329030617.xlsx
利群(西子阳光),310.0,275.6,1.0,275.6,2026-01-26,XQJ10000000026204380,订单明细20260329030617.xlsx
利群(西子阳光),310.0,275.6,1.0,275.6,2026-01-26,XQJ10000000026204380,订单明细20260329030617.xlsx
利群(西子阳光),310.0,275.6,1.0,275.6,2026-01-26,XQJ10000000026204380,订单明细20260329030617.xlsx
利群(西子阳光),310.0,275.6,1.0,275.6,2026-01-26,XQJ10000000026204380,订单明细20260329030617.xlsx
利群(软蓝),180.0,159.0,0.0,0.0,2026-01-26,XQJ10000000026204380,订单明细20260329030617.xlsx
利群(软蓝),180.0,159.0,0.0,0.0,2026-01-26,XQJ10000000026204380,订单明细20260329030617.xlsx
利群(软蓝),180.0,159.0,0.0,0.0,2026-01-26,XQJ10000000026204380,订单明细20260329030617.xlsx
利群(软蓝),180.0,159.0,0.0,0.0,2026-01-26,XQJ10000000026204380,订单明细20260329030617.xlsx
利群(软蓝),180.0,159.0,0.0,0.0,2026-01-26,XQJ10000000026204380,订单明细20260329030617.xlsx
利群(软蓝),180.0,159.0,0.0,0.0,2026-01-26,XQJ10000000026204380,订单明细20260329030617.xlsx
利群(软长嘴),360.0,318.0,1.0,318.0,2026-01-26,XQJ10000000026204380,订单明细20260329030617.xlsx
利群(软长嘴),360.0,318.0,1.0,318.0,2026-01-26,XQJ10000000026204380,订单明细20260329030617.xlsx
利群(软长嘴),360.0,318.0,1.0,318.0,2026-01-26,XQJ10000000026204380,订单明细20260329030617.xlsx
利群(软长嘴),360.0,318.0,1.0,318.0,2026-01-26,XQJ10000000026204380,订单明细20260329030617.xlsx
利群(软长嘴),360.0,318.0,1.0,318.0,2026-01-26,XQJ10000000026204380,订单明细20260329030617.xlsx
利群(软长嘴),360.0,318.0,1.0,318.0,2026-01-26,XQJ10000000026204380,订单明细20260329030617.xlsx
利群(长嘴),220.0,190.8,0.0,0.0,2026-01-26,XQJ10000000026204380,订单明细20260329030617.xlsx
利群(长嘴),220.0,190.8,0.0,0.0,2026-01-26,XQJ10000000026204380,订单明细20260329030617.xlsx
利群(长嘴),220.0,190.8,0.0,0.0,2026-01-26,XQJ10000000026204380,订单明细20260329030617.xlsx
利群(长嘴),220.0,190.8,0.0,0.0,2026-01-26,XQJ10000000026204380,订单明细20260329030617.xlsx
利群(长嘴),220.0,190.8,0.0,0.0,2026-01-26,XQJ10000000026204380,订单明细20260329030617.xlsx
利群(长嘴),220.0,190.8,0.0,0.0,2026-01-26,XQJ10000000026204380,订单明细20260329030617.xlsx
利群(阳光细支),400.0,339.2,1.0,339.2,2026-01-26,XQJ10000000026204380,订单明细20260329030617.xlsx
利群(阳光细支),400.0,339.2,1.0,339.2,2026-01-26,XQJ10000000026204380,订单明细20260329030617.xlsx
利群(阳光细支),400.0,339.2,1.0,339.2,2026-01-26,XQJ10000000026204380,订单明细20260329030617.xlsx
利群(阳光细支),400.0,339.2,1.0,339.2,2026-01-26,XQJ10000000026204380,订单明细20260329030617.xlsx
利群(阳光细支),400.0,339.2,1.0,339.2,2026-01-26,XQJ10000000026204380,订单明细20260329030617.xlsx
利群(阳光细支),400.0,339.2,1.0,339.2,2026-01-26,XQJ10000000026204380,订单明细20260329030617.xlsx
南京(十二钗薄荷),220.0,188.68,0.0,0.0,2026-01-26,XQJ10000000026204380,订单明细20260329030617.xlsx
南京(十二钗薄荷),220.0,188.68,0.0,0.0,2026-01-26,XQJ10000000026204380,订单明细20260329030617.xlsx
南京(十二钗薄荷),220.0,188.68,0.0,0.0,2026-01-26,XQJ10000000026204380,订单明细20260329030617.xlsx
南京(十二钗薄荷),220.0,188.68,0.0,0.0,2026-01-26,XQJ10000000026204380,订单明细20260329030617.xlsx
南京(十二钗薄荷),220.0,188.68,0.0,0.0,2026-01-26,XQJ10000000026204380,订单明细20260329030617.xlsx
南京(十二钗薄荷),220.0,188.68,0.0,0.0,2026-01-26,XQJ10000000026204380,订单明细20260329030617.xlsx
南京(炫赫门),180.0,155.0,2.0,310.0,2026-01-26,XQJ10000000026204380,订单明细20260329030617.xlsx
南京(炫赫门),180.0,155.0,2.0,310.0,2026-01-26,XQJ10000000026204380,订单明细20260329030617.xlsx
南京(炫赫门),180.0,155.0,2.0,310.0,2026-01-26,XQJ10000000026204380,订单明细20260329030617.xlsx
南京(炫赫门),180.0,155.0,2.0,310.0,2026-01-26,XQJ10000000026204380,订单明细20260329030617.xlsx
南京(炫赫门),180.0,155.0,2.0,310.0,2026-01-26,XQJ10000000026204380,订单明细20260329030617.xlsx
南京(炫赫门),180.0,155.0,2.0,310.0,2026-01-26,XQJ10000000026204380,订单明细20260329030617.xlsx
南京(雨花石),530.0,455.8,0.0,0.0,2026-01-26,XQJ10000000026204380,订单明细20260329030617.xlsx
南京(雨花石),530.0,455.8,0.0,0.0,2026-01-26,XQJ10000000026204380,订单明细20260329030617.xlsx
南京(雨花石),530.0,455.8,0.0,0.0,2026-01-26,XQJ10000000026204380,订单明细20260329030617.xlsx
南京(雨花石),530.0,455.8,0.0,0.0,2026-01-26,XQJ10000000026204380,订单明细20260329030617.xlsx
南京(雨花石),530.0,455.8,0.0,0.0,2026-01-26,XQJ10000000026204380,订单明细20260329030617.xlsx
南京(雨花石),530.0,455.8,0.0,0.0,2026-01-26,XQJ10000000026204380,订单明细20260329030617.xlsx
双喜(勿忘我),200.0,175.0,1.0,175.0,2026-01-26,XQJ10000000026204380,订单明细20260329030617.xlsx
双喜(勿忘我),200.0,175.0,1.0,175.0,2026-01-26,XQJ10000000026204380,订单明细20260329030617.xlsx
双喜(勿忘我),200.0,175.0,1.0,175.0,2026-01-26,XQJ10000000026204380,订单明细20260329030617.xlsx
双喜(勿忘我),200.0,175.0,1.0,175.0,2026-01-26,XQJ10000000026204380,订单明细20260329030617.xlsx
双喜(勿忘我),200.0,175.0,1.0,175.0,2026-01-26,XQJ10000000026204380,订单明细20260329030617.xlsx
双喜(勿忘我),200.0,175.0,1.0,175.0,2026-01-26,XQJ10000000026204380,订单明细20260329030617.xlsx
双喜(春天˙咖路里),260.0,225.0,1.0,225.0,2026-01-26,XQJ10000000026204380,订单明细20260329030617.xlsx
双喜(春天˙咖路里),260.0,225.0,1.0,225.0,2026-01-26,XQJ10000000026204380,订单明细20260329030617.xlsx
双喜(春天˙咖路里),260.0,225.0,1.0,225.0,2026-01-26,XQJ10000000026204380,订单明细20260329030617.xlsx
双喜(春天˙咖路里),260.0,225.0,1.0,225.0,2026-01-26,XQJ10000000026204380,订单明细20260329030617.xlsx
双喜(春天˙咖路里),260.0,225.0,1.0,225.0,2026-01-26,XQJ10000000026204380,订单明细20260329030617.xlsx
双喜(春天˙咖路里),260.0,225.0,1.0,225.0,2026-01-26,XQJ10000000026204380,订单明细20260329030617.xlsx
娇子(宽窄锦上细支),300.0,263.0,1.0,263.0,2026-01-26,XQJ10000000026204380,订单明细20260329030617.xlsx
娇子(宽窄锦上细支),300.0,263.0,1.0,263.0,2026-01-26,XQJ10000000026204380,订单明细20260329030617.xlsx
娇子(宽窄锦上细支),300.0,263.0,1.0,263.0,2026-01-26,XQJ10000000026204380,订单明细20260329030617.xlsx
娇子(宽窄锦上细支),300.0,263.0,1.0,263.0,2026-01-26,XQJ10000000026204380,订单明细20260329030617.xlsx
娇子(宽窄锦上细支),300.0,263.0,1.0,263.0,2026-01-26,XQJ10000000026204380,订单明细20260329030617.xlsx
娇子(宽窄锦上细支),300.0,263.0,1.0,263.0,2026-01-26,XQJ10000000026204380,订单明细20260329030617.xlsx
泰山(颜悦),200.0,167.48,1.0,167.48,2026-01-26,XQJ10000000026204380,订单明细20260329030617.xlsx
泰山(颜悦),200.0,167.48,1.0,167.48,2026-01-26,XQJ10000000026204380,订单明细20260329030617.xlsx
泰山(颜悦),200.0,167.48,1.0,167.48,2026-01-26,XQJ10000000026204380,订单明细20260329030617.xlsx
泰山(颜悦),200.0,167.48,1.0,167.48,2026-01-26,XQJ10000000026204380,订单明细20260329030617.xlsx
泰山(颜悦),200.0,167.48,1.0,167.48,2026-01-26,XQJ10000000026204380,订单明细20260329030617.xlsx
泰山(颜悦),200.0,167.48,1.0,167.48,2026-01-26,XQJ10000000026204380,订单明细20260329030617.xlsx
熊猫(硬经典),1000.0,848.0,1.0,848.0,2026-01-26,XQJ10000000026204380,订单明细20260329030617.xlsx
熊猫(硬经典),1000.0,848.0,1.0,848.0,2026-01-26,XQJ10000000026204380,订单明细20260329030617.xlsx
熊猫(硬经典),1000.0,848.0,1.0,848.0,2026-01-26,XQJ10000000026204380,订单明细20260329030617.xlsx
熊猫(硬经典),1000.0,848.0,1.0,848.0,2026-01-26,XQJ10000000026204380,订单明细20260329030617.xlsx
熊猫(硬经典),1000.0,848.0,1.0,848.0,2026-01-26,XQJ10000000026204380,订单明细20260329030617.xlsx
熊猫(硬经典),1000.0,848.0,1.0,848.0,2026-01-26,XQJ10000000026204380,订单明细20260329030617.xlsx
熊猫(经典细支),1000.0,848.0,1.0,848.0,2026-01-26,XQJ10000000026204380,订单明细20260329030617.xlsx
熊猫(经典细支),1000.0,848.0,1.0,848.0,2026-01-26,XQJ10000000026204380,订单明细20260329030617.xlsx
熊猫(经典细支),1000.0,848.0,1.0,848.0,2026-01-26,XQJ10000000026204380,订单明细20260329030617.xlsx
熊猫(经典细支),1000.0,848.0,1.0,848.0,2026-01-26,XQJ10000000026204380,订单明细20260329030617.xlsx
熊猫(经典细支),1000.0,848.0,1.0,848.0,2026-01-26,XQJ10000000026204380,订单明细20260329030617.xlsx
熊猫(经典细支),1000.0,848.0,1.0,848.0,2026-01-26,XQJ10000000026204380,订单明细20260329030617.xlsx
牡丹(软),140.0,121.9,1.0,121.9,2026-01-26,XQJ10000000026204380,订单明细20260329030617.xlsx
牡丹(软),140.0,121.9,1.0,121.9,2026-01-26,XQJ10000000026204380,订单明细20260329030617.xlsx
牡丹(软),140.0,121.9,1.0,121.9,2026-01-26,XQJ10000000026204380,订单明细20260329030617.xlsx
牡丹(软),140.0,121.9,1.0,121.9,2026-01-26,XQJ10000000026204380,订单明细20260329030617.xlsx
牡丹(软),140.0,121.9,1.0,121.9,2026-01-26,XQJ10000000026204380,订单明细20260329030617.xlsx
牡丹(软),140.0,121.9,1.0,121.9,2026-01-26,XQJ10000000026204380,订单明细20260329030617.xlsx
玉溪(中支和谐),400.0,339.2,1.0,339.2,2026-01-26,XQJ10000000026204380,订单明细20260329030617.xlsx
玉溪(中支和谐),400.0,339.2,1.0,339.2,2026-01-26,XQJ10000000026204380,订单明细20260329030617.xlsx
玉溪(中支和谐),400.0,339.2,1.0,339.2,2026-01-26,XQJ10000000026204380,订单明细20260329030617.xlsx
玉溪(中支和谐),400.0,339.2,1.0,339.2,2026-01-26,XQJ10000000026204380,订单明细20260329030617.xlsx
玉溪(中支和谐),400.0,339.2,1.0,339.2,2026-01-26,XQJ10000000026204380,订单明细20260329030617.xlsx
玉溪(中支和谐),400.0,339.2,1.0,339.2,2026-01-26,XQJ10000000026204380,订单明细20260329030617.xlsx
玉溪(中支境界),600.0,510.0,1.0,510.0,2026-01-26,XQJ10000000026204380,订单明细20260329030617.xlsx
玉溪(中支境界),600.0,510.0,1.0,510.0,2026-01-26,XQJ10000000026204380,订单明细20260329030617.xlsx
玉溪(中支境界),600.0,510.0,1.0,510.0,2026-01-26,XQJ10000000026204380,订单明细20260329030617.xlsx
玉溪(中支境界),600.0,510.0,1.0,510.0,2026-01-26,XQJ10000000026204380,订单明细20260329030617.xlsx
玉溪(中支境界),600.0,510.0,1.0,510.0,2026-01-26,XQJ10000000026204380,订单明细20260329030617.xlsx
玉溪(中支境界),600.0,510.0,1.0,510.0,2026-01-26,XQJ10000000026204380,订单明细20260329030617.xlsx
玉溪(硬和谐),400.0,339.2,12.0,4070.4,2026-01-26,XQJ10000000026204380,订单明细20260329030617.xlsx
玉溪(硬和谐),400.0,339.2,12.0,4070.4,2026-01-26,XQJ10000000026204380,订单明细20260329030617.xlsx
玉溪(硬和谐),400.0,339.2,12.0,4070.4,2026-01-26,XQJ10000000026204380,订单明细20260329030617.xlsx
玉溪(硬和谐),400.0,339.2,12.0,4070.4,2026-01-26,XQJ10000000026204380,订单明细20260329030617.xlsx
玉溪(硬和谐),400.0,339.2,12.0,4070.4,2026-01-26,XQJ10000000026204380,订单明细20260329030617.xlsx
玉溪(硬和谐),400.0,339.2,12.0,4070.4,2026-01-26,XQJ10000000026204380,订单明细20260329030617.xlsx
玉溪(细支缤果爆),260.0,225.0,1.0,225.0,2026-01-26,XQJ10000000026204380,订单明细20260329030617.xlsx
玉溪(细支缤果爆),260.0,225.0,1.0,225.0,2026-01-26,XQJ10000000026204380,订单明细20260329030617.xlsx
玉溪(细支缤果爆),260.0,225.0,1.0,225.0,2026-01-26,XQJ10000000026204380,订单明细20260329030617.xlsx
玉溪(细支缤果爆),260.0,225.0,1.0,225.0,2026-01-26,XQJ10000000026204380,订单明细20260329030617.xlsx
玉溪(细支缤果爆),260.0,225.0,1.0,225.0,2026-01-26,XQJ10000000026204380,订单明细20260329030617.xlsx
玉溪(细支缤果爆),260.0,225.0,1.0,225.0,2026-01-26,XQJ10000000026204380,订单明细20260329030617.xlsx
玉溪(软),230.0,201.4,0.0,0.0,2026-01-26,XQJ10000000026204380,订单明细20260329030617.xlsx
玉溪(软),230.0,201.4,0.0,0.0,2026-01-26,XQJ10000000026204380,订单明细20260329030617.xlsx
玉溪(软),230.0,201.4,0.0,0.0,2026-01-26,XQJ10000000026204380,订单明细20260329030617.xlsx
玉溪(软),230.0,201.4,0.0,0.0,2026-01-26,XQJ10000000026204380,订单明细20260329030617.xlsx
玉溪(软),230.0,201.4,0.0,0.0,2026-01-26,XQJ10000000026204380,订单明细20260329030617.xlsx
玉溪(软),230.0,201.4,0.0,0.0,2026-01-26,XQJ10000000026204380,订单明细20260329030617.xlsx
玉溪(软初心),200.0,175.0,3.0,525.0,2026-01-26,XQJ10000000026204380,订单明细20260329030617.xlsx
玉溪(软初心),200.0,175.0,3.0,525.0,2026-01-26,XQJ10000000026204380,订单明细20260329030617.xlsx
玉溪(软初心),200.0,175.0,3.0,525.0,2026-01-26,XQJ10000000026204380,订单明细20260329030617.xlsx
玉溪(软初心),200.0,175.0,3.0,525.0,2026-01-26,XQJ10000000026204380,订单明细20260329030617.xlsx
玉溪(软初心),200.0,175.0,3.0,525.0,2026-01-26,XQJ10000000026204380,订单明细20260329030617.xlsx
玉溪(软初心),200.0,175.0,3.0,525.0,2026-01-26,XQJ10000000026204380,订单明细20260329030617.xlsx
玉溪(软尚善),280.0,243.8,35.0,8533.0,2026-01-26,XQJ10000000026204380,订单明细20260329030617.xlsx
玉溪(软尚善),280.0,243.8,35.0,8533.0,2026-01-26,XQJ10000000026204380,订单明细20260329030617.xlsx
玉溪(软尚善),280.0,243.8,35.0,8533.0,2026-01-26,XQJ10000000026204380,订单明细20260329030617.xlsx
玉溪(软尚善),280.0,243.8,35.0,8533.0,2026-01-26,XQJ10000000026204380,订单明细20260329030617.xlsx
玉溪(软尚善),280.0,243.8,35.0,8533.0,2026-01-26,XQJ10000000026204380,订单明细20260329030617.xlsx
玉溪(软尚善),280.0,243.8,35.0,8533.0,2026-01-26,XQJ10000000026204380,订单明细20260329030617.xlsx
玉溪(软阿诗玛),200.0,175.0,3.0,525.0,2026-01-26,XQJ10000000026204380,订单明细20260329030617.xlsx
玉溪(软阿诗玛),200.0,175.0,3.0,525.0,2026-01-26,XQJ10000000026204380,订单明细20260329030617.xlsx
玉溪(软阿诗玛),200.0,175.0,3.0,525.0,2026-01-26,XQJ10000000026204380,订单明细20260329030617.xlsx
玉溪(软阿诗玛),200.0,175.0,3.0,525.0,2026-01-26,XQJ10000000026204380,订单明细20260329030617.xlsx
玉溪(软阿诗玛),200.0,175.0,3.0,525.0,2026-01-26,XQJ10000000026204380,订单明细20260329030617.xlsx
玉溪(软阿诗玛),200.0,175.0,3.0,525.0,2026-01-26,XQJ10000000026204380,订单明细20260329030617.xlsx
白沙(硬和天下双中支),900.0,763.2,2.0,1526.4,2026-01-26,XQJ10000000026204380,订单明细20260329030617.xlsx
白沙(硬和天下双中支),900.0,763.2,2.0,1526.4,2026-01-26,XQJ10000000026204380,订单明细20260329030617.xlsx
白沙(硬和天下双中支),900.0,763.2,2.0,1526.4,2026-01-26,XQJ10000000026204380,订单明细20260329030617.xlsx
白沙(硬和天下双中支),900.0,763.2,2.0,1526.4,2026-01-26,XQJ10000000026204380,订单明细20260329030617.xlsx
白沙(硬和天下双中支),900.0,763.2,2.0,1526.4,2026-01-26,XQJ10000000026204380,订单明细20260329030617.xlsx
白沙(硬和天下双中支),900.0,763.2,2.0,1526.4,2026-01-26,XQJ10000000026204380,订单明细20260329030617.xlsx
白沙(硬细支和天下),1000.0,720.8,4.0,2883.2,2026-01-26,XQJ10000000026204380,订单明细20260329030617.xlsx
白沙(硬细支和天下),1000.0,720.8,4.0,2883.2,2026-01-26,XQJ10000000026204380,订单明细20260329030617.xlsx
白沙(硬细支和天下),1000.0,720.8,4.0,2883.2,2026-01-26,XQJ10000000026204380,订单明细20260329030617.xlsx
白沙(硬细支和天下),1000.0,720.8,4.0,2883.2,2026-01-26,XQJ10000000026204380,订单明细20260329030617.xlsx
白沙(硬细支和天下),1000.0,720.8,4.0,2883.2,2026-01-26,XQJ10000000026204380,订单明细20260329030617.xlsx
白沙(硬细支和天下),1000.0,720.8,4.0,2883.2,2026-01-26,XQJ10000000026204380,订单明细20260329030617.xlsx
白沙(软和天下),1000.0,720.8,6.0,4324.8,2026-01-26,XQJ10000000026204380,订单明细20260329030617.xlsx
白沙(软和天下),1000.0,720.8,6.0,4324.8,2026-01-26,XQJ10000000026204380,订单明细20260329030617.xlsx
白沙(软和天下),1000.0,720.8,6.0,4324.8,2026-01-26,XQJ10000000026204380,订单明细20260329030617.xlsx
白沙(软和天下),1000.0,720.8,6.0,4324.8,2026-01-26,XQJ10000000026204380,订单明细20260329030617.xlsx
白沙(软和天下),1000.0,720.8,6.0,4324.8,2026-01-26,XQJ10000000026204380,订单明细20260329030617.xlsx
白沙(软和天下),1000.0,720.8,6.0,4324.8,2026-01-26,XQJ10000000026204380,订单明细20260329030617.xlsx
真龙(凌云),150.0,121.9,1.0,121.9,2026-01-26,XQJ10000000026204380,订单明细20260329030617.xlsx
真龙(凌云),150.0,121.9,1.0,121.9,2026-01-26,XQJ10000000026204380,订单明细20260329030617.xlsx
真龙(凌云),150.0,121.9,1.0,121.9,2026-01-26,XQJ10000000026204380,订单明细20260329030617.xlsx
真龙(凌云),150.0,121.9,1.0,121.9,2026-01-26,XQJ10000000026204380,订单明细20260329030617.xlsx
真龙(凌云),150.0,121.9,1.0,121.9,2026-01-26,XQJ10000000026204380,订单明细20260329030617.xlsx
真龙(凌云),150.0,121.9,1.0,121.9,2026-01-26,XQJ10000000026204380,订单明细20260329030617.xlsx
真龙(起源),250.0,212.0,0.0,0.0,2026-01-26,XQJ10000000026204380,订单明细20260329030617.xlsx
真龙(起源),250.0,212.0,0.0,0.0,2026-01-26,XQJ10000000026204380,订单明细20260329030617.xlsx
真龙(起源),250.0,212.0,0.0,0.0,2026-01-26,XQJ10000000026204380,订单明细20260329030617.xlsx
真龙(起源),250.0,212.0,0.0,0.0,2026-01-26,XQJ10000000026204380,订单明细20260329030617.xlsx
真龙(起源),250.0,212.0,0.0,0.0,2026-01-26,XQJ10000000026204380,订单明细20260329030617.xlsx
真龙(起源),250.0,212.0,0.0,0.0,2026-01-26,XQJ10000000026204380,订单明细20260329030617.xlsx
红塔山(硬恭贺新禧),150.0,121.9,3.0,365.7,2026-01-26,XQJ10000000026204380,订单明细20260329030617.xlsx
红塔山(硬恭贺新禧),150.0,121.9,3.0,365.7,2026-01-26,XQJ10000000026204380,订单明细20260329030617.xlsx
红塔山(硬恭贺新禧),150.0,121.9,3.0,365.7,2026-01-26,XQJ10000000026204380,订单明细20260329030617.xlsx
红塔山(硬恭贺新禧),150.0,121.9,3.0,365.7,2026-01-26,XQJ10000000026204380,订单明细20260329030617.xlsx
红塔山(硬恭贺新禧),150.0,121.9,3.0,365.7,2026-01-26,XQJ10000000026204380,订单明细20260329030617.xlsx
红塔山(硬恭贺新禧),150.0,121.9,3.0,365.7,2026-01-26,XQJ10000000026204380,订单明细20260329030617.xlsx
红塔山(细支传奇),180.0,155.0,6.0,930.0,2026-01-26,XQJ10000000026204380,订单明细20260329030617.xlsx
红塔山(细支传奇),180.0,155.0,6.0,930.0,2026-01-26,XQJ10000000026204380,订单明细20260329030617.xlsx
红塔山(细支传奇),180.0,155.0,6.0,930.0,2026-01-26,XQJ10000000026204380,订单明细20260329030617.xlsx
红塔山(细支传奇),180.0,155.0,6.0,930.0,2026-01-26,XQJ10000000026204380,订单明细20260329030617.xlsx
红塔山(细支传奇),180.0,155.0,6.0,930.0,2026-01-26,XQJ10000000026204380,订单明细20260329030617.xlsx
红塔山(细支传奇),180.0,155.0,6.0,930.0,2026-01-26,XQJ10000000026204380,订单明细20260329030617.xlsx
红河(硬88),120.0,97.0,2.0,194.0,2026-01-26,XQJ10000000026204380,订单明细20260329030617.xlsx
红河(硬88),120.0,97.0,2.0,194.0,2026-01-26,XQJ10000000026204380,订单明细20260329030617.xlsx
红河(硬88),120.0,97.0,2.0,194.0,2026-01-26,XQJ10000000026204380,订单明细20260329030617.xlsx
红河(硬88),120.0,97.0,2.0,194.0,2026-01-26,XQJ10000000026204380,订单明细20260329030617.xlsx
红河(硬88),120.0,97.0,2.0,194.0,2026-01-26,XQJ10000000026204380,订单明细20260329030617.xlsx
红河(硬88),120.0,97.0,2.0,194.0,2026-01-26,XQJ10000000026204380,订单明细20260329030617.xlsx
红河(硬99),140.0,121.9,3.0,365.7,2026-01-26,XQJ10000000026204380,订单明细20260329030617.xlsx
红河(硬99),140.0,121.9,3.0,365.7,2026-01-26,XQJ10000000026204380,订单明细20260329030617.xlsx
红河(硬99),140.0,121.9,3.0,365.7,2026-01-26,XQJ10000000026204380,订单明细20260329030617.xlsx
红河(硬99),140.0,121.9,3.0,365.7,2026-01-26,XQJ10000000026204380,订单明细20260329030617.xlsx
红河(硬99),140.0,121.9,3.0,365.7,2026-01-26,XQJ10000000026204380,订单明细20260329030617.xlsx
红河(硬99),140.0,121.9,3.0,365.7,2026-01-26,XQJ10000000026204380,订单明细20260329030617.xlsx
芙蓉王(沁爽细支),300.0,263.0,1.0,263.0,2026-01-26,XQJ10000000026204380,订单明细20260329030617.xlsx
芙蓉王(沁爽细支),300.0,263.0,1.0,263.0,2026-01-26,XQJ10000000026204380,订单明细20260329030617.xlsx
芙蓉王(沁爽细支),300.0,263.0,1.0,263.0,2026-01-26,XQJ10000000026204380,订单明细20260329030617.xlsx
芙蓉王(沁爽细支),300.0,263.0,1.0,263.0,2026-01-26,XQJ10000000026204380,订单明细20260329030617.xlsx
芙蓉王(沁爽细支),300.0,263.0,1.0,263.0,2026-01-26,XQJ10000000026204380,订单明细20260329030617.xlsx
芙蓉王(沁爽细支),300.0,263.0,1.0,263.0,2026-01-26,XQJ10000000026204380,订单明细20260329030617.xlsx
芙蓉王(硬),250.0,218.36,0.0,0.0,2026-01-26,XQJ10000000026204380,订单明细20260329030617.xlsx
芙蓉王(硬),250.0,218.36,0.0,0.0,2026-01-26,XQJ10000000026204380,订单明细20260329030617.xlsx
芙蓉王(硬),250.0,218.36,0.0,0.0,2026-01-26,XQJ10000000026204380,订单明细20260329030617.xlsx
芙蓉王(硬),250.0,218.36,0.0,0.0,2026-01-26,XQJ10000000026204380,订单明细20260329030617.xlsx
芙蓉王(硬),250.0,218.36,0.0,0.0,2026-01-26,XQJ10000000026204380,订单明细20260329030617.xlsx
芙蓉王(硬),250.0,218.36,0.0,0.0,2026-01-26,XQJ10000000026204380,订单明细20260329030617.xlsx
贵烟(喜),160.0,143.1,0.0,0.0,2026-01-26,XQJ10000000026204380,订单明细20260329030617.xlsx
贵烟(喜),160.0,143.1,0.0,0.0,2026-01-26,XQJ10000000026204380,订单明细20260329030617.xlsx
贵烟(喜),160.0,143.1,0.0,0.0,2026-01-26,XQJ10000000026204380,订单明细20260329030617.xlsx
贵烟(喜),160.0,143.1,0.0,0.0,2026-01-26,XQJ10000000026204380,订单明细20260329030617.xlsx
贵烟(喜),160.0,143.1,0.0,0.0,2026-01-26,XQJ10000000026204380,订单明细20260329030617.xlsx
贵烟(喜),160.0,143.1,0.0,0.0,2026-01-26,XQJ10000000026204380,订单明细20260329030617.xlsx
贵烟(山水),260.0,225.0,1.0,225.0,2026-01-26,XQJ10000000026204380,订单明细20260329030617.xlsx
贵烟(山水),260.0,225.0,1.0,225.0,2026-01-26,XQJ10000000026204380,订单明细20260329030617.xlsx
贵烟(山水),260.0,225.0,1.0,225.0,2026-01-26,XQJ10000000026204380,订单明细20260329030617.xlsx
贵烟(山水),260.0,225.0,1.0,225.0,2026-01-26,XQJ10000000026204380,订单明细20260329030617.xlsx
贵烟(山水),260.0,225.0,1.0,225.0,2026-01-26,XQJ10000000026204380,订单明细20260329030617.xlsx
贵烟(山水),260.0,225.0,1.0,225.0,2026-01-26,XQJ10000000026204380,订单明细20260329030617.xlsx
贵烟(硬黄精品),140.0,114.5,2.0,229.0,2026-01-26,XQJ10000000026204380,订单明细20260329030617.xlsx
贵烟(硬黄精品),140.0,114.5,2.0,229.0,2026-01-26,XQJ10000000026204380,订单明细20260329030617.xlsx
贵烟(硬黄精品),140.0,114.5,2.0,229.0,2026-01-26,XQJ10000000026204380,订单明细20260329030617.xlsx
贵烟(硬黄精品),140.0,114.5,2.0,229.0,2026-01-26,XQJ10000000026204380,订单明细20260329030617.xlsx
贵烟(硬黄精品),140.0,114.5,2.0,229.0,2026-01-26,XQJ10000000026204380,订单明细20260329030617.xlsx
贵烟(硬黄精品),140.0,114.5,2.0,229.0,2026-01-26,XQJ10000000026204380,订单明细20260329030617.xlsx
贵烟(跨越),250.0,201.4,0.0,0.0,2026-01-26,XQJ10000000026204380,订单明细20260329030617.xlsx
贵烟(跨越),250.0,201.4,0.0,0.0,2026-01-26,XQJ10000000026204380,订单明细20260329030617.xlsx
贵烟(跨越),250.0,201.4,0.0,0.0,2026-01-26,XQJ10000000026204380,订单明细20260329030617.xlsx
贵烟(跨越),250.0,201.4,0.0,0.0,2026-01-26,XQJ10000000026204380,订单明细20260329030617.xlsx
贵烟(跨越),250.0,201.4,0.0,0.0,2026-01-26,XQJ10000000026204380,订单明细20260329030617.xlsx
贵烟(跨越),250.0,201.4,0.0,0.0,2026-01-26,XQJ10000000026204380,订单明细20260329030617.xlsx
钻石(荷花),320.0,275.6,2.0,551.2,2026-01-26,XQJ10000000026204380,订单明细20260329030617.xlsx
钻石(荷花),320.0,275.6,2.0,551.2,2026-01-26,XQJ10000000026204380,订单明细20260329030617.xlsx
钻石(荷花),320.0,275.6,2.0,551.2,2026-01-26,XQJ10000000026204380,订单明细20260329030617.xlsx
钻石(荷花),320.0,275.6,2.0,551.2,2026-01-26,XQJ10000000026204380,订单明细20260329030617.xlsx
钻石(荷花),320.0,275.6,2.0,551.2,2026-01-26,XQJ10000000026204380,订单明细20260329030617.xlsx
钻石(荷花),320.0,275.6,2.0,551.2,2026-01-26,XQJ10000000026204380,订单明细20260329030617.xlsx
长白山(蓝尚),180.0,158.0,0.0,0.0,2026-01-26,XQJ10000000026204380,订单明细20260329030617.xlsx
长白山(蓝尚),180.0,158.0,0.0,0.0,2026-01-26,XQJ10000000026204380,订单明细20260329030617.xlsx
长白山(蓝尚),180.0,158.0,0.0,0.0,2026-01-26,XQJ10000000026204380,订单明细20260329030617.xlsx
长白山(蓝尚),180.0,158.0,0.0,0.0,2026-01-26,XQJ10000000026204380,订单明细20260329030617.xlsx
长白山(蓝尚),180.0,158.0,0.0,0.0,2026-01-26,XQJ10000000026204380,订单明细20260329030617.xlsx
长白山(蓝尚),180.0,158.0,0.0,0.0,2026-01-26,XQJ10000000026204380,订单明细20260329030617.xlsx
黄金叶(商鼎),200.0,175.0,1.0,175.0,2026-01-26,XQJ10000000026204380,订单明细20260329030617.xlsx
黄金叶(商鼎),200.0,175.0,1.0,175.0,2026-01-26,XQJ10000000026204380,订单明细20260329030617.xlsx
黄金叶(商鼎),200.0,175.0,1.0,175.0,2026-01-26,XQJ10000000026204380,订单明细20260329030617.xlsx
黄金叶(商鼎),200.0,175.0,1.0,175.0,2026-01-26,XQJ10000000026204380,订单明细20260329030617.xlsx
黄金叶(商鼎),200.0,175.0,1.0,175.0,2026-01-26,XQJ10000000026204380,订单明细20260329030617.xlsx
黄金叶(商鼎),200.0,175.0,1.0,175.0,2026-01-26,XQJ10000000026204380,订单明细20260329030617.xlsx
黄金叶(天叶细支),1000.0,848.0,2.0,1696.0,2026-01-26,XQJ10000000026204380,订单明细20260329030617.xlsx
黄金叶(天叶细支),1000.0,848.0,2.0,1696.0,2026-01-26,XQJ10000000026204380,订单明细20260329030617.xlsx
黄金叶(天叶细支),1000.0,848.0,2.0,1696.0,2026-01-26,XQJ10000000026204380,订单明细20260329030617.xlsx
黄金叶(天叶细支),1000.0,848.0,2.0,1696.0,2026-01-26,XQJ10000000026204380,订单明细20260329030617.xlsx
黄金叶(天叶细支),1000.0,848.0,2.0,1696.0,2026-01-26,XQJ10000000026204380,订单明细20260329030617.xlsx
黄金叶(天叶细支),1000.0,848.0,2.0,1696.0,2026-01-26,XQJ10000000026204380,订单明细20260329030617.xlsx
黄金叶(天香细支),550.0,455.8,3.0,1367.4,2026-01-26,XQJ10000000026204380,订单明细20260329030617.xlsx
黄金叶(天香细支),550.0,455.8,3.0,1367.4,2026-01-26,XQJ10000000026204380,订单明细20260329030617.xlsx
黄金叶(天香细支),550.0,455.8,3.0,1367.4,2026-01-26,XQJ10000000026204380,订单明细20260329030617.xlsx
黄金叶(天香细支),550.0,455.8,3.0,1367.4,2026-01-26,XQJ10000000026204380,订单明细20260329030617.xlsx
黄金叶(天香细支),550.0,455.8,3.0,1367.4,2026-01-26,XQJ10000000026204380,订单明细20260329030617.xlsx
黄金叶(天香细支),550.0,455.8,3.0,1367.4,2026-01-26,XQJ10000000026204380,订单明细20260329030617.xlsx
黄鹤楼(硬1916如意),1000.0,763.2,2.0,1526.4,2026-01-26,XQJ10000000026204380,订单明细20260329030617.xlsx
黄鹤楼(硬1916如意),1000.0,763.2,2.0,1526.4,2026-01-26,XQJ10000000026204380,订单明细20260329030617.xlsx
黄鹤楼(硬1916如意),1000.0,763.2,2.0,1526.4,2026-01-26,XQJ10000000026204380,订单明细20260329030617.xlsx
黄鹤楼(硬1916如意),1000.0,763.2,2.0,1526.4,2026-01-26,XQJ10000000026204380,订单明细20260329030617.xlsx
黄鹤楼(硬1916如意),1000.0,763.2,2.0,1526.4,2026-01-26,XQJ10000000026204380,订单明细20260329030617.xlsx
黄鹤楼(硬1916如意),1000.0,763.2,2.0,1526.4,2026-01-26,XQJ10000000026204380,订单明细20260329030617.xlsx
黄鹤楼(软1916),1000.0,848.0,2.0,1696.0,2026-01-26,XQJ10000000026204380,订单明细20260329030617.xlsx
黄鹤楼(软1916),1000.0,848.0,2.0,1696.0,2026-01-26,XQJ10000000026204380,订单明细20260329030617.xlsx
黄鹤楼(软1916),1000.0,848.0,2.0,1696.0,2026-01-26,XQJ10000000026204380,订单明细20260329030617.xlsx
黄鹤楼(软1916),1000.0,848.0,2.0,1696.0,2026-01-26,XQJ10000000026204380,订单明细20260329030617.xlsx
黄鹤楼(软1916),1000.0,848.0,2.0,1696.0,2026-01-26,XQJ10000000026204380,订单明细20260329030617.xlsx
黄鹤楼(软1916),1000.0,848.0,2.0,1696.0,2026-01-26,XQJ10000000026204380,订单明细20260329030617.xlsx
七匹狼(纯境),160.0,143.1,1.0,143.1,2026-02-02,XQJ10000000026227973,订单明细20260329030609.xlsx
七匹狼(纯境),160.0,143.1,1.0,143.1,2026-02-02,XQJ10000000026227973,订单明细20260329030609.xlsx
七匹狼(纯境),160.0,143.1,1.0,143.1,2026-02-02,XQJ10000000026227973,订单明细20260329030609.xlsx
七匹狼(纯境),160.0,143.1,1.0,143.1,2026-02-02,XQJ10000000026227973,订单明细20260329030609.xlsx
七匹狼(纯境),160.0,143.1,1.0,143.1,2026-02-02,XQJ10000000026227973,订单明细20260329030609.xlsx
七匹狼(纯境),160.0,143.1,1.0,143.1,2026-02-02,XQJ10000000026227973,订单明细20260329030609.xlsx
七匹狼(锋芒),180.0,158.0,0.0,0.0,2026-02-02,XQJ10000000026227973,订单明细20260329030609.xlsx
七匹狼(锋芒),180.0,158.0,0.0,0.0,2026-02-02,XQJ10000000026227973,订单明细20260329030609.xlsx
七匹狼(锋芒),180.0,158.0,0.0,0.0,2026-02-02,XQJ10000000026227973,订单明细20260329030609.xlsx
七匹狼(锋芒),180.0,158.0,0.0,0.0,2026-02-02,XQJ10000000026227973,订单明细20260329030609.xlsx
七匹狼(锋芒),180.0,158.0,0.0,0.0,2026-02-02,XQJ10000000026227973,订单明细20260329030609.xlsx
七匹狼(锋芒),180.0,158.0,0.0,0.0,2026-02-02,XQJ10000000026227973,订单明细20260329030609.xlsx
中华(双中支),500.0,424.0,0.0,0.0,2026-02-02,XQJ10000000026227973,订单明细20260329030609.xlsx
中华(双中支),500.0,424.0,0.0,0.0,2026-02-02,XQJ10000000026227973,订单明细20260329030609.xlsx
中华(双中支),500.0,424.0,0.0,0.0,2026-02-02,XQJ10000000026227973,订单明细20260329030609.xlsx
中华(双中支),500.0,424.0,0.0,0.0,2026-02-02,XQJ10000000026227973,订单明细20260329030609.xlsx
中华(双中支),500.0,424.0,0.0,0.0,2026-02-02,XQJ10000000026227973,订单明细20260329030609.xlsx
中华(双中支),500.0,424.0,0.0,0.0,2026-02-02,XQJ10000000026227973,订单明细20260329030609.xlsx
中华(细支),500.0,424.0,0.0,0.0,2026-02-02,XQJ10000000026227973,订单明细20260329030609.xlsx
中华(细支),500.0,424.0,0.0,0.0,2026-02-02,XQJ10000000026227973,订单明细20260329030609.xlsx
中华(细支),500.0,424.0,0.0,0.0,2026-02-02,XQJ10000000026227973,订单明细20260329030609.xlsx
中华(细支),500.0,424.0,0.0,0.0,2026-02-02,XQJ10000000026227973,订单明细20260329030609.xlsx
中华(细支),500.0,424.0,0.0,0.0,2026-02-02,XQJ10000000026227973,订单明细20260329030609.xlsx
中华(细支),500.0,424.0,0.0,0.0,2026-02-02,XQJ10000000026227973,订单明细20260329030609.xlsx
中华(金细支),800.0,678.4,0.0,0.0,2026-02-02,XQJ10000000026227973,订单明细20260329030609.xlsx
中华(金细支),800.0,678.4,0.0,0.0,2026-02-02,XQJ10000000026227973,订单明细20260329030609.xlsx
中华(金细支),800.0,678.4,0.0,0.0,2026-02-02,XQJ10000000026227973,订单明细20260329030609.xlsx
中华(金细支),800.0,678.4,0.0,0.0,2026-02-02,XQJ10000000026227973,订单明细20260329030609.xlsx
中华(金细支),800.0,678.4,0.0,0.0,2026-02-02,XQJ10000000026227973,订单明细20260329030609.xlsx
中华(金细支),800.0,678.4,0.0,0.0,2026-02-02,XQJ10000000026227973,订单明细20260329030609.xlsx
中南海(冰耀中支),230.0,201.4,0.0,0.0,2026-02-02,XQJ10000000026227973,订单明细20260329030609.xlsx
中南海(冰耀中支),230.0,201.4,0.0,0.0,2026-02-02,XQJ10000000026227973,订单明细20260329030609.xlsx
中南海(冰耀中支),230.0,201.4,0.0,0.0,2026-02-02,XQJ10000000026227973,订单明细20260329030609.xlsx
中南海(冰耀中支),230.0,201.4,0.0,0.0,2026-02-02,XQJ10000000026227973,订单明细20260329030609.xlsx
中南海(冰耀中支),230.0,201.4,0.0,0.0,2026-02-02,XQJ10000000026227973,订单明细20260329030609.xlsx
中南海(冰耀中支),230.0,201.4,0.0,0.0,2026-02-02,XQJ10000000026227973,订单明细20260329030609.xlsx
云烟(中支云龙),200.0,175.0,3.0,525.0,2026-02-02,XQJ10000000026227973,订单明细20260329030609.xlsx
云烟(中支云龙),200.0,175.0,3.0,525.0,2026-02-02,XQJ10000000026227973,订单明细20260329030609.xlsx
云烟(中支云龙),200.0,175.0,3.0,525.0,2026-02-02,XQJ10000000026227973,订单明细20260329030609.xlsx
云烟(中支云龙),200.0,175.0,3.0,525.0,2026-02-02,XQJ10000000026227973,订单明细20260329030609.xlsx
云烟(中支云龙),200.0,175.0,3.0,525.0,2026-02-02,XQJ10000000026227973,订单明细20260329030609.xlsx
云烟(中支云龙),200.0,175.0,3.0,525.0,2026-02-02,XQJ10000000026227973,订单明细20260329030609.xlsx
云烟(中支大重九),1000.0,848.0,1.0,848.0,2026-02-02,XQJ10000000026227973,订单明细20260329030609.xlsx
云烟(中支大重九),1000.0,848.0,1.0,848.0,2026-02-02,XQJ10000000026227973,订单明细20260329030609.xlsx
云烟(中支大重九),1000.0,848.0,1.0,848.0,2026-02-02,XQJ10000000026227973,订单明细20260329030609.xlsx
云烟(中支大重九),1000.0,848.0,1.0,848.0,2026-02-02,XQJ10000000026227973,订单明细20260329030609.xlsx
云烟(中支大重九),1000.0,848.0,1.0,848.0,2026-02-02,XQJ10000000026227973,订单明细20260329030609.xlsx
云烟(中支大重九),1000.0,848.0,1.0,848.0,2026-02-02,XQJ10000000026227973,订单明细20260329030609.xlsx
云烟(中支小重九),500.0,424.0,5.0,2120.0,2026-02-02,XQJ10000000026227973,订单明细20260329030609.xlsx
云烟(中支小重九),500.0,424.0,5.0,2120.0,2026-02-02,XQJ10000000026227973,订单明细20260329030609.xlsx
云烟(中支小重九),500.0,424.0,5.0,2120.0,2026-02-02,XQJ10000000026227973,订单明细20260329030609.xlsx
云烟(中支小重九),500.0,424.0,5.0,2120.0,2026-02-02,XQJ10000000026227973,订单明细20260329030609.xlsx
云烟(中支小重九),500.0,424.0,5.0,2120.0,2026-02-02,XQJ10000000026227973,订单明细20260329030609.xlsx
云烟(中支小重九),500.0,424.0,5.0,2120.0,2026-02-02,XQJ10000000026227973,订单明细20260329030609.xlsx
云烟(中支金腰带),300.0,263.0,8.0,2104.0,2026-02-02,XQJ10000000026227973,订单明细20260329030609.xlsx
云烟(中支金腰带),300.0,263.0,8.0,2104.0,2026-02-02,XQJ10000000026227973,订单明细20260329030609.xlsx
云烟(中支金腰带),300.0,263.0,8.0,2104.0,2026-02-02,XQJ10000000026227973,订单明细20260329030609.xlsx
云烟(中支金腰带),300.0,263.0,8.0,2104.0,2026-02-02,XQJ10000000026227973,订单明细20260329030609.xlsx
云烟(中支金腰带),300.0,263.0,8.0,2104.0,2026-02-02,XQJ10000000026227973,订单明细20260329030609.xlsx
云烟(中支金腰带),300.0,263.0,8.0,2104.0,2026-02-02,XQJ10000000026227973,订单明细20260329030609.xlsx
云烟(小熊猫家园),200.0,158.0,1.0,158.0,2026-02-02,XQJ10000000026227973,订单明细20260329030609.xlsx
云烟(小熊猫家园),200.0,158.0,1.0,158.0,2026-02-02,XQJ10000000026227973,订单明细20260329030609.xlsx
云烟(小熊猫家园),200.0,158.0,1.0,158.0,2026-02-02,XQJ10000000026227973,订单明细20260329030609.xlsx
云烟(小熊猫家园),200.0,158.0,1.0,158.0,2026-02-02,XQJ10000000026227973,订单明细20260329030609.xlsx
云烟(小熊猫家园),200.0,158.0,1.0,158.0,2026-02-02,XQJ10000000026227973,订单明细20260329030609.xlsx
云烟(小熊猫家园),200.0,158.0,1.0,158.0,2026-02-02,XQJ10000000026227973,订单明细20260329030609.xlsx
云烟(流金印象细支),450.0,381.6,2.0,763.2,2026-02-02,XQJ10000000026227973,订单明细20260329030609.xlsx
云烟(流金印象细支),450.0,381.6,2.0,763.2,2026-02-02,XQJ10000000026227973,订单明细20260329030609.xlsx
云烟(流金印象细支),450.0,381.6,2.0,763.2,2026-02-02,XQJ10000000026227973,订单明细20260329030609.xlsx
云烟(流金印象细支),450.0,381.6,2.0,763.2,2026-02-02,XQJ10000000026227973,订单明细20260329030609.xlsx
云烟(流金印象细支),450.0,381.6,2.0,763.2,2026-02-02,XQJ10000000026227973,订单明细20260329030609.xlsx
云烟(流金印象细支),450.0,381.6,2.0,763.2,2026-02-02,XQJ10000000026227973,订单明细20260329030609.xlsx
云烟(硬云龙),150.0,129.3,3.0,387.9,2026-02-02,XQJ10000000026227973,订单明细20260329030609.xlsx
云烟(硬云龙),150.0,129.3,3.0,387.9,2026-02-02,XQJ10000000026227973,订单明细20260329030609.xlsx
云烟(硬云龙),150.0,129.3,3.0,387.9,2026-02-02,XQJ10000000026227973,订单明细20260329030609.xlsx
云烟(硬云龙),150.0,129.3,3.0,387.9,2026-02-02,XQJ10000000026227973,订单明细20260329030609.xlsx
云烟(硬云龙),150.0,129.3,3.0,387.9,2026-02-02,XQJ10000000026227973,订单明细20260329030609.xlsx
云烟(硬云龙),150.0,129.3,3.0,387.9,2026-02-02,XQJ10000000026227973,订单明细20260329030609.xlsx
云烟(硬苁蓉),130.0,114.5,0.0,0.0,2026-02-02,XQJ10000000026227973,订单明细20260329030609.xlsx
云烟(硬苁蓉),130.0,114.5,0.0,0.0,2026-02-02,XQJ10000000026227973,订单明细20260329030609.xlsx
云烟(硬苁蓉),130.0,114.5,0.0,0.0,2026-02-02,XQJ10000000026227973,订单明细20260329030609.xlsx
云烟(硬苁蓉),130.0,114.5,0.0,0.0,2026-02-02,XQJ10000000026227973,订单明细20260329030609.xlsx
云烟(硬苁蓉),130.0,114.5,0.0,0.0,2026-02-02,XQJ10000000026227973,订单明细20260329030609.xlsx
云烟(硬苁蓉),130.0,114.5,0.0,0.0,2026-02-02,XQJ10000000026227973,订单明细20260329030609.xlsx
云烟(福),120.0,107.06,14.0,1498.84,2026-02-02,XQJ10000000026227973,订单明细20260329030609.xlsx
云烟(福),120.0,107.06,14.0,1498.84,2026-02-02,XQJ10000000026227973,订单明细20260329030609.xlsx
云烟(福),120.0,107.06,14.0,1498.84,2026-02-02,XQJ10000000026227973,订单明细20260329030609.xlsx
云烟(福),120.0,107.06,14.0,1498.84,2026-02-02,XQJ10000000026227973,订单明细20260329030609.xlsx
云烟(福),120.0,107.06,14.0,1498.84,2026-02-02,XQJ10000000026227973,订单明细20260329030609.xlsx
云烟(福),120.0,107.06,14.0,1498.84,2026-02-02,XQJ10000000026227973,订单明细20260329030609.xlsx
云烟(紫),130.0,114.5,15.0,1717.5,2026-02-02,XQJ10000000026227973,订单明细20260329030609.xlsx
云烟(紫),130.0,114.5,15.0,1717.5,2026-02-02,XQJ10000000026227973,订单明细20260329030609.xlsx
云烟(紫),130.0,114.5,15.0,1717.5,2026-02-02,XQJ10000000026227973,订单明细20260329030609.xlsx
云烟(紫),130.0,114.5,15.0,1717.5,2026-02-02,XQJ10000000026227973,订单明细20260329030609.xlsx
云烟(紫),130.0,114.5,15.0,1717.5,2026-02-02,XQJ10000000026227973,订单明细20260329030609.xlsx
云烟(紫),130.0,114.5,15.0,1717.5,2026-02-02,XQJ10000000026227973,订单明细20260329030609.xlsx
云烟(细支云龙),150.0,129.3,3.0,387.9,2026-02-02,XQJ10000000026227973,订单明细20260329030609.xlsx
云烟(细支云龙),150.0,129.3,3.0,387.9,2026-02-02,XQJ10000000026227973,订单明细20260329030609.xlsx
云烟(细支云龙),150.0,129.3,3.0,387.9,2026-02-02,XQJ10000000026227973,订单明细20260329030609.xlsx
云烟(细支云龙),150.0,129.3,3.0,387.9,2026-02-02,XQJ10000000026227973,订单明细20260329030609.xlsx
云烟(细支云龙),150.0,129.3,3.0,387.9,2026-02-02,XQJ10000000026227973,订单明细20260329030609.xlsx
云烟(细支云龙),150.0,129.3,3.0,387.9,2026-02-02,XQJ10000000026227973,订单明细20260329030609.xlsx
云烟(细支大重九),1000.0,848.0,14.0,11872.0,2026-02-02,XQJ10000000026227973,订单明细20260329030609.xlsx
云烟(细支大重九),1000.0,848.0,14.0,11872.0,2026-02-02,XQJ10000000026227973,订单明细20260329030609.xlsx
云烟(细支大重九),1000.0,848.0,14.0,11872.0,2026-02-02,XQJ10000000026227973,订单明细20260329030609.xlsx
云烟(细支大重九),1000.0,848.0,14.0,11872.0,2026-02-02,XQJ10000000026227973,订单明细20260329030609.xlsx
云烟(细支大重九),1000.0,848.0,14.0,11872.0,2026-02-02,XQJ10000000026227973,订单明细20260329030609.xlsx
云烟(细支大重九),1000.0,848.0,14.0,11872.0,2026-02-02,XQJ10000000026227973,订单明细20260329030609.xlsx
云烟(细支小重九),500.0,424.0,1.0,424.0,2026-02-02,XQJ10000000026227973,订单明细20260329030609.xlsx
云烟(细支小重九),500.0,424.0,1.0,424.0,2026-02-02,XQJ10000000026227973,订单明细20260329030609.xlsx
云烟(细支小重九),500.0,424.0,1.0,424.0,2026-02-02,XQJ10000000026227973,订单明细20260329030609.xlsx
云烟(细支小重九),500.0,424.0,1.0,424.0,2026-02-02,XQJ10000000026227973,订单明细20260329030609.xlsx
云烟(细支小重九),500.0,424.0,1.0,424.0,2026-02-02,XQJ10000000026227973,订单明细20260329030609.xlsx
云烟(细支小重九),500.0,424.0,1.0,424.0,2026-02-02,XQJ10000000026227973,订单明细20260329030609.xlsx
云烟(细支珍品),260.0,225.0,0.0,0.0,2026-02-02,XQJ10000000026227973,订单明细20260329030609.xlsx
云烟(细支珍品),260.0,225.0,0.0,0.0,2026-02-02,XQJ10000000026227973,订单明细20260329030609.xlsx
云烟(细支珍品),260.0,225.0,0.0,0.0,2026-02-02,XQJ10000000026227973,订单明细20260329030609.xlsx
云烟(细支珍品),260.0,225.0,0.0,0.0,2026-02-02,XQJ10000000026227973,订单明细20260329030609.xlsx
云烟(细支珍品),260.0,225.0,0.0,0.0,2026-02-02,XQJ10000000026227973,订单明细20260329030609.xlsx
云烟(细支珍品),260.0,225.0,0.0,0.0,2026-02-02,XQJ10000000026227973,订单明细20260329030609.xlsx
云烟(细支筋斗云),350.0,300.0,1.0,300.0,2026-02-02,XQJ10000000026227973,订单明细20260329030609.xlsx
云烟(细支筋斗云),350.0,300.0,1.0,300.0,2026-02-02,XQJ10000000026227973,订单明细20260329030609.xlsx
云烟(细支筋斗云),350.0,300.0,1.0,300.0,2026-02-02,XQJ10000000026227973,订单明细20260329030609.xlsx
云烟(细支筋斗云),350.0,300.0,1.0,300.0,2026-02-02,XQJ10000000026227973,订单明细20260329030609.xlsx
云烟(细支筋斗云),350.0,300.0,1.0,300.0,2026-02-02,XQJ10000000026227973,订单明细20260329030609.xlsx
云烟(细支筋斗云),350.0,300.0,1.0,300.0,2026-02-02,XQJ10000000026227973,订单明细20260329030609.xlsx
云烟(软印象烟庄),370.0,318.0,7.0,2226.0,2026-02-02,XQJ10000000026227973,订单明细20260329030609.xlsx
云烟(软印象烟庄),370.0,318.0,7.0,2226.0,2026-02-02,XQJ10000000026227973,订单明细20260329030609.xlsx
云烟(软印象烟庄),370.0,318.0,7.0,2226.0,2026-02-02,XQJ10000000026227973,订单明细20260329030609.xlsx
云烟(软印象烟庄),370.0,318.0,7.0,2226.0,2026-02-02,XQJ10000000026227973,订单明细20260329030609.xlsx
云烟(软印象烟庄),370.0,318.0,7.0,2226.0,2026-02-02,XQJ10000000026227973,订单明细20260329030609.xlsx
云烟(软印象烟庄),370.0,318.0,7.0,2226.0,2026-02-02,XQJ10000000026227973,订单明细20260329030609.xlsx
云烟(软大重九),1000.0,720.8,0.0,0.0,2026-02-02,XQJ10000000026227973,订单明细20260329030609.xlsx
云烟(软大重九),1000.0,720.8,0.0,0.0,2026-02-02,XQJ10000000026227973,订单明细20260329030609.xlsx
云烟(软大重九),1000.0,720.8,0.0,0.0,2026-02-02,XQJ10000000026227973,订单明细20260329030609.xlsx
云烟(软大重九),1000.0,720.8,0.0,0.0,2026-02-02,XQJ10000000026227973,订单明细20260329030609.xlsx
云烟(软大重九),1000.0,720.8,0.0,0.0,2026-02-02,XQJ10000000026227973,订单明细20260329030609.xlsx
云烟(软大重九),1000.0,720.8,0.0,0.0,2026-02-02,XQJ10000000026227973,订单明细20260329030609.xlsx
云烟(软珍品),230.0,206.7,0.0,0.0,2026-02-02,XQJ10000000026227973,订单明细20260329030609.xlsx
云烟(软珍品),230.0,206.7,0.0,0.0,2026-02-02,XQJ10000000026227973,订单明细20260329030609.xlsx
云烟(软珍品),230.0,206.7,0.0,0.0,2026-02-02,XQJ10000000026227973,订单明细20260329030609.xlsx
云烟(软珍品),230.0,206.7,0.0,0.0,2026-02-02,XQJ10000000026227973,订单明细20260329030609.xlsx
云烟(软珍品),230.0,206.7,0.0,0.0,2026-02-02,XQJ10000000026227973,订单明细20260329030609.xlsx
云烟(软珍品),230.0,206.7,0.0,0.0,2026-02-02,XQJ10000000026227973,订单明细20260329030609.xlsx
冬虫夏草(和润),600.0,424.0,0.0,0.0,2026-02-02,XQJ10000000026227973,订单明细20260329030609.xlsx
冬虫夏草(和润),600.0,424.0,0.0,0.0,2026-02-02,XQJ10000000026227973,订单明细20260329030609.xlsx
冬虫夏草(和润),600.0,424.0,0.0,0.0,2026-02-02,XQJ10000000026227973,订单明细20260329030609.xlsx
冬虫夏草(和润),600.0,424.0,0.0,0.0,2026-02-02,XQJ10000000026227973,订单明细20260329030609.xlsx
冬虫夏草(和润),600.0,424.0,0.0,0.0,2026-02-02,XQJ10000000026227973,订单明细20260329030609.xlsx
冬虫夏草(和润),600.0,424.0,0.0,0.0,2026-02-02,XQJ10000000026227973,订单明细20260329030609.xlsx
利群(新版),160.0,143.1,2.0,286.2,2026-02-02,XQJ10000000026227973,订单明细20260329030609.xlsx
利群(新版),160.0,143.1,2.0,286.2,2026-02-02,XQJ10000000026227973,订单明细20260329030609.xlsx
利群(新版),160.0,143.1,2.0,286.2,2026-02-02,XQJ10000000026227973,订单明细20260329030609.xlsx
利群(新版),160.0,143.1,2.0,286.2,2026-02-02,XQJ10000000026227973,订单明细20260329030609.xlsx
利群(新版),160.0,143.1,2.0,286.2,2026-02-02,XQJ10000000026227973,订单明细20260329030609.xlsx
利群(新版),160.0,143.1,2.0,286.2,2026-02-02,XQJ10000000026227973,订单明细20260329030609.xlsx
利群(西子阳光),310.0,275.6,1.0,275.6,2026-02-02,XQJ10000000026227973,订单明细20260329030609.xlsx
利群(西子阳光),310.0,275.6,1.0,275.6,2026-02-02,XQJ10000000026227973,订单明细20260329030609.xlsx
利群(西子阳光),310.0,275.6,1.0,275.6,2026-02-02,XQJ10000000026227973,订单明细20260329030609.xlsx
利群(西子阳光),310.0,275.6,1.0,275.6,2026-02-02,XQJ10000000026227973,订单明细20260329030609.xlsx
利群(西子阳光),310.0,275.6,1.0,275.6,2026-02-02,XQJ10000000026227973,订单明细20260329030609.xlsx
利群(西子阳光),310.0,275.6,1.0,275.6,2026-02-02,XQJ10000000026227973,订单明细20260329030609.xlsx
利群(软长嘴),360.0,318.0,1.0,318.0,2026-02-02,XQJ10000000026227973,订单明细20260329030609.xlsx
利群(软长嘴),360.0,318.0,1.0,318.0,2026-02-02,XQJ10000000026227973,订单明细20260329030609.xlsx
利群(软长嘴),360.0,318.0,1.0,318.0,2026-02-02,XQJ10000000026227973,订单明细20260329030609.xlsx
利群(软长嘴),360.0,318.0,1.0,318.0,2026-02-02,XQJ10000000026227973,订单明细20260329030609.xlsx
利群(软长嘴),360.0,318.0,1.0,318.0,2026-02-02,XQJ10000000026227973,订单明细20260329030609.xlsx
利群(软长嘴),360.0,318.0,1.0,318.0,2026-02-02,XQJ10000000026227973,订单明细20260329030609.xlsx
南京(十二钗薄荷),220.0,188.68,0.0,0.0,2026-02-02,XQJ10000000026227973,订单明细20260329030609.xlsx
南京(十二钗薄荷),220.0,188.68,0.0,0.0,2026-02-02,XQJ10000000026227973,订单明细20260329030609.xlsx
南京(十二钗薄荷),220.0,188.68,0.0,0.0,2026-02-02,XQJ10000000026227973,订单明细20260329030609.xlsx
南京(十二钗薄荷),220.0,188.68,0.0,0.0,2026-02-02,XQJ10000000026227973,订单明细20260329030609.xlsx
南京(十二钗薄荷),220.0,188.68,0.0,0.0,2026-02-02,XQJ10000000026227973,订单明细20260329030609.xlsx
南京(十二钗薄荷),220.0,188.68,0.0,0.0,2026-02-02,XQJ10000000026227973,订单明细20260329030609.xlsx
南京(梦都),200.0,175.0,1.0,175.0,2026-02-02,XQJ10000000026227973,订单明细20260329030609.xlsx
南京(梦都),200.0,175.0,1.0,175.0,2026-02-02,XQJ10000000026227973,订单明细20260329030609.xlsx
南京(梦都),200.0,175.0,1.0,175.0,2026-02-02,XQJ10000000026227973,订单明细20260329030609.xlsx
南京(梦都),200.0,175.0,1.0,175.0,2026-02-02,XQJ10000000026227973,订单明细20260329030609.xlsx
南京(梦都),200.0,175.0,1.0,175.0,2026-02-02,XQJ10000000026227973,订单明细20260329030609.xlsx
南京(梦都),200.0,175.0,1.0,175.0,2026-02-02,XQJ10000000026227973,订单明细20260329030609.xlsx
南京(细支九五),1000.0,678.4,0.0,0.0,2026-02-02,XQJ10000000026227973,订单明细20260329030609.xlsx
南京(细支九五),1000.0,678.4,0.0,0.0,2026-02-02,XQJ10000000026227973,订单明细20260329030609.xlsx
南京(细支九五),1000.0,678.4,0.0,0.0,2026-02-02,XQJ10000000026227973,订单明细20260329030609.xlsx
南京(细支九五),1000.0,678.4,0.0,0.0,2026-02-02,XQJ10000000026227973,订单明细20260329030609.xlsx
南京(细支九五),1000.0,678.4,0.0,0.0,2026-02-02,XQJ10000000026227973,订单明细20260329030609.xlsx
南京(细支九五),1000.0,678.4,0.0,0.0,2026-02-02,XQJ10000000026227973,订单明细20260329030609.xlsx
南京(软九五),1000.0,720.8,0.0,0.0,2026-02-02,XQJ10000000026227973,订单明细20260329030609.xlsx
南京(软九五),1000.0,720.8,0.0,0.0,2026-02-02,XQJ10000000026227973,订单明细20260329030609.xlsx
南京(软九五),1000.0,720.8,0.0,0.0,2026-02-02,XQJ10000000026227973,订单明细20260329030609.xlsx
南京(软九五),1000.0,720.8,0.0,0.0,2026-02-02,XQJ10000000026227973,订单明细20260329030609.xlsx
南京(软九五),1000.0,720.8,0.0,0.0,2026-02-02,XQJ10000000026227973,订单明细20260329030609.xlsx
南京(软九五),1000.0,720.8,0.0,0.0,2026-02-02,XQJ10000000026227973,订单明细20260329030609.xlsx
南京(雨花石),530.0,455.8,1.0,455.8,2026-02-02,XQJ10000000026227973,订单明细20260329030609.xlsx
南京(雨花石),530.0,455.8,1.0,455.8,2026-02-02,XQJ10000000026227973,订单明细20260329030609.xlsx
南京(雨花石),530.0,455.8,1.0,455.8,2026-02-02,XQJ10000000026227973,订单明细20260329030609.xlsx
南京(雨花石),530.0,455.8,1.0,455.8,2026-02-02,XQJ10000000026227973,订单明细20260329030609.xlsx
南京(雨花石),530.0,455.8,1.0,455.8,2026-02-02,XQJ10000000026227973,订单明细20260329030609.xlsx
南京(雨花石),530.0,455.8,1.0,455.8,2026-02-02,XQJ10000000026227973,订单明细20260329030609.xlsx
天子(中支),250.0,201.4,0.0,0.0,2026-02-02,XQJ10000000026227973,订单明细20260329030609.xlsx
天子(中支),250.0,201.4,0.0,0.0,2026-02-02,XQJ10000000026227973,订单明细20260329030609.xlsx
天子(中支),250.0,201.4,0.0,0.0,2026-02-02,XQJ10000000026227973,订单明细20260329030609.xlsx
天子(中支),250.0,201.4,0.0,0.0,2026-02-02,XQJ10000000026227973,订单明细20260329030609.xlsx
天子(中支),250.0,201.4,0.0,0.0,2026-02-02,XQJ10000000026227973,订单明细20260329030609.xlsx
天子(中支),250.0,201.4,0.0,0.0,2026-02-02,XQJ10000000026227973,订单明细20260329030609.xlsx
天子(硬珍品龙凤呈祥),210.0,180.2,0.0,0.0,2026-02-02,XQJ10000000026227973,订单明细20260329030609.xlsx
天子(硬珍品龙凤呈祥),210.0,180.2,0.0,0.0,2026-02-02,XQJ10000000026227973,订单明细20260329030609.xlsx
天子(硬珍品龙凤呈祥),210.0,180.2,0.0,0.0,2026-02-02,XQJ10000000026227973,订单明细20260329030609.xlsx
天子(硬珍品龙凤呈祥),210.0,180.2,0.0,0.0,2026-02-02,XQJ10000000026227973,订单明细20260329030609.xlsx
天子(硬珍品龙凤呈祥),210.0,180.2,0.0,0.0,2026-02-02,XQJ10000000026227973,订单明细20260329030609.xlsx
天子(硬珍品龙凤呈祥),210.0,180.2,0.0,0.0,2026-02-02,XQJ10000000026227973,订单明细20260329030609.xlsx
天子(金),200.0,167.48,1.0,167.48,2026-02-02,XQJ10000000026227973,订单明细20260329030609.xlsx
天子(金),200.0,167.48,1.0,167.48,2026-02-02,XQJ10000000026227973,订单明细20260329030609.xlsx
天子(金),200.0,167.48,1.0,167.48,2026-02-02,XQJ10000000026227973,订单明细20260329030609.xlsx
天子(金),200.0,167.48,1.0,167.48,2026-02-02,XQJ10000000026227973,订单明细20260329030609.xlsx
天子(金),200.0,167.48,1.0,167.48,2026-02-02,XQJ10000000026227973,订单明细20260329030609.xlsx
天子(金),200.0,167.48,1.0,167.48,2026-02-02,XQJ10000000026227973,订单明细20260329030609.xlsx
熊猫(典藏中支),1200.0,1000.0,1.0,1000.0,2026-02-02,XQJ10000000026227973,订单明细20260329030609.xlsx
熊猫(典藏中支),1200.0,1000.0,1.0,1000.0,2026-02-02,XQJ10000000026227973,订单明细20260329030609.xlsx
熊猫(典藏中支),1200.0,1000.0,1.0,1000.0,2026-02-02,XQJ10000000026227973,订单明细20260329030609.xlsx
熊猫(典藏中支),1200.0,1000.0,1.0,1000.0,2026-02-02,XQJ10000000026227973,订单明细20260329030609.xlsx
熊猫(典藏中支),1200.0,1000.0,1.0,1000.0,2026-02-02,XQJ10000000026227973,订单明细20260329030609.xlsx
熊猫(典藏中支),1200.0,1000.0,1.0,1000.0,2026-02-02,XQJ10000000026227973,订单明细20260329030609.xlsx
熊猫(硬经典),1000.0,848.0,1.0,848.0,2026-02-02,XQJ10000000026227973,订单明细20260329030609.xlsx
熊猫(硬经典),1000.0,848.0,1.0,848.0,2026-02-02,XQJ10000000026227973,订单明细20260329030609.xlsx
熊猫(硬经典),1000.0,848.0,1.0,848.0,2026-02-02,XQJ10000000026227973,订单明细20260329030609.xlsx
熊猫(硬经典),1000.0,848.0,1.0,848.0,2026-02-02,XQJ10000000026227973,订单明细20260329030609.xlsx
熊猫(硬经典),1000.0,848.0,1.0,848.0,2026-02-02,XQJ10000000026227973,订单明细20260329030609.xlsx
熊猫(硬经典),1000.0,848.0,1.0,848.0,2026-02-02,XQJ10000000026227973,订单明细20260329030609.xlsx
牡丹(红中支),200.0,175.0,1.0,175.0,2026-02-02,XQJ10000000026227973,订单明细20260329030609.xlsx
牡丹(红中支),200.0,175.0,1.0,175.0,2026-02-02,XQJ10000000026227973,订单明细20260329030609.xlsx
牡丹(红中支),200.0,175.0,1.0,175.0,2026-02-02,XQJ10000000026227973,订单明细20260329030609.xlsx
牡丹(红中支),200.0,175.0,1.0,175.0,2026-02-02,XQJ10000000026227973,订单明细20260329030609.xlsx
牡丹(红中支),200.0,175.0,1.0,175.0,2026-02-02,XQJ10000000026227973,订单明细20260329030609.xlsx
牡丹(红中支),200.0,175.0,1.0,175.0,2026-02-02,XQJ10000000026227973,订单明细20260329030609.xlsx
牡丹(蓝中支),300.0,263.0,2.0,526.0,2026-02-02,XQJ10000000026227973,订单明细20260329030609.xlsx
牡丹(蓝中支),300.0,263.0,2.0,526.0,2026-02-02,XQJ10000000026227973,订单明细20260329030609.xlsx
牡丹(蓝中支),300.0,263.0,2.0,526.0,2026-02-02,XQJ10000000026227973,订单明细20260329030609.xlsx
牡丹(蓝中支),300.0,263.0,2.0,526.0,2026-02-02,XQJ10000000026227973,订单明细20260329030609.xlsx
牡丹(蓝中支),300.0,263.0,2.0,526.0,2026-02-02,XQJ10000000026227973,订单明细20260329030609.xlsx
牡丹(蓝中支),300.0,263.0,2.0,526.0,2026-02-02,XQJ10000000026227973,订单明细20260329030609.xlsx
玉溪(中支和谐),400.0,339.2,1.0,339.2,2026-02-02,XQJ10000000026227973,订单明细20260329030609.xlsx
玉溪(中支和谐),400.0,339.2,1.0,339.2,2026-02-02,XQJ10000000026227973,订单明细20260329030609.xlsx
玉溪(中支和谐),400.0,339.2,1.0,339.2,2026-02-02,XQJ10000000026227973,订单明细20260329030609.xlsx
玉溪(中支和谐),400.0,339.2,1.0,339.2,2026-02-02,XQJ10000000026227973,订单明细20260329030609.xlsx
玉溪(中支和谐),400.0,339.2,1.0,339.2,2026-02-02,XQJ10000000026227973,订单明细20260329030609.xlsx
玉溪(中支和谐),400.0,339.2,1.0,339.2,2026-02-02,XQJ10000000026227973,订单明细20260329030609.xlsx
玉溪(中支境界),600.0,510.0,1.0,510.0,2026-02-02,XQJ10000000026227973,订单明细20260329030609.xlsx
玉溪(中支境界),600.0,510.0,1.0,510.0,2026-02-02,XQJ10000000026227973,订单明细20260329030609.xlsx
玉溪(中支境界),600.0,510.0,1.0,510.0,2026-02-02,XQJ10000000026227973,订单明细20260329030609.xlsx
玉溪(中支境界),600.0,510.0,1.0,510.0,2026-02-02,XQJ10000000026227973,订单明细20260329030609.xlsx
玉溪(中支境界),600.0,510.0,1.0,510.0,2026-02-02,XQJ10000000026227973,订单明细20260329030609.xlsx
玉溪(中支境界),600.0,510.0,1.0,510.0,2026-02-02,XQJ10000000026227973,订单明细20260329030609.xlsx
玉溪(硬和谐),400.0,339.2,9.0,3052.8,2026-02-02,XQJ10000000026227973,订单明细20260329030609.xlsx
玉溪(硬和谐),400.0,339.2,9.0,3052.8,2026-02-02,XQJ10000000026227973,订单明细20260329030609.xlsx
玉溪(硬和谐),400.0,339.2,9.0,3052.8,2026-02-02,XQJ10000000026227973,订单明细20260329030609.xlsx
玉溪(硬和谐),400.0,339.2,9.0,3052.8,2026-02-02,XQJ10000000026227973,订单明细20260329030609.xlsx
玉溪(硬和谐),400.0,339.2,9.0,3052.8,2026-02-02,XQJ10000000026227973,订单明细20260329030609.xlsx
玉溪(硬和谐),400.0,339.2,9.0,3052.8,2026-02-02,XQJ10000000026227973,订单明细20260329030609.xlsx
玉溪(细支缤果爆),260.0,225.0,1.0,225.0,2026-02-02,XQJ10000000026227973,订单明细20260329030609.xlsx
玉溪(细支缤果爆),260.0,225.0,1.0,225.0,2026-02-02,XQJ10000000026227973,订单明细20260329030609.xlsx
玉溪(细支缤果爆),260.0,225.0,1.0,225.0,2026-02-02,XQJ10000000026227973,订单明细20260329030609.xlsx
玉溪(细支缤果爆),260.0,225.0,1.0,225.0,2026-02-02,XQJ10000000026227973,订单明细20260329030609.xlsx
玉溪(细支缤果爆),260.0,225.0,1.0,225.0,2026-02-02,XQJ10000000026227973,订单明细20260329030609.xlsx
玉溪(细支缤果爆),260.0,225.0,1.0,225.0,2026-02-02,XQJ10000000026227973,订单明细20260329030609.xlsx
玉溪(细支翡翠),800.0,678.4,1.0,678.4,2026-02-02,XQJ10000000026227973,订单明细20260329030609.xlsx
玉溪(细支翡翠),800.0,678.4,1.0,678.4,2026-02-02,XQJ10000000026227973,订单明细20260329030609.xlsx
玉溪(细支翡翠),800.0,678.4,1.0,678.4,2026-02-02,XQJ10000000026227973,订单明细20260329030609.xlsx
玉溪(细支翡翠),800.0,678.4,1.0,678.4,2026-02-02,XQJ10000000026227973,订单明细20260329030609.xlsx
玉溪(细支翡翠),800.0,678.4,1.0,678.4,2026-02-02,XQJ10000000026227973,订单明细20260329030609.xlsx
玉溪(细支翡翠),800.0,678.4,1.0,678.4,2026-02-02,XQJ10000000026227973,订单明细20260329030609.xlsx
玉溪(软),230.0,201.4,0.0,0.0,2026-02-02,XQJ10000000026227973,订单明细20260329030609.xlsx
玉溪(软),230.0,201.4,0.0,0.0,2026-02-02,XQJ10000000026227973,订单明细20260329030609.xlsx
玉溪(软),230.0,201.4,0.0,0.0,2026-02-02,XQJ10000000026227973,订单明细20260329030609.xlsx
玉溪(软),230.0,201.4,0.0,0.0,2026-02-02,XQJ10000000026227973,订单明细20260329030609.xlsx
玉溪(软),230.0,201.4,0.0,0.0,2026-02-02,XQJ10000000026227973,订单明细20260329030609.xlsx
玉溪(软),230.0,201.4,0.0,0.0,2026-02-02,XQJ10000000026227973,订单明细20260329030609.xlsx
玉溪(软尚善),280.0,243.8,36.0,8776.8,2026-02-02,XQJ10000000026227973,订单明细20260329030609.xlsx
玉溪(软尚善),280.0,243.8,36.0,8776.8,2026-02-02,XQJ10000000026227973,订单明细20260329030609.xlsx
玉溪(软尚善),280.0,243.8,36.0,8776.8,2026-02-02,XQJ10000000026227973,订单明细20260329030609.xlsx
玉溪(软尚善),280.0,243.8,36.0,8776.8,2026-02-02,XQJ10000000026227973,订单明细20260329030609.xlsx
玉溪(软尚善),280.0,243.8,36.0,8776.8,2026-02-02,XQJ10000000026227973,订单明细20260329030609.xlsx
玉溪(软尚善),280.0,243.8,36.0,8776.8,2026-02-02,XQJ10000000026227973,订单明细20260329030609.xlsx
玉溪(鑫中支),260.0,225.0,0.0,0.0,2026-02-02,XQJ10000000026227973,订单明细20260329030609.xlsx
玉溪(鑫中支),260.0,225.0,0.0,0.0,2026-02-02,XQJ10000000026227973,订单明细20260329030609.xlsx
玉溪(鑫中支),260.0,225.0,0.0,0.0,2026-02-02,XQJ10000000026227973,订单明细20260329030609.xlsx
玉溪(鑫中支),260.0,225.0,0.0,0.0,2026-02-02,XQJ10000000026227973,订单明细20260329030609.xlsx
玉溪(鑫中支),260.0,225.0,0.0,0.0,2026-02-02,XQJ10000000026227973,订单明细20260329030609.xlsx
玉溪(鑫中支),260.0,225.0,0.0,0.0,2026-02-02,XQJ10000000026227973,订单明细20260329030609.xlsx
白沙(和天下),1000.0,848.0,3.0,2544.0,2026-02-02,XQJ10000000026227973,订单明细20260329030609.xlsx
白沙(和天下),1000.0,848.0,3.0,2544.0,2026-02-02,XQJ10000000026227973,订单明细20260329030609.xlsx
白沙(和天下),1000.0,848.0,3.0,2544.0,2026-02-02,XQJ10000000026227973,订单明细20260329030609.xlsx
白沙(和天下),1000.0,848.0,3.0,2544.0,2026-02-02,XQJ10000000026227973,订单明细20260329030609.xlsx
白沙(和天下),1000.0,848.0,3.0,2544.0,2026-02-02,XQJ10000000026227973,订单明细20260329030609.xlsx
白沙(和天下),1000.0,848.0,3.0,2544.0,2026-02-02,XQJ10000000026227973,订单明细20260329030609.xlsx
白沙(硬和天下双中支),900.0,763.2,2.0,1526.4,2026-02-02,XQJ10000000026227973,订单明细20260329030609.xlsx
白沙(硬和天下双中支),900.0,763.2,2.0,1526.4,2026-02-02,XQJ10000000026227973,订单明细20260329030609.xlsx
白沙(硬和天下双中支),900.0,763.2,2.0,1526.4,2026-02-02,XQJ10000000026227973,订单明细20260329030609.xlsx
白沙(硬和天下双中支),900.0,763.2,2.0,1526.4,2026-02-02,XQJ10000000026227973,订单明细20260329030609.xlsx
白沙(硬和天下双中支),900.0,763.2,2.0,1526.4,2026-02-02,XQJ10000000026227973,订单明细20260329030609.xlsx
白沙(硬和天下双中支),900.0,763.2,2.0,1526.4,2026-02-02,XQJ10000000026227973,订单明细20260329030609.xlsx
白沙(硬天天向上细支),160.0,129.3,1.0,129.3,2026-02-02,XQJ10000000026227973,订单明细20260329030609.xlsx
白沙(硬天天向上细支),160.0,129.3,1.0,129.3,2026-02-02,XQJ10000000026227973,订单明细20260329030609.xlsx
白沙(硬天天向上细支),160.0,129.3,1.0,129.3,2026-02-02,XQJ10000000026227973,订单明细20260329030609.xlsx
白沙(硬天天向上细支),160.0,129.3,1.0,129.3,2026-02-02,XQJ10000000026227973,订单明细20260329030609.xlsx
白沙(硬天天向上细支),160.0,129.3,1.0,129.3,2026-02-02,XQJ10000000026227973,订单明细20260329030609.xlsx
白沙(硬天天向上细支),160.0,129.3,1.0,129.3,2026-02-02,XQJ10000000026227973,订单明细20260329030609.xlsx
白沙(硬细支和天下),1000.0,720.8,0.0,0.0,2026-02-02,XQJ10000000026227973,订单明细20260329030609.xlsx
白沙(硬细支和天下),1000.0,720.8,0.0,0.0,2026-02-02,XQJ10000000026227973,订单明细20260329030609.xlsx
白沙(硬细支和天下),1000.0,720.8,0.0,0.0,2026-02-02,XQJ10000000026227973,订单明细20260329030609.xlsx
白沙(硬细支和天下),1000.0,720.8,0.0,0.0,2026-02-02,XQJ10000000026227973,订单明细20260329030609.xlsx
白沙(硬细支和天下),1000.0,720.8,0.0,0.0,2026-02-02,XQJ10000000026227973,订单明细20260329030609.xlsx
白沙(硬细支和天下),1000.0,720.8,0.0,0.0,2026-02-02,XQJ10000000026227973,订单明细20260329030609.xlsx
红塔山(硬恭贺新禧),150.0,121.9,3.0,365.7,2026-02-02,XQJ10000000026227973,订单明细20260329030609.xlsx
红塔山(硬恭贺新禧),150.0,121.9,3.0,365.7,2026-02-02,XQJ10000000026227973,订单明细20260329030609.xlsx
红塔山(硬恭贺新禧),150.0,121.9,3.0,365.7,2026-02-02,XQJ10000000026227973,订单明细20260329030609.xlsx
红塔山(硬恭贺新禧),150.0,121.9,3.0,365.7,2026-02-02,XQJ10000000026227973,订单明细20260329030609.xlsx
红塔山(硬恭贺新禧),150.0,121.9,3.0,365.7,2026-02-02,XQJ10000000026227973,订单明细20260329030609.xlsx
红塔山(硬恭贺新禧),150.0,121.9,3.0,365.7,2026-02-02,XQJ10000000026227973,订单明细20260329030609.xlsx
红塔山(硬经典),90.0,75.0,0.0,0.0,2026-02-02,XQJ10000000026227973,订单明细20260329030609.xlsx
红塔山(硬经典),90.0,75.0,0.0,0.0,2026-02-02,XQJ10000000026227973,订单明细20260329030609.xlsx
红塔山(硬经典),90.0,75.0,0.0,0.0,2026-02-02,XQJ10000000026227973,订单明细20260329030609.xlsx
红塔山(硬经典),90.0,75.0,0.0,0.0,2026-02-02,XQJ10000000026227973,订单明细20260329030609.xlsx
红塔山(硬经典),90.0,75.0,0.0,0.0,2026-02-02,XQJ10000000026227973,订单明细20260329030609.xlsx
红塔山(硬经典),90.0,75.0,0.0,0.0,2026-02-02,XQJ10000000026227973,订单明细20260329030609.xlsx
红塔山(硬经典100),110.0,97.0,6.0,582.0,2026-02-02,XQJ10000000026227973,订单明细20260329030609.xlsx
红塔山(硬经典100),110.0,97.0,6.0,582.0,2026-02-02,XQJ10000000026227973,订单明细20260329030609.xlsx
红塔山(硬经典100),110.0,97.0,6.0,582.0,2026-02-02,XQJ10000000026227973,订单明细20260329030609.xlsx
红塔山(硬经典100),110.0,97.0,6.0,582.0,2026-02-02,XQJ10000000026227973,订单明细20260329030609.xlsx
红塔山(硬经典100),110.0,97.0,6.0,582.0,2026-02-02,XQJ10000000026227973,订单明细20260329030609.xlsx
红塔山(硬经典100),110.0,97.0,6.0,582.0,2026-02-02,XQJ10000000026227973,订单明细20260329030609.xlsx
红塔山(细支传奇),180.0,155.0,1.0,155.0,2026-02-02,XQJ10000000026227973,订单明细20260329030609.xlsx
红塔山(细支传奇),180.0,155.0,1.0,155.0,2026-02-02,XQJ10000000026227973,订单明细20260329030609.xlsx
红塔山(细支传奇),180.0,155.0,1.0,155.0,2026-02-02,XQJ10000000026227973,订单明细20260329030609.xlsx
红塔山(细支传奇),180.0,155.0,1.0,155.0,2026-02-02,XQJ10000000026227973,订单明细20260329030609.xlsx
红塔山(细支传奇),180.0,155.0,1.0,155.0,2026-02-02,XQJ10000000026227973,订单明细20260329030609.xlsx
红塔山(细支传奇),180.0,155.0,1.0,155.0,2026-02-02,XQJ10000000026227973,订单明细20260329030609.xlsx
红河(硬88),120.0,97.0,3.0,291.0,2026-02-02,XQJ10000000026227973,订单明细20260329030609.xlsx
红河(硬88),120.0,97.0,3.0,291.0,2026-02-02,XQJ10000000026227973,订单明细20260329030609.xlsx
红河(硬88),120.0,97.0,3.0,291.0,2026-02-02,XQJ10000000026227973,订单明细20260329030609.xlsx
红河(硬88),120.0,97.0,3.0,291.0,2026-02-02,XQJ10000000026227973,订单明细20260329030609.xlsx
红河(硬88),120.0,97.0,3.0,291.0,2026-02-02,XQJ10000000026227973,订单明细20260329030609.xlsx
红河(硬88),120.0,97.0,3.0,291.0,2026-02-02,XQJ10000000026227973,订单明细20260329030609.xlsx
红河(硬99),140.0,121.9,3.0,365.7,2026-02-02,XQJ10000000026227973,订单明细20260329030609.xlsx
红河(硬99),140.0,121.9,3.0,365.7,2026-02-02,XQJ10000000026227973,订单明细20260329030609.xlsx
红河(硬99),140.0,121.9,3.0,365.7,2026-02-02,XQJ10000000026227973,订单明细20260329030609.xlsx
红河(硬99),140.0,121.9,3.0,365.7,2026-02-02,XQJ10000000026227973,订单明细20260329030609.xlsx
红河(硬99),140.0,121.9,3.0,365.7,2026-02-02,XQJ10000000026227973,订单明细20260329030609.xlsx
红河(硬99),140.0,121.9,3.0,365.7,2026-02-02,XQJ10000000026227973,订单明细20260329030609.xlsx
红河(软99),130.0,114.48,0.0,0.0,2026-02-02,XQJ10000000026227973,订单明细20260329030609.xlsx
红河(软99),130.0,114.48,0.0,0.0,2026-02-02,XQJ10000000026227973,订单明细20260329030609.xlsx
红河(软99),130.0,114.48,0.0,0.0,2026-02-02,XQJ10000000026227973,订单明细20260329030609.xlsx
红河(软99),130.0,114.48,0.0,0.0,2026-02-02,XQJ10000000026227973,订单明细20260329030609.xlsx
红河(软99),130.0,114.48,0.0,0.0,2026-02-02,XQJ10000000026227973,订单明细20260329030609.xlsx
红河(软99),130.0,114.48,0.0,0.0,2026-02-02,XQJ10000000026227973,订单明细20260329030609.xlsx
芙蓉王(品悦细支),260.0,225.0,1.0,225.0,2026-02-02,XQJ10000000026227973,订单明细20260329030609.xlsx
芙蓉王(品悦细支),260.0,225.0,1.0,225.0,2026-02-02,XQJ10000000026227973,订单明细20260329030609.xlsx
芙蓉王(品悦细支),260.0,225.0,1.0,225.0,2026-02-02,XQJ10000000026227973,订单明细20260329030609.xlsx
芙蓉王(品悦细支),260.0,225.0,1.0,225.0,2026-02-02,XQJ10000000026227973,订单明细20260329030609.xlsx
芙蓉王(品悦细支),260.0,225.0,1.0,225.0,2026-02-02,XQJ10000000026227973,订单明细20260329030609.xlsx
芙蓉王(品悦细支),260.0,225.0,1.0,225.0,2026-02-02,XQJ10000000026227973,订单明细20260329030609.xlsx
芙蓉王(硬),250.0,218.36,5.0,1091.8,2026-02-02,XQJ10000000026227973,订单明细20260329030609.xlsx
芙蓉王(硬),250.0,218.36,5.0,1091.8,2026-02-02,XQJ10000000026227973,订单明细20260329030609.xlsx
芙蓉王(硬),250.0,218.36,5.0,1091.8,2026-02-02,XQJ10000000026227973,订单明细20260329030609.xlsx
芙蓉王(硬),250.0,218.36,5.0,1091.8,2026-02-02,XQJ10000000026227973,订单明细20260329030609.xlsx
芙蓉王(硬),250.0,218.36,5.0,1091.8,2026-02-02,XQJ10000000026227973,订单明细20260329030609.xlsx
芙蓉王(硬),250.0,218.36,5.0,1091.8,2026-02-02,XQJ10000000026227973,订单明细20260329030609.xlsx
芙蓉王(硬闪带细支),350.0,300.0,0.0,0.0,2026-02-02,XQJ10000000026227973,订单明细20260329030609.xlsx
芙蓉王(硬闪带细支),350.0,300.0,0.0,0.0,2026-02-02,XQJ10000000026227973,订单明细20260329030609.xlsx
芙蓉王(硬闪带细支),350.0,300.0,0.0,0.0,2026-02-02,XQJ10000000026227973,订单明细20260329030609.xlsx
芙蓉王(硬闪带细支),350.0,300.0,0.0,0.0,2026-02-02,XQJ10000000026227973,订单明细20260329030609.xlsx
芙蓉王(硬闪带细支),350.0,300.0,0.0,0.0,2026-02-02,XQJ10000000026227973,订单明细20260329030609.xlsx
芙蓉王(硬闪带细支),350.0,300.0,0.0,0.0,2026-02-02,XQJ10000000026227973,订单明细20260329030609.xlsx
芙蓉王(绽放),350.0,300.0,0.0,0.0,2026-02-02,XQJ10000000026227973,订单明细20260329030609.xlsx
芙蓉王(绽放),350.0,300.0,0.0,0.0,2026-02-02,XQJ10000000026227973,订单明细20260329030609.xlsx
芙蓉王(绽放),350.0,300.0,0.0,0.0,2026-02-02,XQJ10000000026227973,订单明细20260329030609.xlsx
芙蓉王(绽放),350.0,300.0,0.0,0.0,2026-02-02,XQJ10000000026227973,订单明细20260329030609.xlsx
芙蓉王(绽放),350.0,300.0,0.0,0.0,2026-02-02,XQJ10000000026227973,订单明细20260329030609.xlsx
芙蓉王(绽放),350.0,300.0,0.0,0.0,2026-02-02,XQJ10000000026227973,订单明细20260329030609.xlsx
芙蓉王(锦绣),500.0,381.6,1.0,381.6,2026-02-02,XQJ10000000026227973,订单明细20260329030609.xlsx
芙蓉王(锦绣),500.0,381.6,1.0,381.6,2026-02-02,XQJ10000000026227973,订单明细20260329030609.xlsx
芙蓉王(锦绣),500.0,381.6,1.0,381.6,2026-02-02,XQJ10000000026227973,订单明细20260329030609.xlsx
芙蓉王(锦绣),500.0,381.6,1.0,381.6,2026-02-02,XQJ10000000026227973,订单明细20260329030609.xlsx
芙蓉王(锦绣),500.0,381.6,1.0,381.6,2026-02-02,XQJ10000000026227973,订单明细20260329030609.xlsx
芙蓉王(锦绣),500.0,381.6,1.0,381.6,2026-02-02,XQJ10000000026227973,订单明细20260329030609.xlsx
芙蓉王(锦绣细支),500.0,424.0,0.0,0.0,2026-02-02,XQJ10000000026227973,订单明细20260329030609.xlsx
芙蓉王(锦绣细支),500.0,424.0,0.0,0.0,2026-02-02,XQJ10000000026227973,订单明细20260329030609.xlsx
芙蓉王(锦绣细支),500.0,424.0,0.0,0.0,2026-02-02,XQJ10000000026227973,订单明细20260329030609.xlsx
芙蓉王(锦绣细支),500.0,424.0,0.0,0.0,2026-02-02,XQJ10000000026227973,订单明细20260329030609.xlsx
芙蓉王(锦绣细支),500.0,424.0,0.0,0.0,2026-02-02,XQJ10000000026227973,订单明细20260329030609.xlsx
芙蓉王(锦绣细支),500.0,424.0,0.0,0.0,2026-02-02,XQJ10000000026227973,订单明细20260329030609.xlsx
贵烟(跨越),250.0,201.4,0.0,0.0,2026-02-02,XQJ10000000026227973,订单明细20260329030609.xlsx
贵烟(跨越),250.0,201.4,0.0,0.0,2026-02-02,XQJ10000000026227973,订单明细20260329030609.xlsx
贵烟(跨越),250.0,201.4,0.0,0.0,2026-02-02,XQJ10000000026227973,订单明细20260329030609.xlsx
贵烟(跨越),250.0,201.4,0.0,0.0,2026-02-02,XQJ10000000026227973,订单明细20260329030609.xlsx
贵烟(跨越),250.0,201.4,0.0,0.0,2026-02-02,XQJ10000000026227973,订单明细20260329030609.xlsx
贵烟(跨越),250.0,201.4,0.0,0.0,2026-02-02,XQJ10000000026227973,订单明细20260329030609.xlsx
金圣(青瓷),180.0,158.0,1.0,158.0,2026-02-02,XQJ10000000026227973,订单明细20260329030609.xlsx
金圣(青瓷),180.0,158.0,1.0,158.0,2026-02-02,XQJ10000000026227973,订单明细20260329030609.xlsx
金圣(青瓷),180.0,158.0,1.0,158.0,2026-02-02,XQJ10000000026227973,订单明细20260329030609.xlsx
金圣(青瓷),180.0,158.0,1.0,158.0,2026-02-02,XQJ10000000026227973,订单明细20260329030609.xlsx
金圣(青瓷),180.0,158.0,1.0,158.0,2026-02-02,XQJ10000000026227973,订单明细20260329030609.xlsx
金圣(青瓷),180.0,158.0,1.0,158.0,2026-02-02,XQJ10000000026227973,订单明细20260329030609.xlsx
钻石(细支荷花),420.0,360.4,0.0,0.0,2026-02-02,XQJ10000000026227973,订单明细20260329030609.xlsx
钻石(细支荷花),420.0,360.4,0.0,0.0,2026-02-02,XQJ10000000026227973,订单明细20260329030609.xlsx
钻石(细支荷花),420.0,360.4,0.0,0.0,2026-02-02,XQJ10000000026227973,订单明细20260329030609.xlsx
钻石(细支荷花),420.0,360.4,0.0,0.0,2026-02-02,XQJ10000000026227973,订单明细20260329030609.xlsx
钻石(细支荷花),420.0,360.4,0.0,0.0,2026-02-02,XQJ10000000026227973,订单明细20260329030609.xlsx
钻石(细支荷花),420.0,360.4,0.0,0.0,2026-02-02,XQJ10000000026227973,订单明细20260329030609.xlsx
钻石(荷花),320.0,275.6,2.0,551.2,2026-02-02,XQJ10000000026227973,订单明细20260329030609.xlsx
钻石(荷花),320.0,275.6,2.0,551.2,2026-02-02,XQJ10000000026227973,订单明细20260329030609.xlsx
钻石(荷花),320.0,275.6,2.0,551.2,2026-02-02,XQJ10000000026227973,订单明细20260329030609.xlsx
钻石(荷花),320.0,275.6,2.0,551.2,2026-02-02,XQJ10000000026227973,订单明细20260329030609.xlsx
钻石(荷花),320.0,275.6,2.0,551.2,2026-02-02,XQJ10000000026227973,订单明细20260329030609.xlsx
钻石(荷花),320.0,275.6,2.0,551.2,2026-02-02,XQJ10000000026227973,订单明细20260329030609.xlsx
钻石(荷花小雅90mm细支),550.0,470.0,1.0,470.0,2026-02-02,XQJ10000000026227973,订单明细20260329030609.xlsx
钻石(荷花小雅90mm细支),550.0,470.0,1.0,470.0,2026-02-02,XQJ10000000026227973,订单明细20260329030609.xlsx
钻石(荷花小雅90mm细支),550.0,470.0,1.0,470.0,2026-02-02,XQJ10000000026227973,订单明细20260329030609.xlsx
钻石(荷花小雅90mm细支),550.0,470.0,1.0,470.0,2026-02-02,XQJ10000000026227973,订单明细20260329030609.xlsx
钻石(荷花小雅90mm细支),550.0,470.0,1.0,470.0,2026-02-02,XQJ10000000026227973,订单明细20260329030609.xlsx
钻石(荷花小雅90mm细支),550.0,470.0,1.0,470.0,2026-02-02,XQJ10000000026227973,订单明细20260329030609.xlsx
钻石(软荷花),500.0,339.2,1.0,339.2,2026-02-02,XQJ10000000026227973,订单明细20260329030609.xlsx
钻石(软荷花),500.0,339.2,1.0,339.2,2026-02-02,XQJ10000000026227973,订单明细20260329030609.xlsx
钻石(软荷花),500.0,339.2,1.0,339.2,2026-02-02,XQJ10000000026227973,订单明细20260329030609.xlsx
钻石(软荷花),500.0,339.2,1.0,339.2,2026-02-02,XQJ10000000026227973,订单明细20260329030609.xlsx
钻石(软荷花),500.0,339.2,1.0,339.2,2026-02-02,XQJ10000000026227973,订单明细20260329030609.xlsx
钻石(软荷花),500.0,339.2,1.0,339.2,2026-02-02,XQJ10000000026227973,订单明细20260329030609.xlsx
黄金叶(乐途),140.0,121.9,2.0,243.8,2026-02-02,XQJ10000000026227973,订单明细20260329030609.xlsx
黄金叶(乐途),140.0,121.9,2.0,243.8,2026-02-02,XQJ10000000026227973,订单明细20260329030609.xlsx
黄金叶(乐途),140.0,121.9,2.0,243.8,2026-02-02,XQJ10000000026227973,订单明细20260329030609.xlsx
黄金叶(乐途),140.0,121.9,2.0,243.8,2026-02-02,XQJ10000000026227973,订单明细20260329030609.xlsx
黄金叶(乐途),140.0,121.9,2.0,243.8,2026-02-02,XQJ10000000026227973,订单明细20260329030609.xlsx
黄金叶(乐途),140.0,121.9,2.0,243.8,2026-02-02,XQJ10000000026227973,订单明细20260329030609.xlsx
黄金叶(商鼎),200.0,175.0,1.0,175.0,2026-02-02,XQJ10000000026227973,订单明细20260329030609.xlsx
黄金叶(商鼎),200.0,175.0,1.0,175.0,2026-02-02,XQJ10000000026227973,订单明细20260329030609.xlsx
黄金叶(商鼎),200.0,175.0,1.0,175.0,2026-02-02,XQJ10000000026227973,订单明细20260329030609.xlsx
黄金叶(商鼎),200.0,175.0,1.0,175.0,2026-02-02,XQJ10000000026227973,订单明细20260329030609.xlsx
黄金叶(商鼎),200.0,175.0,1.0,175.0,2026-02-02,XQJ10000000026227973,订单明细20260329030609.xlsx
黄金叶(商鼎),200.0,175.0,1.0,175.0,2026-02-02,XQJ10000000026227973,订单明细20260329030609.xlsx
黄金叶(大成细支),350.0,263.0,3.0,789.0,2026-02-02,XQJ10000000026227973,订单明细20260329030609.xlsx
黄金叶(大成细支),350.0,263.0,3.0,789.0,2026-02-02,XQJ10000000026227973,订单明细20260329030609.xlsx
黄金叶(大成细支),350.0,263.0,3.0,789.0,2026-02-02,XQJ10000000026227973,订单明细20260329030609.xlsx
黄金叶(大成细支),350.0,263.0,3.0,789.0,2026-02-02,XQJ10000000026227973,订单明细20260329030609.xlsx
黄金叶(大成细支),350.0,263.0,3.0,789.0,2026-02-02,XQJ10000000026227973,订单明细20260329030609.xlsx
黄金叶(大成细支),350.0,263.0,3.0,789.0,2026-02-02,XQJ10000000026227973,订单明细20260329030609.xlsx
黄金叶(天叶),1000.0,678.4,0.0,0.0,2026-02-02,XQJ10000000026227973,订单明细20260329030609.xlsx
黄金叶(天叶),1000.0,678.4,0.0,0.0,2026-02-02,XQJ10000000026227973,订单明细20260329030609.xlsx
黄金叶(天叶),1000.0,678.4,0.0,0.0,2026-02-02,XQJ10000000026227973,订单明细20260329030609.xlsx
黄金叶(天叶),1000.0,678.4,0.0,0.0,2026-02-02,XQJ10000000026227973,订单明细20260329030609.xlsx
黄金叶(天叶),1000.0,678.4,0.0,0.0,2026-02-02,XQJ10000000026227973,订单明细20260329030609.xlsx
黄金叶(天叶),1000.0,678.4,0.0,0.0,2026-02-02,XQJ10000000026227973,订单明细20260329030609.xlsx
黄金叶(天叶细支),1000.0,848.0,1.0,848.0,2026-02-02,XQJ10000000026227973,订单明细20260329030609.xlsx
黄金叶(天叶细支),1000.0,848.0,1.0,848.0,2026-02-02,XQJ10000000026227973,订单明细20260329030609.xlsx
黄金叶(天叶细支),1000.0,848.0,1.0,848.0,2026-02-02,XQJ10000000026227973,订单明细20260329030609.xlsx
黄金叶(天叶细支),1000.0,848.0,1.0,848.0,2026-02-02,XQJ10000000026227973,订单明细20260329030609.xlsx
黄金叶(天叶细支),1000.0,848.0,1.0,848.0,2026-02-02,XQJ10000000026227973,订单明细20260329030609.xlsx
黄金叶(天叶细支),1000.0,848.0,1.0,848.0,2026-02-02,XQJ10000000026227973,订单明细20260329030609.xlsx
黄金叶(天香中支),550.0,424.0,0.0,0.0,2026-02-02,XQJ10000000026227973,订单明细20260329030609.xlsx
黄金叶(天香中支),550.0,424.0,0.0,0.0,2026-02-02,XQJ10000000026227973,订单明细20260329030609.xlsx
黄金叶(天香中支),550.0,424.0,0.0,0.0,2026-02-02,XQJ10000000026227973,订单明细20260329030609.xlsx
黄金叶(天香中支),550.0,424.0,0.0,0.0,2026-02-02,XQJ10000000026227973,订单明细20260329030609.xlsx
黄金叶(天香中支),550.0,424.0,0.0,0.0,2026-02-02,XQJ10000000026227973,订单明细20260329030609.xlsx
黄金叶(天香中支),550.0,424.0,0.0,0.0,2026-02-02,XQJ10000000026227973,订单明细20260329030609.xlsx
黄金叶(天香细支),550.0,455.8,2.0,911.6,2026-02-02,XQJ10000000026227973,订单明细20260329030609.xlsx
黄金叶(天香细支),550.0,455.8,2.0,911.6,2026-02-02,XQJ10000000026227973,订单明细20260329030609.xlsx
黄金叶(天香细支),550.0,455.8,2.0,911.6,2026-02-02,XQJ10000000026227973,订单明细20260329030609.xlsx
黄金叶(天香细支),550.0,455.8,2.0,911.6,2026-02-02,XQJ10000000026227973,订单明细20260329030609.xlsx
黄金叶(天香细支),550.0,455.8,2.0,911.6,2026-02-02,XQJ10000000026227973,订单明细20260329030609.xlsx
黄金叶(天香细支),550.0,455.8,2.0,911.6,2026-02-02,XQJ10000000026227973,订单明细20260329030609.xlsx
黄鹤楼(硬1916如意),1000.0,763.2,1.0,763.2,2026-02-02,XQJ10000000026227973,订单明细20260329030609.xlsx
黄鹤楼(硬1916如意),1000.0,763.2,1.0,763.2,2026-02-02,XQJ10000000026227973,订单明细20260329030609.xlsx
黄鹤楼(硬1916如意),1000.0,763.2,1.0,763.2,2026-02-02,XQJ10000000026227973,订单明细20260329030609.xlsx
黄鹤楼(硬1916如意),1000.0,763.2,1.0,763.2,2026-02-02,XQJ10000000026227973,订单明细20260329030609.xlsx
黄鹤楼(硬1916如意),1000.0,763.2,1.0,763.2,2026-02-02,XQJ10000000026227973,订单明细20260329030609.xlsx
黄鹤楼(硬1916如意),1000.0,763.2,1.0,763.2,2026-02-02,XQJ10000000026227973,订单明细20260329030609.xlsx
黄鹤楼(硬1916红爆),1000.0,720.8,1.0,720.8,2026-02-02,XQJ10000000026227973,订单明细20260329030609.xlsx
黄鹤楼(硬1916红爆),1000.0,720.8,1.0,720.8,2026-02-02,XQJ10000000026227973,订单明细20260329030609.xlsx
黄鹤楼(硬1916红爆),1000.0,720.8,1.0,720.8,2026-02-02,XQJ10000000026227973,订单明细20260329030609.xlsx
黄鹤楼(硬1916红爆),1000.0,720.8,1.0,720.8,2026-02-02,XQJ10000000026227973,订单明细20260329030609.xlsx
黄鹤楼(硬1916红爆),1000.0,720.8,1.0,720.8,2026-02-02,XQJ10000000026227973,订单明细20260329030609.xlsx
黄鹤楼(硬1916红爆),1000.0,720.8,1.0,720.8,2026-02-02,XQJ10000000026227973,订单明细20260329030609.xlsx
黄鹤楼(硬峡谷柔情),400.0,263.0,2.0,526.0,2026-02-02,XQJ10000000026227973,订单明细20260329030609.xlsx
黄鹤楼(硬峡谷柔情),400.0,263.0,2.0,526.0,2026-02-02,XQJ10000000026227973,订单明细20260329030609.xlsx
黄鹤楼(硬峡谷柔情),400.0,263.0,2.0,526.0,2026-02-02,XQJ10000000026227973,订单明细20260329030609.xlsx
黄鹤楼(硬峡谷柔情),400.0,263.0,2.0,526.0,2026-02-02,XQJ10000000026227973,订单明细20260329030609.xlsx
黄鹤楼(硬峡谷柔情),400.0,263.0,2.0,526.0,2026-02-02,XQJ10000000026227973,订单明细20260329030609.xlsx
黄鹤楼(硬峡谷柔情),400.0,263.0,2.0,526.0,2026-02-02,XQJ10000000026227973,订单明细20260329030609.xlsx
黄鹤楼(软蓝),190.0,164.3,1.0,164.3,2026-02-02,XQJ10000000026227973,订单明细20260329030609.xlsx
黄鹤楼(软蓝),190.0,164.3,1.0,164.3,2026-02-02,XQJ10000000026227973,订单明细20260329030609.xlsx
黄鹤楼(软蓝),190.0,164.3,1.0,164.3,2026-02-02,XQJ10000000026227973,订单明细20260329030609.xlsx
黄鹤楼(软蓝),190.0,164.3,1.0,164.3,2026-02-02,XQJ10000000026227973,订单明细20260329030609.xlsx
黄鹤楼(软蓝),190.0,164.3,1.0,164.3,2026-02-02,XQJ10000000026227973,订单明细20260329030609.xlsx
黄鹤楼(软蓝),190.0,164.3,1.0,164.3,2026-02-02,XQJ10000000026227973,订单明细20260329030609.xlsx
555(冰炫),240.0,216.05,0.0,0.0,2026-02-09,XQJ10000000026251755,订单明细20260329030548.xlsx
555(冰炫),240.0,216.05,0.0,0.0,2026-02-09,XQJ10000000026251755,订单明细20260329030548.xlsx
555(冰炫),240.0,216.05,0.0,0.0,2026-02-09,XQJ10000000026251755,订单明细20260329030548.xlsx
555(冰炫),240.0,216.05,0.0,0.0,2026-02-09,XQJ10000000026251755,订单明细20260329030548.xlsx
555(冰炫),240.0,216.05,0.0,0.0,2026-02-09,XQJ10000000026251755,订单明细20260329030548.xlsx
555(冰炫),240.0,216.05,0.0,0.0,2026-02-09,XQJ10000000026251755,订单明细20260329030548.xlsx
555(双冰),320.0,271.07,0.0,0.0,2026-02-09,XQJ10000000026251755,订单明细20260329030548.xlsx
555(双冰),320.0,271.07,0.0,0.0,2026-02-09,XQJ10000000026251755,订单明细20260329030548.xlsx
555(双冰),320.0,271.07,0.0,0.0,2026-02-09,XQJ10000000026251755,订单明细20260329030548.xlsx
555(双冰),320.0,271.07,0.0,0.0,2026-02-09,XQJ10000000026251755,订单明细20260329030548.xlsx
555(双冰),320.0,271.07,0.0,0.0,2026-02-09,XQJ10000000026251755,订单明细20260329030548.xlsx
555(双冰),320.0,271.07,0.0,0.0,2026-02-09,XQJ10000000026251755,订单明细20260329030548.xlsx
七匹狼(纯境),160.0,143.1,0.0,0.0,2026-02-09,XQJ10000000026251755,订单明细20260329030548.xlsx
七匹狼(纯境),160.0,143.1,0.0,0.0,2026-02-09,XQJ10000000026251755,订单明细20260329030548.xlsx
七匹狼(纯境),160.0,143.1,0.0,0.0,2026-02-09,XQJ10000000026251755,订单明细20260329030548.xlsx
七匹狼(纯境),160.0,143.1,0.0,0.0,2026-02-09,XQJ10000000026251755,订单明细20260329030548.xlsx
七匹狼(纯境),160.0,143.1,0.0,0.0,2026-02-09,XQJ10000000026251755,订单明细20260329030548.xlsx
七匹狼(纯境),160.0,143.1,0.0,0.0,2026-02-09,XQJ10000000026251755,订单明细20260329030548.xlsx
七匹狼(银中支),230.0,201.4,0.0,0.0,2026-02-09,XQJ10000000026251755,订单明细20260329030548.xlsx
七匹狼(银中支),230.0,201.4,0.0,0.0,2026-02-09,XQJ10000000026251755,订单明细20260329030548.xlsx
七匹狼(银中支),230.0,201.4,0.0,0.0,2026-02-09,XQJ10000000026251755,订单明细20260329030548.xlsx
七匹狼(银中支),230.0,201.4,0.0,0.0,2026-02-09,XQJ10000000026251755,订单明细20260329030548.xlsx
七匹狼(银中支),230.0,201.4,0.0,0.0,2026-02-09,XQJ10000000026251755,订单明细20260329030548.xlsx
七匹狼(银中支),230.0,201.4,0.0,0.0,2026-02-09,XQJ10000000026251755,订单明细20260329030548.xlsx
七匹狼(锋芒),180.0,158.0,0.0,0.0,2026-02-09,XQJ10000000026251755,订单明细20260329030548.xlsx
七匹狼(锋芒),180.0,158.0,0.0,0.0,2026-02-09,XQJ10000000026251755,订单明细20260329030548.xlsx
七匹狼(锋芒),180.0,158.0,0.0,0.0,2026-02-09,XQJ10000000026251755,订单明细20260329030548.xlsx
七匹狼(锋芒),180.0,158.0,0.0,0.0,2026-02-09,XQJ10000000026251755,订单明细20260329030548.xlsx
七匹狼(锋芒),180.0,158.0,0.0,0.0,2026-02-09,XQJ10000000026251755,订单明细20260329030548.xlsx
七匹狼(锋芒),180.0,158.0,0.0,0.0,2026-02-09,XQJ10000000026251755,订单明细20260329030548.xlsx
万宝路(硬冰爵2.0）,260.0,225.0,0.0,0.0,2026-02-09,XQJ10000000026251755,订单明细20260329030548.xlsx
万宝路(硬冰爵2.0）,260.0,225.0,0.0,0.0,2026-02-09,XQJ10000000026251755,订单明细20260329030548.xlsx
万宝路(硬冰爵2.0）,260.0,225.0,0.0,0.0,2026-02-09,XQJ10000000026251755,订单明细20260329030548.xlsx
万宝路(硬冰爵2.0）,260.0,225.0,0.0,0.0,2026-02-09,XQJ10000000026251755,订单明细20260329030548.xlsx
万宝路(硬冰爵2.0）,260.0,225.0,0.0,0.0,2026-02-09,XQJ10000000026251755,订单明细20260329030548.xlsx
万宝路(硬冰爵2.0）,260.0,225.0,0.0,0.0,2026-02-09,XQJ10000000026251755,订单明细20260329030548.xlsx
万宝路(软红2.0),160.0,143.1,0.0,0.0,2026-02-09,XQJ10000000026251755,订单明细20260329030548.xlsx
万宝路(软红2.0),160.0,143.1,0.0,0.0,2026-02-09,XQJ10000000026251755,订单明细20260329030548.xlsx
万宝路(软红2.0),160.0,143.1,0.0,0.0,2026-02-09,XQJ10000000026251755,订单明细20260329030548.xlsx
万宝路(软红2.0),160.0,143.1,0.0,0.0,2026-02-09,XQJ10000000026251755,订单明细20260329030548.xlsx
万宝路(软红2.0),160.0,143.1,0.0,0.0,2026-02-09,XQJ10000000026251755,订单明细20260329030548.xlsx
万宝路(软红2.0),160.0,143.1,0.0,0.0,2026-02-09,XQJ10000000026251755,订单明细20260329030548.xlsx
三沙(细支),260.0,225.0,0.0,0.0,2026-02-09,XQJ10000000026251755,订单明细20260329030548.xlsx
三沙(细支),260.0,225.0,0.0,0.0,2026-02-09,XQJ10000000026251755,订单明细20260329030548.xlsx
三沙(细支),260.0,225.0,0.0,0.0,2026-02-09,XQJ10000000026251755,订单明细20260329030548.xlsx
三沙(细支),260.0,225.0,0.0,0.0,2026-02-09,XQJ10000000026251755,订单明细20260329030548.xlsx
三沙(细支),260.0,225.0,0.0,0.0,2026-02-09,XQJ10000000026251755,订单明细20260329030548.xlsx
三沙(细支),260.0,225.0,0.0,0.0,2026-02-09,XQJ10000000026251755,订单明细20260329030548.xlsx
中华(双中支),500.0,424.0,0.0,0.0,2026-02-09,XQJ10000000026251755,订单明细20260329030548.xlsx
中华(双中支),500.0,424.0,0.0,0.0,2026-02-09,XQJ10000000026251755,订单明细20260329030548.xlsx
中华(双中支),500.0,424.0,0.0,0.0,2026-02-09,XQJ10000000026251755,订单明细20260329030548.xlsx
中华(双中支),500.0,424.0,0.0,0.0,2026-02-09,XQJ10000000026251755,订单明细20260329030548.xlsx
中华(双中支),500.0,424.0,0.0,0.0,2026-02-09,XQJ10000000026251755,订单明细20260329030548.xlsx
中华(双中支),500.0,424.0,0.0,0.0,2026-02-09,XQJ10000000026251755,订单明细20260329030548.xlsx
中华(细支),500.0,424.0,0.0,0.0,2026-02-09,XQJ10000000026251755,订单明细20260329030548.xlsx
中华(细支),500.0,424.0,0.0,0.0,2026-02-09,XQJ10000000026251755,订单明细20260329030548.xlsx
中华(细支),500.0,424.0,0.0,0.0,2026-02-09,XQJ10000000026251755,订单明细20260329030548.xlsx
中华(细支),500.0,424.0,0.0,0.0,2026-02-09,XQJ10000000026251755,订单明细20260329030548.xlsx
中华(细支),500.0,424.0,0.0,0.0,2026-02-09,XQJ10000000026251755,订单明细20260329030548.xlsx
中华(细支),500.0,424.0,0.0,0.0,2026-02-09,XQJ10000000026251755,订单明细20260329030548.xlsx
中华(细支3mg),1000.0,848.0,0.0,0.0,2026-02-09,XQJ10000000026251755,订单明细20260329030548.xlsx
中华(细支3mg),1000.0,848.0,0.0,0.0,2026-02-09,XQJ10000000026251755,订单明细20260329030548.xlsx
中华(细支3mg),1000.0,848.0,0.0,0.0,2026-02-09,XQJ10000000026251755,订单明细20260329030548.xlsx
中华(细支3mg),1000.0,848.0,0.0,0.0,2026-02-09,XQJ10000000026251755,订单明细20260329030548.xlsx
中华(细支3mg),1000.0,848.0,0.0,0.0,2026-02-09,XQJ10000000026251755,订单明细20260329030548.xlsx
中华(细支3mg),1000.0,848.0,0.0,0.0,2026-02-09,XQJ10000000026251755,订单明细20260329030548.xlsx
中华(细支6mg),600.0,510.0,1.0,510.0,2026-02-09,XQJ10000000026251755,订单明细20260329030548.xlsx
中华(细支6mg),600.0,510.0,1.0,510.0,2026-02-09,XQJ10000000026251755,订单明细20260329030548.xlsx
中华(细支6mg),600.0,510.0,1.0,510.0,2026-02-09,XQJ10000000026251755,订单明细20260329030548.xlsx
中华(细支6mg),600.0,510.0,1.0,510.0,2026-02-09,XQJ10000000026251755,订单明细20260329030548.xlsx
中华(细支6mg),600.0,510.0,1.0,510.0,2026-02-09,XQJ10000000026251755,订单明细20260329030548.xlsx
中华(细支6mg),600.0,510.0,1.0,510.0,2026-02-09,XQJ10000000026251755,订单明细20260329030548.xlsx
中华(金中支),1000.0,678.4,0.0,0.0,2026-02-09,XQJ10000000026251755,订单明细20260329030548.xlsx
中华(金中支),1000.0,678.4,0.0,0.0,2026-02-09,XQJ10000000026251755,订单明细20260329030548.xlsx
中华(金中支),1000.0,678.4,0.0,0.0,2026-02-09,XQJ10000000026251755,订单明细20260329030548.xlsx
中华(金中支),1000.0,678.4,0.0,0.0,2026-02-09,XQJ10000000026251755,订单明细20260329030548.xlsx
中华(金中支),1000.0,678.4,0.0,0.0,2026-02-09,XQJ10000000026251755,订单明细20260329030548.xlsx
中华(金中支),1000.0,678.4,0.0,0.0,2026-02-09,XQJ10000000026251755,订单明细20260329030548.xlsx
中华(金双中),600.0,510.0,1.0,510.0,2026-02-09,XQJ10000000026251755,订单明细20260329030548.xlsx
中华(金双中),600.0,510.0,1.0,510.0,2026-02-09,XQJ10000000026251755,订单明细20260329030548.xlsx
中华(金双中),600.0,510.0,1.0,510.0,2026-02-09,XQJ10000000026251755,订单明细20260329030548.xlsx
中华(金双中),600.0,510.0,1.0,510.0,2026-02-09,XQJ10000000026251755,订单明细20260329030548.xlsx
中华(金双中),600.0,510.0,1.0,510.0,2026-02-09,XQJ10000000026251755,订单明细20260329030548.xlsx
中华(金双中),600.0,510.0,1.0,510.0,2026-02-09,XQJ10000000026251755,订单明细20260329030548.xlsx
中南海(冰耀中支),230.0,201.4,0.0,0.0,2026-02-09,XQJ10000000026251755,订单明细20260329030548.xlsx
中南海(冰耀中支),230.0,201.4,0.0,0.0,2026-02-09,XQJ10000000026251755,订单明细20260329030548.xlsx
中南海(冰耀中支),230.0,201.4,0.0,0.0,2026-02-09,XQJ10000000026251755,订单明细20260329030548.xlsx
中南海(冰耀中支),230.0,201.4,0.0,0.0,2026-02-09,XQJ10000000026251755,订单明细20260329030548.xlsx
中南海(冰耀中支),230.0,201.4,0.0,0.0,2026-02-09,XQJ10000000026251755,订单明细20260329030548.xlsx
中南海(冰耀中支),230.0,201.4,0.0,0.0,2026-02-09,XQJ10000000026251755,订单明细20260329030548.xlsx
丹纳曼(圣安东尼奥罗布图),2200.0,1525.1,0.0,0.0,2026-02-09,XQJ10000000026251755,订单明细20260329030548.xlsx
丹纳曼(圣安东尼奥罗布图),2200.0,1525.1,0.0,0.0,2026-02-09,XQJ10000000026251755,订单明细20260329030548.xlsx
丹纳曼(圣安东尼奥罗布图),2200.0,1525.1,0.0,0.0,2026-02-09,XQJ10000000026251755,订单明细20260329030548.xlsx
丹纳曼(圣安东尼奥罗布图),2200.0,1525.1,0.0,0.0,2026-02-09,XQJ10000000026251755,订单明细20260329030548.xlsx
丹纳曼(圣安东尼奥罗布图),2200.0,1525.1,0.0,0.0,2026-02-09,XQJ10000000026251755,订单明细20260329030548.xlsx
丹纳曼(圣安东尼奥罗布图),2200.0,1525.1,0.0,0.0,2026-02-09,XQJ10000000026251755,订单明细20260329030548.xlsx
云烟(中支云龙),200.0,175.0,3.0,525.0,2026-02-09,XQJ10000000026251755,订单明细20260329030548.xlsx
云烟(中支云龙),200.0,175.0,3.0,525.0,2026-02-09,XQJ10000000026251755,订单明细20260329030548.xlsx
云烟(中支云龙),200.0,175.0,3.0,525.0,2026-02-09,XQJ10000000026251755,订单明细20260329030548.xlsx
云烟(中支云龙),200.0,175.0,3.0,525.0,2026-02-09,XQJ10000000026251755,订单明细20260329030548.xlsx
云烟(中支云龙),200.0,175.0,3.0,525.0,2026-02-09,XQJ10000000026251755,订单明细20260329030548.xlsx
云烟(中支云龙),200.0,175.0,3.0,525.0,2026-02-09,XQJ10000000026251755,订单明细20260329030548.xlsx
云烟(中支大重九),1000.0,848.0,1.0,848.0,2026-02-09,XQJ10000000026251755,订单明细20260329030548.xlsx
云烟(中支大重九),1000.0,848.0,1.0,848.0,2026-02-09,XQJ10000000026251755,订单明细20260329030548.xlsx
云烟(中支大重九),1000.0,848.0,1.0,848.0,2026-02-09,XQJ10000000026251755,订单明细20260329030548.xlsx
云烟(中支大重九),1000.0,848.0,1.0,848.0,2026-02-09,XQJ10000000026251755,订单明细20260329030548.xlsx
云烟(中支大重九),1000.0,848.0,1.0,848.0,2026-02-09,XQJ10000000026251755,订单明细20260329030548.xlsx
云烟(中支大重九),1000.0,848.0,1.0,848.0,2026-02-09,XQJ10000000026251755,订单明细20260329030548.xlsx
云烟(中支小重九),500.0,424.0,5.0,2120.0,2026-02-09,XQJ10000000026251755,订单明细20260329030548.xlsx
云烟(中支小重九),500.0,424.0,5.0,2120.0,2026-02-09,XQJ10000000026251755,订单明细20260329030548.xlsx
云烟(中支小重九),500.0,424.0,5.0,2120.0,2026-02-09,XQJ10000000026251755,订单明细20260329030548.xlsx
云烟(中支小重九),500.0,424.0,5.0,2120.0,2026-02-09,XQJ10000000026251755,订单明细20260329030548.xlsx
云烟(中支小重九),500.0,424.0,5.0,2120.0,2026-02-09,XQJ10000000026251755,订单明细20260329030548.xlsx
云烟(中支小重九),500.0,424.0,5.0,2120.0,2026-02-09,XQJ10000000026251755,订单明细20260329030548.xlsx
云烟(中支金腰带),300.0,263.0,1.0,263.0,2026-02-09,XQJ10000000026251755,订单明细20260329030548.xlsx
云烟(中支金腰带),300.0,263.0,1.0,263.0,2026-02-09,XQJ10000000026251755,订单明细20260329030548.xlsx
云烟(中支金腰带),300.0,263.0,1.0,263.0,2026-02-09,XQJ10000000026251755,订单明细20260329030548.xlsx
云烟(中支金腰带),300.0,263.0,1.0,263.0,2026-02-09,XQJ10000000026251755,订单明细20260329030548.xlsx
云烟(中支金腰带),300.0,263.0,1.0,263.0,2026-02-09,XQJ10000000026251755,订单明细20260329030548.xlsx
云烟(中支金腰带),300.0,263.0,1.0,263.0,2026-02-09,XQJ10000000026251755,订单明细20260329030548.xlsx
云烟(印象),650.0,561.8,0.0,0.0,2026-02-09,XQJ10000000026251755,订单明细20260329030548.xlsx
云烟(印象),650.0,561.8,0.0,0.0,2026-02-09,XQJ10000000026251755,订单明细20260329030548.xlsx
云烟(印象),650.0,561.8,0.0,0.0,2026-02-09,XQJ10000000026251755,订单明细20260329030548.xlsx
云烟(印象),650.0,561.8,0.0,0.0,2026-02-09,XQJ10000000026251755,订单明细20260329030548.xlsx
云烟(印象),650.0,561.8,0.0,0.0,2026-02-09,XQJ10000000026251755,订单明细20260329030548.xlsx
云烟(印象),650.0,561.8,0.0,0.0,2026-02-09,XQJ10000000026251755,订单明细20260329030548.xlsx
云烟(小熊猫家园),200.0,158.0,1.0,158.0,2026-02-09,XQJ10000000026251755,订单明细20260329030548.xlsx
云烟(小熊猫家园),200.0,158.0,1.0,158.0,2026-02-09,XQJ10000000026251755,订单明细20260329030548.xlsx
云烟(小熊猫家园),200.0,158.0,1.0,158.0,2026-02-09,XQJ10000000026251755,订单明细20260329030548.xlsx
云烟(小熊猫家园),200.0,158.0,1.0,158.0,2026-02-09,XQJ10000000026251755,订单明细20260329030548.xlsx
云烟(小熊猫家园),200.0,158.0,1.0,158.0,2026-02-09,XQJ10000000026251755,订单明细20260329030548.xlsx
云烟(小熊猫家园),200.0,158.0,1.0,158.0,2026-02-09,XQJ10000000026251755,订单明细20260329030548.xlsx
云烟(流金印象细支),450.0,381.6,3.0,1144.8,2026-02-09,XQJ10000000026251755,订单明细20260329030548.xlsx
云烟(流金印象细支),450.0,381.6,3.0,1144.8,2026-02-09,XQJ10000000026251755,订单明细20260329030548.xlsx
云烟(流金印象细支),450.0,381.6,3.0,1144.8,2026-02-09,XQJ10000000026251755,订单明细20260329030548.xlsx
云烟(流金印象细支),450.0,381.6,3.0,1144.8,2026-02-09,XQJ10000000026251755,订单明细20260329030548.xlsx
云烟(流金印象细支),450.0,381.6,3.0,1144.8,2026-02-09,XQJ10000000026251755,订单明细20260329030548.xlsx
云烟(流金印象细支),450.0,381.6,3.0,1144.8,2026-02-09,XQJ10000000026251755,订单明细20260329030548.xlsx
云烟(硬云龙),150.0,129.3,3.0,387.9,2026-02-09,XQJ10000000026251755,订单明细20260329030548.xlsx
云烟(硬云龙),150.0,129.3,3.0,387.9,2026-02-09,XQJ10000000026251755,订单明细20260329030548.xlsx
云烟(硬云龙),150.0,129.3,3.0,387.9,2026-02-09,XQJ10000000026251755,订单明细20260329030548.xlsx
云烟(硬云龙),150.0,129.3,3.0,387.9,2026-02-09,XQJ10000000026251755,订单明细20260329030548.xlsx
云烟(硬云龙),150.0,129.3,3.0,387.9,2026-02-09,XQJ10000000026251755,订单明细20260329030548.xlsx
云烟(硬云龙),150.0,129.3,3.0,387.9,2026-02-09,XQJ10000000026251755,订单明细20260329030548.xlsx
云烟(硬苁蓉),130.0,114.5,0.0,0.0,2026-02-09,XQJ10000000026251755,订单明细20260329030548.xlsx
云烟(硬苁蓉),130.0,114.5,0.0,0.0,2026-02-09,XQJ10000000026251755,订单明细20260329030548.xlsx
云烟(硬苁蓉),130.0,114.5,0.0,0.0,2026-02-09,XQJ10000000026251755,订单明细20260329030548.xlsx
云烟(硬苁蓉),130.0,114.5,0.0,0.0,2026-02-09,XQJ10000000026251755,订单明细20260329030548.xlsx
云烟(硬苁蓉),130.0,114.5,0.0,0.0,2026-02-09,XQJ10000000026251755,订单明细20260329030548.xlsx
云烟(硬苁蓉),130.0,114.5,0.0,0.0,2026-02-09,XQJ10000000026251755,订单明细20260329030548.xlsx
云烟(神秘花园),320.0,275.6,0.0,0.0,2026-02-09,XQJ10000000026251755,订单明细20260329030548.xlsx
云烟(神秘花园),320.0,275.6,0.0,0.0,2026-02-09,XQJ10000000026251755,订单明细20260329030548.xlsx
云烟(神秘花园),320.0,275.6,0.0,0.0,2026-02-09,XQJ10000000026251755,订单明细20260329030548.xlsx
云烟(神秘花园),320.0,275.6,0.0,0.0,2026-02-09,XQJ10000000026251755,订单明细20260329030548.xlsx
云烟(神秘花园),320.0,275.6,0.0,0.0,2026-02-09,XQJ10000000026251755,订单明细20260329030548.xlsx
云烟(神秘花园),320.0,275.6,0.0,0.0,2026-02-09,XQJ10000000026251755,订单明细20260329030548.xlsx
云烟(福),120.0,107.06,1.0,107.06,2026-02-09,XQJ10000000026251755,订单明细20260329030548.xlsx
云烟(福),120.0,107.06,1.0,107.06,2026-02-09,XQJ10000000026251755,订单明细20260329030548.xlsx
云烟(福),120.0,107.06,1.0,107.06,2026-02-09,XQJ10000000026251755,订单明细20260329030548.xlsx
云烟(福),120.0,107.06,1.0,107.06,2026-02-09,XQJ10000000026251755,订单明细20260329030548.xlsx
云烟(福),120.0,107.06,1.0,107.06,2026-02-09,XQJ10000000026251755,订单明细20260329030548.xlsx
云烟(福),120.0,107.06,1.0,107.06,2026-02-09,XQJ10000000026251755,订单明细20260329030548.xlsx
云烟(紫),130.0,114.5,17.0,1946.5,2026-02-09,XQJ10000000026251755,订单明细20260329030548.xlsx
云烟(紫),130.0,114.5,17.0,1946.5,2026-02-09,XQJ10000000026251755,订单明细20260329030548.xlsx
云烟(紫),130.0,114.5,17.0,1946.5,2026-02-09,XQJ10000000026251755,订单明细20260329030548.xlsx
云烟(紫),130.0,114.5,17.0,1946.5,2026-02-09,XQJ10000000026251755,订单明细20260329030548.xlsx
云烟(紫),130.0,114.5,17.0,1946.5,2026-02-09,XQJ10000000026251755,订单明细20260329030548.xlsx
云烟(紫),130.0,114.5,17.0,1946.5,2026-02-09,XQJ10000000026251755,订单明细20260329030548.xlsx
云烟(细支云龙),150.0,129.3,3.0,387.9,2026-02-09,XQJ10000000026251755,订单明细20260329030548.xlsx
云烟(细支云龙),150.0,129.3,3.0,387.9,2026-02-09,XQJ10000000026251755,订单明细20260329030548.xlsx
云烟(细支云龙),150.0,129.3,3.0,387.9,2026-02-09,XQJ10000000026251755,订单明细20260329030548.xlsx
云烟(细支云龙),150.0,129.3,3.0,387.9,2026-02-09,XQJ10000000026251755,订单明细20260329030548.xlsx
云烟(细支云龙),150.0,129.3,3.0,387.9,2026-02-09,XQJ10000000026251755,订单明细20260329030548.xlsx
云烟(细支云龙),150.0,129.3,3.0,387.9,2026-02-09,XQJ10000000026251755,订单明细20260329030548.xlsx
云烟(细支大重九),1000.0,848.0,4.0,3392.0,2026-02-09,XQJ10000000026251755,订单明细20260329030548.xlsx
云烟(细支大重九),1000.0,848.0,4.0,3392.0,2026-02-09,XQJ10000000026251755,订单明细20260329030548.xlsx
云烟(细支大重九),1000.0,848.0,4.0,3392.0,2026-02-09,XQJ10000000026251755,订单明细20260329030548.xlsx
云烟(细支大重九),1000.0,848.0,4.0,3392.0,2026-02-09,XQJ10000000026251755,订单明细20260329030548.xlsx
云烟(细支大重九),1000.0,848.0,4.0,3392.0,2026-02-09,XQJ10000000026251755,订单明细20260329030548.xlsx
云烟(细支大重九),1000.0,848.0,4.0,3392.0,2026-02-09,XQJ10000000026251755,订单明细20260329030548.xlsx
云烟(细支小重九),,424.0,0.0,0.0,2026-02-09,XQJ10000000026251755,订单明细20260329030548.xlsx
云烟(细支小重九),500.0,424.0,0.0,0.0,2026-02-09,XQJ10000000026251755,订单明细20260329030548.xlsx
云烟(细支小重九),,424.0,0.0,0.0,2026-02-09,XQJ10000000026251755,订单明细20260329030548.xlsx
云烟(细支小重九),500.0,424.0,0.0,0.0,2026-02-09,XQJ10000000026251755,订单明细20260329030548.xlsx
云烟(细支小重九),,424.0,0.0,0.0,2026-02-09,XQJ10000000026251755,订单明细20260329030548.xlsx
云烟(细支小重九),500.0,424.0,0.0,0.0,2026-02-09,XQJ10000000026251755,订单明细20260329030548.xlsx
云烟(细支小重九),,424.0,0.0,0.0,2026-02-09,XQJ10000000026251755,订单明细20260329030548.xlsx
云烟(细支小重九),500.0,424.0,0.0,0.0,2026-02-09,XQJ10000000026251755,订单明细20260329030548.xlsx
云烟(细支小重九),,424.0,0.0,0.0,2026-02-09,XQJ10000000026251755,订单明细20260329030548.xlsx
云烟(细支小重九),500.0,424.0,0.0,0.0,2026-02-09,XQJ10000000026251755,订单明细20260329030548.xlsx
云烟(细支小重九),,424.0,0.0,0.0,2026-02-09,XQJ10000000026251755,订单明细20260329030548.xlsx
云烟(细支小重九),500.0,424.0,0.0,0.0,2026-02-09,XQJ10000000026251755,订单明细20260329030548.xlsx
云烟(细支灵感蘑菇),260.0,225.0,1.0,225.0,2026-02-09,XQJ10000000026251755,订单明细20260329030548.xlsx
云烟(细支灵感蘑菇),260.0,225.0,1.0,225.0,2026-02-09,XQJ10000000026251755,订单明细20260329030548.xlsx
云烟(细支灵感蘑菇),260.0,225.0,1.0,225.0,2026-02-09,XQJ10000000026251755,订单明细20260329030548.xlsx
云烟(细支灵感蘑菇),260.0,225.0,1.0,225.0,2026-02-09,XQJ10000000026251755,订单明细20260329030548.xlsx
云烟(细支灵感蘑菇),260.0,225.0,1.0,225.0,2026-02-09,XQJ10000000026251755,订单明细20260329030548.xlsx
云烟(细支灵感蘑菇),260.0,225.0,1.0,225.0,2026-02-09,XQJ10000000026251755,订单明细20260329030548.xlsx
云烟(细支珍品),260.0,225.0,0.0,0.0,2026-02-09,XQJ10000000026251755,订单明细20260329030548.xlsx
云烟(细支珍品),260.0,225.0,0.0,0.0,2026-02-09,XQJ10000000026251755,订单明细20260329030548.xlsx
云烟(细支珍品),260.0,225.0,0.0,0.0,2026-02-09,XQJ10000000026251755,订单明细20260329030548.xlsx
云烟(细支珍品),260.0,225.0,0.0,0.0,2026-02-09,XQJ10000000026251755,订单明细20260329030548.xlsx
云烟(细支珍品),260.0,225.0,0.0,0.0,2026-02-09,XQJ10000000026251755,订单明细20260329030548.xlsx
云烟(细支珍品),260.0,225.0,0.0,0.0,2026-02-09,XQJ10000000026251755,订单明细20260329030548.xlsx
云烟(细支筋斗云),350.0,300.0,0.0,0.0,2026-02-09,XQJ10000000026251755,订单明细20260329030548.xlsx
云烟(细支筋斗云),350.0,300.0,0.0,0.0,2026-02-09,XQJ10000000026251755,订单明细20260329030548.xlsx
云烟(细支筋斗云),350.0,300.0,0.0,0.0,2026-02-09,XQJ10000000026251755,订单明细20260329030548.xlsx
云烟(细支筋斗云),350.0,300.0,0.0,0.0,2026-02-09,XQJ10000000026251755,订单明细20260329030548.xlsx
云烟(细支筋斗云),350.0,300.0,0.0,0.0,2026-02-09,XQJ10000000026251755,订单明细20260329030548.xlsx
云烟(细支筋斗云),350.0,300.0,0.0,0.0,2026-02-09,XQJ10000000026251755,订单明细20260329030548.xlsx
云烟(软印象烟庄),370.0,318.0,0.0,0.0,2026-02-09,XQJ10000000026251755,订单明细20260329030548.xlsx
云烟(软印象烟庄),370.0,318.0,0.0,0.0,2026-02-09,XQJ10000000026251755,订单明细20260329030548.xlsx
云烟(软印象烟庄),370.0,318.0,0.0,0.0,2026-02-09,XQJ10000000026251755,订单明细20260329030548.xlsx
云烟(软印象烟庄),370.0,318.0,0.0,0.0,2026-02-09,XQJ10000000026251755,订单明细20260329030548.xlsx
云烟(软印象烟庄),370.0,318.0,0.0,0.0,2026-02-09,XQJ10000000026251755,订单明细20260329030548.xlsx
云烟(软印象烟庄),370.0,318.0,0.0,0.0,2026-02-09,XQJ10000000026251755,订单明细20260329030548.xlsx
云烟(软大重九),1000.0,720.8,6.0,4324.8,2026-02-09,XQJ10000000026251755,订单明细20260329030548.xlsx
云烟(软大重九),1000.0,720.8,6.0,4324.8,2026-02-09,XQJ10000000026251755,订单明细20260329030548.xlsx
云烟(软大重九),1000.0,720.8,6.0,4324.8,2026-02-09,XQJ10000000026251755,订单明细20260329030548.xlsx
云烟(软大重九),1000.0,720.8,6.0,4324.8,2026-02-09,XQJ10000000026251755,订单明细20260329030548.xlsx
云烟(软大重九),1000.0,720.8,6.0,4324.8,2026-02-09,XQJ10000000026251755,订单明细20260329030548.xlsx
云烟(软大重九),1000.0,720.8,6.0,4324.8,2026-02-09,XQJ10000000026251755,订单明细20260329030548.xlsx
云烟(软珍品),230.0,206.7,0.0,0.0,2026-02-09,XQJ10000000026251755,订单明细20260329030548.xlsx
云烟(软珍品),230.0,206.7,0.0,0.0,2026-02-09,XQJ10000000026251755,订单明细20260329030548.xlsx
云烟(软珍品),230.0,206.7,0.0,0.0,2026-02-09,XQJ10000000026251755,订单明细20260329030548.xlsx
云烟(软珍品),230.0,206.7,0.0,0.0,2026-02-09,XQJ10000000026251755,订单明细20260329030548.xlsx
云烟(软珍品),230.0,206.7,0.0,0.0,2026-02-09,XQJ10000000026251755,订单明细20260329030548.xlsx
云烟(软珍品),230.0,206.7,0.0,0.0,2026-02-09,XQJ10000000026251755,订单明细20260329030548.xlsx
云烟(黑金刚印象),560.0,466.4,0.0,0.0,2026-02-09,XQJ10000000026251755,订单明细20260329030548.xlsx
云烟(黑金刚印象),560.0,466.4,0.0,0.0,2026-02-09,XQJ10000000026251755,订单明细20260329030548.xlsx
云烟(黑金刚印象),560.0,466.4,0.0,0.0,2026-02-09,XQJ10000000026251755,订单明细20260329030548.xlsx
云烟(黑金刚印象),560.0,466.4,0.0,0.0,2026-02-09,XQJ10000000026251755,订单明细20260329030548.xlsx
云烟(黑金刚印象),560.0,466.4,0.0,0.0,2026-02-09,XQJ10000000026251755,订单明细20260329030548.xlsx
云烟(黑金刚印象),560.0,466.4,0.0,0.0,2026-02-09,XQJ10000000026251755,订单明细20260329030548.xlsx
人民大会堂(硬红细支),160.0,139.92,1.0,139.92,2026-02-09,XQJ10000000026251755,订单明细20260329030548.xlsx
人民大会堂(硬红细支),160.0,139.92,1.0,139.92,2026-02-09,XQJ10000000026251755,订单明细20260329030548.xlsx
人民大会堂(硬红细支),160.0,139.92,1.0,139.92,2026-02-09,XQJ10000000026251755,订单明细20260329030548.xlsx
人民大会堂(硬红细支),160.0,139.92,1.0,139.92,2026-02-09,XQJ10000000026251755,订单明细20260329030548.xlsx
人民大会堂(硬红细支),160.0,139.92,1.0,139.92,2026-02-09,XQJ10000000026251755,订单明细20260329030548.xlsx
人民大会堂(硬红细支),160.0,139.92,1.0,139.92,2026-02-09,XQJ10000000026251755,订单明细20260329030548.xlsx
人民大会堂(红细支),260.0,225.0,0.0,0.0,2026-02-09,XQJ10000000026251755,订单明细20260329030548.xlsx
人民大会堂(红细支),260.0,225.0,0.0,0.0,2026-02-09,XQJ10000000026251755,订单明细20260329030548.xlsx
人民大会堂(红细支),260.0,225.0,0.0,0.0,2026-02-09,XQJ10000000026251755,订单明细20260329030548.xlsx
人民大会堂(红细支),260.0,225.0,0.0,0.0,2026-02-09,XQJ10000000026251755,订单明细20260329030548.xlsx
人民大会堂(红细支),260.0,225.0,0.0,0.0,2026-02-09,XQJ10000000026251755,订单明细20260329030548.xlsx
人民大会堂(红细支),260.0,225.0,0.0,0.0,2026-02-09,XQJ10000000026251755,订单明细20260329030548.xlsx
兰州(硬珍品),180.0,155.0,1.0,155.0,2026-02-09,XQJ10000000026251755,订单明细20260329030548.xlsx
兰州(硬珍品),180.0,155.0,1.0,155.0,2026-02-09,XQJ10000000026251755,订单明细20260329030548.xlsx
兰州(硬珍品),180.0,155.0,1.0,155.0,2026-02-09,XQJ10000000026251755,订单明细20260329030548.xlsx
兰州(硬珍品),180.0,155.0,1.0,155.0,2026-02-09,XQJ10000000026251755,订单明细20260329030548.xlsx
兰州(硬珍品),180.0,155.0,1.0,155.0,2026-02-09,XQJ10000000026251755,订单明细20260329030548.xlsx
兰州(硬珍品),180.0,155.0,1.0,155.0,2026-02-09,XQJ10000000026251755,订单明细20260329030548.xlsx
兰州(黑中支),300.0,263.0,1.0,263.0,2026-02-09,XQJ10000000026251755,订单明细20260329030548.xlsx
兰州(黑中支),300.0,263.0,1.0,263.0,2026-02-09,XQJ10000000026251755,订单明细20260329030548.xlsx
兰州(黑中支),300.0,263.0,1.0,263.0,2026-02-09,XQJ10000000026251755,订单明细20260329030548.xlsx
兰州(黑中支),300.0,263.0,1.0,263.0,2026-02-09,XQJ10000000026251755,订单明细20260329030548.xlsx
兰州(黑中支),300.0,263.0,1.0,263.0,2026-02-09,XQJ10000000026251755,订单明细20260329030548.xlsx
兰州(黑中支),300.0,263.0,1.0,263.0,2026-02-09,XQJ10000000026251755,订单明细20260329030548.xlsx
冬虫夏草(双中支),400.0,339.2,0.0,0.0,2026-02-09,XQJ10000000026251755,订单明细20260329030548.xlsx
冬虫夏草(双中支),400.0,339.2,0.0,0.0,2026-02-09,XQJ10000000026251755,订单明细20260329030548.xlsx
冬虫夏草(双中支),400.0,339.2,0.0,0.0,2026-02-09,XQJ10000000026251755,订单明细20260329030548.xlsx
冬虫夏草(双中支),400.0,339.2,0.0,0.0,2026-02-09,XQJ10000000026251755,订单明细20260329030548.xlsx
冬虫夏草(双中支),400.0,339.2,0.0,0.0,2026-02-09,XQJ10000000026251755,订单明细20260329030548.xlsx
冬虫夏草(双中支),400.0,339.2,0.0,0.0,2026-02-09,XQJ10000000026251755,订单明细20260329030548.xlsx
冬虫夏草(和润),600.0,424.0,0.0,0.0,2026-02-09,XQJ10000000026251755,订单明细20260329030548.xlsx
冬虫夏草(和润),600.0,424.0,0.0,0.0,2026-02-09,XQJ10000000026251755,订单明细20260329030548.xlsx
冬虫夏草(和润),600.0,424.0,0.0,0.0,2026-02-09,XQJ10000000026251755,订单明细20260329030548.xlsx
冬虫夏草(和润),600.0,424.0,0.0,0.0,2026-02-09,XQJ10000000026251755,订单明细20260329030548.xlsx
冬虫夏草(和润),600.0,424.0,0.0,0.0,2026-02-09,XQJ10000000026251755,订单明细20260329030548.xlsx
冬虫夏草(和润),600.0,424.0,0.0,0.0,2026-02-09,XQJ10000000026251755,订单明细20260329030548.xlsx
利群(休闲细支),1000.0,848.0,0.0,0.0,2026-02-09,XQJ10000000026251755,订单明细20260329030548.xlsx
利群(休闲细支),1000.0,848.0,0.0,0.0,2026-02-09,XQJ10000000026251755,订单明细20260329030548.xlsx
利群(休闲细支),1000.0,848.0,0.0,0.0,2026-02-09,XQJ10000000026251755,订单明细20260329030548.xlsx
利群(休闲细支),1000.0,848.0,0.0,0.0,2026-02-09,XQJ10000000026251755,订单明细20260329030548.xlsx
利群(休闲细支),1000.0,848.0,0.0,0.0,2026-02-09,XQJ10000000026251755,订单明细20260329030548.xlsx
利群(休闲细支),1000.0,848.0,0.0,0.0,2026-02-09,XQJ10000000026251755,订单明细20260329030548.xlsx
利群(新版),160.0,143.1,0.0,0.0,2026-02-09,XQJ10000000026251755,订单明细20260329030548.xlsx
利群(新版),160.0,143.1,0.0,0.0,2026-02-09,XQJ10000000026251755,订单明细20260329030548.xlsx
利群(新版),160.0,143.1,0.0,0.0,2026-02-09,XQJ10000000026251755,订单明细20260329030548.xlsx
利群(新版),160.0,143.1,0.0,0.0,2026-02-09,XQJ10000000026251755,订单明细20260329030548.xlsx
利群(新版),160.0,143.1,0.0,0.0,2026-02-09,XQJ10000000026251755,订单明细20260329030548.xlsx
利群(新版),160.0,143.1,0.0,0.0,2026-02-09,XQJ10000000026251755,订单明细20260329030548.xlsx
利群(江南韵),260.0,225.0,0.0,0.0,2026-02-09,XQJ10000000026251755,订单明细20260329030548.xlsx
利群(江南韵),260.0,225.0,0.0,0.0,2026-02-09,XQJ10000000026251755,订单明细20260329030548.xlsx
利群(江南韵),260.0,225.0,0.0,0.0,2026-02-09,XQJ10000000026251755,订单明细20260329030548.xlsx
利群(江南韵),260.0,225.0,0.0,0.0,2026-02-09,XQJ10000000026251755,订单明细20260329030548.xlsx
利群(江南韵),260.0,225.0,0.0,0.0,2026-02-09,XQJ10000000026251755,订单明细20260329030548.xlsx
利群(江南韵),260.0,225.0,0.0,0.0,2026-02-09,XQJ10000000026251755,订单明细20260329030548.xlsx
利群(西子阳光),310.0,275.6,0.0,0.0,2026-02-09,XQJ10000000026251755,订单明细20260329030548.xlsx
利群(西子阳光),310.0,275.6,0.0,0.0,2026-02-09,XQJ10000000026251755,订单明细20260329030548.xlsx
利群(西子阳光),310.0,275.6,0.0,0.0,2026-02-09,XQJ10000000026251755,订单明细20260329030548.xlsx
利群(西子阳光),310.0,275.6,0.0,0.0,2026-02-09,XQJ10000000026251755,订单明细20260329030548.xlsx
利群(西子阳光),310.0,275.6,0.0,0.0,2026-02-09,XQJ10000000026251755,订单明细20260329030548.xlsx
利群(西子阳光),310.0,275.6,0.0,0.0,2026-02-09,XQJ10000000026251755,订单明细20260329030548.xlsx
利群(软蓝),180.0,159.0,1.0,159.0,2026-02-09,XQJ10000000026251755,订单明细20260329030548.xlsx
利群(软蓝),180.0,159.0,1.0,159.0,2026-02-09,XQJ10000000026251755,订单明细20260329030548.xlsx
利群(软蓝),180.0,159.0,1.0,159.0,2026-02-09,XQJ10000000026251755,订单明细20260329030548.xlsx
利群(软蓝),180.0,159.0,1.0,159.0,2026-02-09,XQJ10000000026251755,订单明细20260329030548.xlsx
利群(软蓝),180.0,159.0,1.0,159.0,2026-02-09,XQJ10000000026251755,订单明细20260329030548.xlsx
利群(软蓝),180.0,159.0,1.0,159.0,2026-02-09,XQJ10000000026251755,订单明细20260329030548.xlsx
利群(软长嘴),360.0,318.0,0.0,0.0,2026-02-09,XQJ10000000026251755,订单明细20260329030548.xlsx
利群(软长嘴),360.0,318.0,0.0,0.0,2026-02-09,XQJ10000000026251755,订单明细20260329030548.xlsx
利群(软长嘴),360.0,318.0,0.0,0.0,2026-02-09,XQJ10000000026251755,订单明细20260329030548.xlsx
利群(软长嘴),360.0,318.0,0.0,0.0,2026-02-09,XQJ10000000026251755,订单明细20260329030548.xlsx
利群(软长嘴),360.0,318.0,0.0,0.0,2026-02-09,XQJ10000000026251755,订单明细20260329030548.xlsx
利群(软长嘴),360.0,318.0,0.0,0.0,2026-02-09,XQJ10000000026251755,订单明细20260329030548.xlsx
利群(长嘴),220.0,190.8,0.0,0.0,2026-02-09,XQJ10000000026251755,订单明细20260329030548.xlsx
利群(长嘴),220.0,190.8,0.0,0.0,2026-02-09,XQJ10000000026251755,订单明细20260329030548.xlsx
利群(长嘴),220.0,190.8,0.0,0.0,2026-02-09,XQJ10000000026251755,订单明细20260329030548.xlsx
利群(长嘴),220.0,190.8,0.0,0.0,2026-02-09,XQJ10000000026251755,订单明细20260329030548.xlsx
利群(长嘴),220.0,190.8,0.0,0.0,2026-02-09,XQJ10000000026251755,订单明细20260329030548.xlsx
利群(长嘴),220.0,190.8,0.0,0.0,2026-02-09,XQJ10000000026251755,订单明细20260329030548.xlsx
利群(阳光尊中支),400.0,339.2,0.0,0.0,2026-02-09,XQJ10000000026251755,订单明细20260329030548.xlsx
利群(阳光尊中支),400.0,339.2,0.0,0.0,2026-02-09,XQJ10000000026251755,订单明细20260329030548.xlsx
利群(阳光尊中支),400.0,339.2,0.0,0.0,2026-02-09,XQJ10000000026251755,订单明细20260329030548.xlsx
利群(阳光尊中支),400.0,339.2,0.0,0.0,2026-02-09,XQJ10000000026251755,订单明细20260329030548.xlsx
利群(阳光尊中支),400.0,339.2,0.0,0.0,2026-02-09,XQJ10000000026251755,订单明细20260329030548.xlsx
利群(阳光尊中支),400.0,339.2,0.0,0.0,2026-02-09,XQJ10000000026251755,订单明细20260329030548.xlsx
利群(阳光细支),400.0,339.2,0.0,0.0,2026-02-09,XQJ10000000026251755,订单明细20260329030548.xlsx
利群(阳光细支),400.0,339.2,0.0,0.0,2026-02-09,XQJ10000000026251755,订单明细20260329030548.xlsx
利群(阳光细支),400.0,339.2,0.0,0.0,2026-02-09,XQJ10000000026251755,订单明细20260329030548.xlsx
利群(阳光细支),400.0,339.2,0.0,0.0,2026-02-09,XQJ10000000026251755,订单明细20260329030548.xlsx
利群(阳光细支),400.0,339.2,0.0,0.0,2026-02-09,XQJ10000000026251755,订单明细20260329030548.xlsx
利群(阳光细支),400.0,339.2,0.0,0.0,2026-02-09,XQJ10000000026251755,订单明细20260329030548.xlsx
南京(十二钗烤烟),280.0,243.8,0.0,0.0,2026-02-09,XQJ10000000026251755,订单明细20260329030548.xlsx
南京(十二钗烤烟),280.0,243.8,0.0,0.0,2026-02-09,XQJ10000000026251755,订单明细20260329030548.xlsx
南京(十二钗烤烟),280.0,243.8,0.0,0.0,2026-02-09,XQJ10000000026251755,订单明细20260329030548.xlsx
南京(十二钗烤烟),280.0,243.8,0.0,0.0,2026-02-09,XQJ10000000026251755,订单明细20260329030548.xlsx
南京(十二钗烤烟),280.0,243.8,0.0,0.0,2026-02-09,XQJ10000000026251755,订单明细20260329030548.xlsx
南京(十二钗烤烟),280.0,243.8,0.0,0.0,2026-02-09,XQJ10000000026251755,订单明细20260329030548.xlsx
南京(十二钗薄荷),220.0,188.68,0.0,0.0,2026-02-09,XQJ10000000026251755,订单明细20260329030548.xlsx
南京(十二钗薄荷),220.0,188.68,0.0,0.0,2026-02-09,XQJ10000000026251755,订单明细20260329030548.xlsx
南京(十二钗薄荷),220.0,188.68,0.0,0.0,2026-02-09,XQJ10000000026251755,订单明细20260329030548.xlsx
南京(十二钗薄荷),220.0,188.68,0.0,0.0,2026-02-09,XQJ10000000026251755,订单明细20260329030548.xlsx
南京(十二钗薄荷),220.0,188.68,0.0,0.0,2026-02-09,XQJ10000000026251755,订单明细20260329030548.xlsx
南京(十二钗薄荷),220.0,188.68,0.0,0.0,2026-02-09,XQJ10000000026251755,订单明细20260329030548.xlsx
南京(大观园爆冰),300.0,263.0,0.0,0.0,2026-02-09,XQJ10000000026251755,订单明细20260329030548.xlsx
南京(大观园爆冰),300.0,263.0,0.0,0.0,2026-02-09,XQJ10000000026251755,订单明细20260329030548.xlsx
南京(大观园爆冰),300.0,263.0,0.0,0.0,2026-02-09,XQJ10000000026251755,订单明细20260329030548.xlsx
南京(大观园爆冰),300.0,263.0,0.0,0.0,2026-02-09,XQJ10000000026251755,订单明细20260329030548.xlsx
南京(大观园爆冰),300.0,263.0,0.0,0.0,2026-02-09,XQJ10000000026251755,订单明细20260329030548.xlsx
南京(大观园爆冰),300.0,263.0,0.0,0.0,2026-02-09,XQJ10000000026251755,订单明细20260329030548.xlsx
南京(梦都),200.0,175.0,0.0,0.0,2026-02-09,XQJ10000000026251755,订单明细20260329030548.xlsx
南京(梦都),200.0,175.0,0.0,0.0,2026-02-09,XQJ10000000026251755,订单明细20260329030548.xlsx
南京(梦都),200.0,175.0,0.0,0.0,2026-02-09,XQJ10000000026251755,订单明细20260329030548.xlsx
南京(梦都),200.0,175.0,0.0,0.0,2026-02-09,XQJ10000000026251755,订单明细20260329030548.xlsx
南京(梦都),200.0,175.0,0.0,0.0,2026-02-09,XQJ10000000026251755,订单明细20260329030548.xlsx
南京(梦都),200.0,175.0,0.0,0.0,2026-02-09,XQJ10000000026251755,订单明细20260329030548.xlsx
南京(炫赫门),180.0,155.0,1.0,155.0,2026-02-09,XQJ10000000026251755,订单明细20260329030548.xlsx
南京(炫赫门),180.0,155.0,1.0,155.0,2026-02-09,XQJ10000000026251755,订单明细20260329030548.xlsx
南京(炫赫门),180.0,155.0,1.0,155.0,2026-02-09,XQJ10000000026251755,订单明细20260329030548.xlsx
南京(炫赫门),180.0,155.0,1.0,155.0,2026-02-09,XQJ10000000026251755,订单明细20260329030548.xlsx
南京(炫赫门),180.0,155.0,1.0,155.0,2026-02-09,XQJ10000000026251755,订单明细20260329030548.xlsx
南京(炫赫门),180.0,155.0,1.0,155.0,2026-02-09,XQJ10000000026251755,订单明细20260329030548.xlsx
南京(细支九五),1000.0,678.4,0.0,0.0,2026-02-09,XQJ10000000026251755,订单明细20260329030548.xlsx
南京(细支九五),1000.0,678.4,0.0,0.0,2026-02-09,XQJ10000000026251755,订单明细20260329030548.xlsx
南京(细支九五),1000.0,678.4,0.0,0.0,2026-02-09,XQJ10000000026251755,订单明细20260329030548.xlsx
南京(细支九五),1000.0,678.4,0.0,0.0,2026-02-09,XQJ10000000026251755,订单明细20260329030548.xlsx
南京(细支九五),1000.0,678.4,0.0,0.0,2026-02-09,XQJ10000000026251755,订单明细20260329030548.xlsx
南京(细支九五),1000.0,678.4,0.0,0.0,2026-02-09,XQJ10000000026251755,订单明细20260329030548.xlsx
南京(软九五),1000.0,720.8,0.0,0.0,2026-02-09,XQJ10000000026251755,订单明细20260329030548.xlsx
南京(软九五),1000.0,720.8,0.0,0.0,2026-02-09,XQJ10000000026251755,订单明细20260329030548.xlsx
南京(软九五),1000.0,720.8,0.0,0.0,2026-02-09,XQJ10000000026251755,订单明细20260329030548.xlsx
南京(软九五),1000.0,720.8,0.0,0.0,2026-02-09,XQJ10000000026251755,订单明细20260329030548.xlsx
南京(软九五),1000.0,720.8,0.0,0.0,2026-02-09,XQJ10000000026251755,订单明细20260329030548.xlsx
南京(软九五),1000.0,720.8,0.0,0.0,2026-02-09,XQJ10000000026251755,订单明细20260329030548.xlsx
南京(雨花石),530.0,455.8,0.0,0.0,2026-02-09,XQJ10000000026251755,订单明细20260329030548.xlsx
南京(雨花石),530.0,455.8,0.0,0.0,2026-02-09,XQJ10000000026251755,订单明细20260329030548.xlsx
南京(雨花石),530.0,455.8,0.0,0.0,2026-02-09,XQJ10000000026251755,订单明细20260329030548.xlsx
南京(雨花石),530.0,455.8,0.0,0.0,2026-02-09,XQJ10000000026251755,订单明细20260329030548.xlsx
南京(雨花石),530.0,455.8,0.0,0.0,2026-02-09,XQJ10000000026251755,订单明细20260329030548.xlsx
南京(雨花石),530.0,455.8,0.0,0.0,2026-02-09,XQJ10000000026251755,订单明细20260329030548.xlsx
双喜(春天˙咖路里),260.0,225.0,0.0,0.0,2026-02-09,XQJ10000000026251755,订单明细20260329030548.xlsx
双喜(春天˙咖路里),260.0,225.0,0.0,0.0,2026-02-09,XQJ10000000026251755,订单明细20260329030548.xlsx
双喜(春天˙咖路里),260.0,225.0,0.0,0.0,2026-02-09,XQJ10000000026251755,订单明细20260329030548.xlsx
双喜(春天˙咖路里),260.0,225.0,0.0,0.0,2026-02-09,XQJ10000000026251755,订单明细20260329030548.xlsx
双喜(春天˙咖路里),260.0,225.0,0.0,0.0,2026-02-09,XQJ10000000026251755,订单明细20260329030548.xlsx
双喜(春天˙咖路里),260.0,225.0,0.0,0.0,2026-02-09,XQJ10000000026251755,订单明细20260329030548.xlsx
双喜(春天白月光),300.0,263.0,0.0,0.0,2026-02-09,XQJ10000000026251755,订单明细20260329030548.xlsx
双喜(春天白月光),300.0,263.0,0.0,0.0,2026-02-09,XQJ10000000026251755,订单明细20260329030548.xlsx
双喜(春天白月光),300.0,263.0,0.0,0.0,2026-02-09,XQJ10000000026251755,订单明细20260329030548.xlsx
双喜(春天白月光),300.0,263.0,0.0,0.0,2026-02-09,XQJ10000000026251755,订单明细20260329030548.xlsx
双喜(春天白月光),300.0,263.0,0.0,0.0,2026-02-09,XQJ10000000026251755,订单明细20260329030548.xlsx
双喜(春天白月光),300.0,263.0,0.0,0.0,2026-02-09,XQJ10000000026251755,订单明细20260329030548.xlsx
双喜(硬经典1906),170.0,150.52,0.0,0.0,2026-02-09,XQJ10000000026251755,订单明细20260329030548.xlsx
双喜(硬经典1906),170.0,150.52,0.0,0.0,2026-02-09,XQJ10000000026251755,订单明细20260329030548.xlsx
双喜(硬经典1906),170.0,150.52,0.0,0.0,2026-02-09,XQJ10000000026251755,订单明细20260329030548.xlsx
双喜(硬经典1906),170.0,150.52,0.0,0.0,2026-02-09,XQJ10000000026251755,订单明细20260329030548.xlsx
双喜(硬经典1906),170.0,150.52,0.0,0.0,2026-02-09,XQJ10000000026251755,订单明细20260329030548.xlsx
双喜(硬经典1906),170.0,150.52,0.0,0.0,2026-02-09,XQJ10000000026251755,订单明细20260329030548.xlsx
大华(硬大时代),180.0,143.1,0.0,0.0,2026-02-09,XQJ10000000026251755,订单明细20260329030548.xlsx
大华(硬大时代),180.0,143.1,0.0,0.0,2026-02-09,XQJ10000000026251755,订单明细20260329030548.xlsx
大华(硬大时代),180.0,143.1,0.0,0.0,2026-02-09,XQJ10000000026251755,订单明细20260329030548.xlsx
大华(硬大时代),180.0,143.1,0.0,0.0,2026-02-09,XQJ10000000026251755,订单明细20260329030548.xlsx
大华(硬大时代),180.0,143.1,0.0,0.0,2026-02-09,XQJ10000000026251755,订单明细20260329030548.xlsx
大华(硬大时代),180.0,143.1,0.0,0.0,2026-02-09,XQJ10000000026251755,订单明细20260329030548.xlsx
大华(硬开元),280.0,245.0,0.0,0.0,2026-02-09,XQJ10000000026251755,订单明细20260329030548.xlsx
大华(硬开元),280.0,245.0,0.0,0.0,2026-02-09,XQJ10000000026251755,订单明细20260329030548.xlsx
大华(硬开元),280.0,245.0,0.0,0.0,2026-02-09,XQJ10000000026251755,订单明细20260329030548.xlsx
大华(硬开元),280.0,245.0,0.0,0.0,2026-02-09,XQJ10000000026251755,订单明细20260329030548.xlsx
大华(硬开元),280.0,245.0,0.0,0.0,2026-02-09,XQJ10000000026251755,订单明细20260329030548.xlsx
大华(硬开元),280.0,245.0,0.0,0.0,2026-02-09,XQJ10000000026251755,订单明细20260329030548.xlsx
大卫杜夫(经典2号),4750.0,3310.75,0.0,0.0,2026-02-09,XQJ10000000026251755,订单明细20260329030548.xlsx
大卫杜夫(经典2号),4750.0,3310.75,0.0,0.0,2026-02-09,XQJ10000000026251755,订单明细20260329030548.xlsx
大卫杜夫(经典2号),4750.0,3310.75,0.0,0.0,2026-02-09,XQJ10000000026251755,订单明细20260329030548.xlsx
大卫杜夫(经典2号),4750.0,3310.75,0.0,0.0,2026-02-09,XQJ10000000026251755,订单明细20260329030548.xlsx
大卫杜夫(经典2号),4750.0,3310.75,0.0,0.0,2026-02-09,XQJ10000000026251755,订单明细20260329030548.xlsx
大卫杜夫(经典2号),4750.0,3310.75,0.0,0.0,2026-02-09,XQJ10000000026251755,订单明细20260329030548.xlsx
大卫杜夫(至暗时刻罗伯斯特),7000.0,4959.0,0.0,0.0,2026-02-09,XQJ10000000026251755,订单明细20260329030548.xlsx
大卫杜夫(至暗时刻罗伯斯特),7000.0,4959.0,0.0,0.0,2026-02-09,XQJ10000000026251755,订单明细20260329030548.xlsx
大卫杜夫(至暗时刻罗伯斯特),7000.0,4959.0,0.0,0.0,2026-02-09,XQJ10000000026251755,订单明细20260329030548.xlsx
大卫杜夫(至暗时刻罗伯斯特),7000.0,4959.0,0.0,0.0,2026-02-09,XQJ10000000026251755,订单明细20260329030548.xlsx
大卫杜夫(至暗时刻罗伯斯特),7000.0,4959.0,0.0,0.0,2026-02-09,XQJ10000000026251755,订单明细20260329030548.xlsx
大卫杜夫(至暗时刻罗伯斯特),7000.0,4959.0,0.0,0.0,2026-02-09,XQJ10000000026251755,订单明细20260329030548.xlsx
天子(中支),250.0,201.4,0.0,0.0,2026-02-09,XQJ10000000026251755,订单明细20260329030548.xlsx
天子(中支),250.0,201.4,0.0,0.0,2026-02-09,XQJ10000000026251755,订单明细20260329030548.xlsx
天子(中支),250.0,201.4,0.0,0.0,2026-02-09,XQJ10000000026251755,订单明细20260329030548.xlsx
天子(中支),250.0,201.4,0.0,0.0,2026-02-09,XQJ10000000026251755,订单明细20260329030548.xlsx
天子(中支),250.0,201.4,0.0,0.0,2026-02-09,XQJ10000000026251755,订单明细20260329030548.xlsx
天子(中支),250.0,201.4,0.0,0.0,2026-02-09,XQJ10000000026251755,订单明细20260329030548.xlsx
天子(硬珍品龙凤呈祥),210.0,180.2,0.0,0.0,2026-02-09,XQJ10000000026251755,订单明细20260329030548.xlsx
天子(硬珍品龙凤呈祥),210.0,180.2,0.0,0.0,2026-02-09,XQJ10000000026251755,订单明细20260329030548.xlsx
天子(硬珍品龙凤呈祥),210.0,180.2,0.0,0.0,2026-02-09,XQJ10000000026251755,订单明细20260329030548.xlsx
天子(硬珍品龙凤呈祥),210.0,180.2,0.0,0.0,2026-02-09,XQJ10000000026251755,订单明细20260329030548.xlsx
天子(硬珍品龙凤呈祥),210.0,180.2,0.0,0.0,2026-02-09,XQJ10000000026251755,订单明细20260329030548.xlsx
天子(硬珍品龙凤呈祥),210.0,180.2,0.0,0.0,2026-02-09,XQJ10000000026251755,订单明细20260329030548.xlsx
天子(金),200.0,167.48,0.0,0.0,2026-02-09,XQJ10000000026251755,订单明细20260329030548.xlsx
天子(金),200.0,167.48,0.0,0.0,2026-02-09,XQJ10000000026251755,订单明细20260329030548.xlsx
天子(金),200.0,167.48,0.0,0.0,2026-02-09,XQJ10000000026251755,订单明细20260329030548.xlsx
天子(金),200.0,167.48,0.0,0.0,2026-02-09,XQJ10000000026251755,订单明细20260329030548.xlsx
天子(金),200.0,167.48,0.0,0.0,2026-02-09,XQJ10000000026251755,订单明细20260329030548.xlsx
天子(金),200.0,167.48,0.0,0.0,2026-02-09,XQJ10000000026251755,订单明细20260329030548.xlsx
好猫(细支长乐),160.0,139.92,0.0,0.0,2026-02-09,XQJ10000000026251755,订单明细20260329030548.xlsx
好猫(细支长乐),160.0,139.92,0.0,0.0,2026-02-09,XQJ10000000026251755,订单明细20260329030548.xlsx
好猫(细支长乐),160.0,139.92,0.0,0.0,2026-02-09,XQJ10000000026251755,订单明细20260329030548.xlsx
好猫(细支长乐),160.0,139.92,0.0,0.0,2026-02-09,XQJ10000000026251755,订单明细20260329030548.xlsx
好猫(细支长乐),160.0,139.92,0.0,0.0,2026-02-09,XQJ10000000026251755,订单明细20260329030548.xlsx
好猫(细支长乐),160.0,139.92,0.0,0.0,2026-02-09,XQJ10000000026251755,订单明细20260329030548.xlsx
好猫(长乐九美),200.0,175.0,0.0,0.0,2026-02-09,XQJ10000000026251755,订单明细20260329030548.xlsx
好猫(长乐九美),200.0,175.0,0.0,0.0,2026-02-09,XQJ10000000026251755,订单明细20260329030548.xlsx
好猫(长乐九美),200.0,175.0,0.0,0.0,2026-02-09,XQJ10000000026251755,订单明细20260329030548.xlsx
好猫(长乐九美),200.0,175.0,0.0,0.0,2026-02-09,XQJ10000000026251755,订单明细20260329030548.xlsx
好猫(长乐九美),200.0,175.0,0.0,0.0,2026-02-09,XQJ10000000026251755,订单明细20260329030548.xlsx
好猫(长乐九美),200.0,175.0,0.0,0.0,2026-02-09,XQJ10000000026251755,订单明细20260329030548.xlsx
威斯(小熊猫),100.0,88.0,0.0,0.0,2026-02-09,XQJ10000000026251755,订单明细20260329030548.xlsx
威斯(小熊猫),100.0,88.0,0.0,0.0,2026-02-09,XQJ10000000026251755,订单明细20260329030548.xlsx
威斯(小熊猫),100.0,88.0,0.0,0.0,2026-02-09,XQJ10000000026251755,订单明细20260329030548.xlsx
威斯(小熊猫),100.0,88.0,0.0,0.0,2026-02-09,XQJ10000000026251755,订单明细20260329030548.xlsx
威斯(小熊猫),100.0,88.0,0.0,0.0,2026-02-09,XQJ10000000026251755,订单明细20260329030548.xlsx
威斯(小熊猫),100.0,88.0,0.0,0.0,2026-02-09,XQJ10000000026251755,订单明细20260329030548.xlsx
娇子(X),110.0,97.0,1.0,97.0,2026-02-09,XQJ10000000026251755,订单明细20260329030548.xlsx
娇子(X),110.0,97.0,1.0,97.0,2026-02-09,XQJ10000000026251755,订单明细20260329030548.xlsx
娇子(X),110.0,97.0,1.0,97.0,2026-02-09,XQJ10000000026251755,订单明细20260329030548.xlsx
娇子(X),110.0,97.0,1.0,97.0,2026-02-09,XQJ10000000026251755,订单明细20260329030548.xlsx
娇子(X),110.0,97.0,1.0,97.0,2026-02-09,XQJ10000000026251755,订单明细20260329030548.xlsx
娇子(X),110.0,97.0,1.0,97.0,2026-02-09,XQJ10000000026251755,订单明细20260329030548.xlsx
娇子(宽窄锦上细支),300.0,263.0,1.0,263.0,2026-02-09,XQJ10000000026251755,订单明细20260329030548.xlsx
娇子(宽窄锦上细支),300.0,263.0,1.0,263.0,2026-02-09,XQJ10000000026251755,订单明细20260329030548.xlsx
娇子(宽窄锦上细支),300.0,263.0,1.0,263.0,2026-02-09,XQJ10000000026251755,订单明细20260329030548.xlsx
娇子(宽窄锦上细支),300.0,263.0,1.0,263.0,2026-02-09,XQJ10000000026251755,订单明细20260329030548.xlsx
娇子(宽窄锦上细支),300.0,263.0,1.0,263.0,2026-02-09,XQJ10000000026251755,订单明细20260329030548.xlsx
娇子(宽窄锦上细支),300.0,263.0,1.0,263.0,2026-02-09,XQJ10000000026251755,订单明细20260329030548.xlsx
娇子(格调细支),150.0,129.3,0.0,0.0,2026-02-09,XQJ10000000026251755,订单明细20260329030548.xlsx
娇子(格调细支),150.0,129.3,0.0,0.0,2026-02-09,XQJ10000000026251755,订单明细20260329030548.xlsx
娇子(格调细支),150.0,129.3,0.0,0.0,2026-02-09,XQJ10000000026251755,订单明细20260329030548.xlsx
娇子(格调细支),150.0,129.3,0.0,0.0,2026-02-09,XQJ10000000026251755,订单明细20260329030548.xlsx
娇子(格调细支),150.0,129.3,0.0,0.0,2026-02-09,XQJ10000000026251755,订单明细20260329030548.xlsx
娇子(格调细支),150.0,129.3,0.0,0.0,2026-02-09,XQJ10000000026251755,订单明细20260329030548.xlsx
寂静(红点系列白色罗布图),5200.0,3619.8,0.0,0.0,2026-02-09,XQJ10000000026251755,订单明细20260329030548.xlsx
寂静(红点系列白色罗布图),5200.0,3619.8,0.0,0.0,2026-02-09,XQJ10000000026251755,订单明细20260329030548.xlsx
寂静(红点系列白色罗布图),5200.0,3619.8,0.0,0.0,2026-02-09,XQJ10000000026251755,订单明细20260329030548.xlsx
寂静(红点系列白色罗布图),5200.0,3619.8,0.0,0.0,2026-02-09,XQJ10000000026251755,订单明细20260329030548.xlsx
寂静(红点系列白色罗布图),5200.0,3619.8,0.0,0.0,2026-02-09,XQJ10000000026251755,订单明细20260329030548.xlsx
寂静(红点系列白色罗布图),5200.0,3619.8,0.0,0.0,2026-02-09,XQJ10000000026251755,订单明细20260329030548.xlsx
寂静(红点系列罗步图),3750.0,2681.75,0.0,0.0,2026-02-09,XQJ10000000026251755,订单明细20260329030548.xlsx
寂静(红点系列罗步图),3750.0,2681.75,0.0,0.0,2026-02-09,XQJ10000000026251755,订单明细20260329030548.xlsx
寂静(红点系列罗步图),3750.0,2681.75,0.0,0.0,2026-02-09,XQJ10000000026251755,订单明细20260329030548.xlsx
寂静(红点系列罗步图),3750.0,2681.75,0.0,0.0,2026-02-09,XQJ10000000026251755,订单明细20260329030548.xlsx
寂静(红点系列罗步图),3750.0,2681.75,0.0,0.0,2026-02-09,XQJ10000000026251755,订单明细20260329030548.xlsx
寂静(红点系列罗步图),3750.0,2681.75,0.0,0.0,2026-02-09,XQJ10000000026251755,订单明细20260329030548.xlsx
富恩特(唐·卡洛斯罗布图),7375.0,5900.0,0.0,0.0,2026-02-09,XQJ10000000026251755,订单明细20260329030548.xlsx
富恩特(唐·卡洛斯罗布图),7375.0,5900.0,0.0,0.0,2026-02-09,XQJ10000000026251755,订单明细20260329030548.xlsx
富恩特(唐·卡洛斯罗布图),7375.0,5900.0,0.0,0.0,2026-02-09,XQJ10000000026251755,订单明细20260329030548.xlsx
富恩特(唐·卡洛斯罗布图),7375.0,5900.0,0.0,0.0,2026-02-09,XQJ10000000026251755,订单明细20260329030548.xlsx
富恩特(唐·卡洛斯罗布图),7375.0,5900.0,0.0,0.0,2026-02-09,XQJ10000000026251755,订单明细20260329030548.xlsx
富恩特(唐·卡洛斯罗布图),7375.0,5900.0,0.0,0.0,2026-02-09,XQJ10000000026251755,订单明细20260329030548.xlsx
富恩特(海明威短篇小说),6375.0,5100.0,0.0,0.0,2026-02-09,XQJ10000000026251755,订单明细20260329030548.xlsx
富恩特(海明威短篇小说),6375.0,5100.0,0.0,0.0,2026-02-09,XQJ10000000026251755,订单明细20260329030548.xlsx
富恩特(海明威短篇小说),6375.0,5100.0,0.0,0.0,2026-02-09,XQJ10000000026251755,订单明细20260329030548.xlsx
富恩特(海明威短篇小说),6375.0,5100.0,0.0,0.0,2026-02-09,XQJ10000000026251755,订单明细20260329030548.xlsx
富恩特(海明威短篇小说),6375.0,5100.0,0.0,0.0,2026-02-09,XQJ10000000026251755,订单明细20260329030548.xlsx
富恩特(海明威短篇小说),6375.0,5100.0,0.0,0.0,2026-02-09,XQJ10000000026251755,订单明细20260329030548.xlsx
富恩特(热带雨林),3750.0,2896.5,0.0,0.0,2026-02-09,XQJ10000000026251755,订单明细20260329030548.xlsx
富恩特(热带雨林),3750.0,2896.5,0.0,0.0,2026-02-09,XQJ10000000026251755,订单明细20260329030548.xlsx
富恩特(热带雨林),3750.0,2896.5,0.0,0.0,2026-02-09,XQJ10000000026251755,订单明细20260329030548.xlsx
富恩特(热带雨林),3750.0,2896.5,0.0,0.0,2026-02-09,XQJ10000000026251755,订单明细20260329030548.xlsx
富恩特(热带雨林),3750.0,2896.5,0.0,0.0,2026-02-09,XQJ10000000026251755,订单明细20260329030548.xlsx
富恩特(热带雨林),3750.0,2896.5,0.0,0.0,2026-02-09,XQJ10000000026251755,订单明细20260329030548.xlsx
富恩特(玛瑙56),7375.0,5900.0,0.0,0.0,2026-02-09,XQJ10000000026251755,订单明细20260329030548.xlsx
富恩特(玛瑙56),7375.0,5900.0,0.0,0.0,2026-02-09,XQJ10000000026251755,订单明细20260329030548.xlsx
富恩特(玛瑙56),7375.0,5900.0,0.0,0.0,2026-02-09,XQJ10000000026251755,订单明细20260329030548.xlsx
富恩特(玛瑙56),7375.0,5900.0,0.0,0.0,2026-02-09,XQJ10000000026251755,订单明细20260329030548.xlsx
富恩特(玛瑙56),7375.0,5900.0,0.0,0.0,2026-02-09,XQJ10000000026251755,订单明细20260329030548.xlsx
富恩特(玛瑙56),7375.0,5900.0,0.0,0.0,2026-02-09,XQJ10000000026251755,订单明细20260329030548.xlsx
富恩特(珍藏858),1950.0,1549.3,0.0,0.0,2026-02-09,XQJ10000000026251755,订单明细20260329030548.xlsx
富恩特(珍藏858),1950.0,1549.3,0.0,0.0,2026-02-09,XQJ10000000026251755,订单明细20260329030548.xlsx
富恩特(珍藏858),1950.0,1549.3,0.0,0.0,2026-02-09,XQJ10000000026251755,订单明细20260329030548.xlsx
富恩特(珍藏858),1950.0,1549.3,0.0,0.0,2026-02-09,XQJ10000000026251755,订单明细20260329030548.xlsx
富恩特(珍藏858),1950.0,1549.3,0.0,0.0,2026-02-09,XQJ10000000026251755,订单明细20260329030548.xlsx
富恩特(珍藏858),1950.0,1549.3,0.0,0.0,2026-02-09,XQJ10000000026251755,订单明细20260329030548.xlsx
将军(大力神),400.0,260.0,0.0,0.0,2026-02-09,XQJ10000000026251755,订单明细20260329030548.xlsx
将军(大力神),400.0,260.0,0.0,0.0,2026-02-09,XQJ10000000026251755,订单明细20260329030548.xlsx
将军(大力神),400.0,260.0,0.0,0.0,2026-02-09,XQJ10000000026251755,订单明细20260329030548.xlsx
将军(大力神),400.0,260.0,0.0,0.0,2026-02-09,XQJ10000000026251755,订单明细20260329030548.xlsx
将军(大力神),400.0,260.0,0.0,0.0,2026-02-09,XQJ10000000026251755,订单明细20260329030548.xlsx
将军(大力神),400.0,260.0,0.0,0.0,2026-02-09,XQJ10000000026251755,订单明细20260329030548.xlsx
将军(战神),230.0,161.0,0.0,0.0,2026-02-09,XQJ10000000026251755,订单明细20260329030548.xlsx
将军(战神),230.0,161.0,0.0,0.0,2026-02-09,XQJ10000000026251755,订单明细20260329030548.xlsx
将军(战神),230.0,161.0,0.0,0.0,2026-02-09,XQJ10000000026251755,订单明细20260329030548.xlsx
将军(战神),230.0,161.0,0.0,0.0,2026-02-09,XQJ10000000026251755,订单明细20260329030548.xlsx
将军(战神),230.0,161.0,0.0,0.0,2026-02-09,XQJ10000000026251755,订单明细20260329030548.xlsx
将军(战神),230.0,161.0,0.0,0.0,2026-02-09,XQJ10000000026251755,订单明细20260329030548.xlsx
将军(战神荣耀),1000.0,720.0,0.0,0.0,2026-02-09,XQJ10000000026251755,订单明细20260329030548.xlsx
将军(战神荣耀),1000.0,720.0,0.0,0.0,2026-02-09,XQJ10000000026251755,订单明细20260329030548.xlsx
将军(战神荣耀),1000.0,720.0,0.0,0.0,2026-02-09,XQJ10000000026251755,订单明细20260329030548.xlsx
将军(战神荣耀),1000.0,720.0,0.0,0.0,2026-02-09,XQJ10000000026251755,订单明细20260329030548.xlsx
将军(战神荣耀),1000.0,720.0,0.0,0.0,2026-02-09,XQJ10000000026251755,订单明细20260329030548.xlsx
将军(战神荣耀),1000.0,720.0,0.0,0.0,2026-02-09,XQJ10000000026251755,订单明细20260329030548.xlsx
工字(红),110.0,86.0,0.0,0.0,2026-02-09,XQJ10000000026251755,订单明细20260329030548.xlsx
工字(红),110.0,86.0,0.0,0.0,2026-02-09,XQJ10000000026251755,订单明细20260329030548.xlsx
工字(红),110.0,86.0,0.0,0.0,2026-02-09,XQJ10000000026251755,订单明细20260329030548.xlsx
工字(红),110.0,86.0,0.0,0.0,2026-02-09,XQJ10000000026251755,订单明细20260329030548.xlsx
工字(红),110.0,86.0,0.0,0.0,2026-02-09,XQJ10000000026251755,订单明细20260329030548.xlsx
工字(红),110.0,86.0,0.0,0.0,2026-02-09,XQJ10000000026251755,订单明细20260329030548.xlsx
帕特加(喜维亚四号),6750.0,4784.0,0.0,0.0,2026-02-09,XQJ10000000026251755,订单明细20260329030548.xlsx
帕特加(喜维亚四号),6750.0,4784.0,0.0,0.0,2026-02-09,XQJ10000000026251755,订单明细20260329030548.xlsx
帕特加(喜维亚四号),6750.0,4784.0,0.0,0.0,2026-02-09,XQJ10000000026251755,订单明细20260329030548.xlsx
帕特加(喜维亚四号),6750.0,4784.0,0.0,0.0,2026-02-09,XQJ10000000026251755,订单明细20260329030548.xlsx
帕特加(喜维亚四号),6750.0,4784.0,0.0,0.0,2026-02-09,XQJ10000000026251755,订单明细20260329030548.xlsx
帕特加(喜维亚四号),6750.0,4784.0,0.0,0.0,2026-02-09,XQJ10000000026251755,订单明细20260329030548.xlsx
泰山(3G水蜜桃二代),180.0,136.2,0.0,0.0,2026-02-09,XQJ10000000026251755,订单明细20260329030548.xlsx
泰山(3G水蜜桃二代),180.0,136.2,0.0,0.0,2026-02-09,XQJ10000000026251755,订单明细20260329030548.xlsx
泰山(3G水蜜桃二代),180.0,136.2,0.0,0.0,2026-02-09,XQJ10000000026251755,订单明细20260329030548.xlsx
泰山(3G水蜜桃二代),180.0,136.2,0.0,0.0,2026-02-09,XQJ10000000026251755,订单明细20260329030548.xlsx
泰山(3G水蜜桃二代),180.0,136.2,0.0,0.0,2026-02-09,XQJ10000000026251755,订单明细20260329030548.xlsx
泰山(3G水蜜桃二代),180.0,136.2,0.0,0.0,2026-02-09,XQJ10000000026251755,订单明细20260329030548.xlsx
泰山(儒风细支),300.0,263.0,0.0,0.0,2026-02-09,XQJ10000000026251755,订单明细20260329030548.xlsx
泰山(儒风细支),300.0,263.0,0.0,0.0,2026-02-09,XQJ10000000026251755,订单明细20260329030548.xlsx
泰山(儒风细支),300.0,263.0,0.0,0.0,2026-02-09,XQJ10000000026251755,订单明细20260329030548.xlsx
泰山(儒风细支),300.0,263.0,0.0,0.0,2026-02-09,XQJ10000000026251755,订单明细20260329030548.xlsx
泰山(儒风细支),300.0,263.0,0.0,0.0,2026-02-09,XQJ10000000026251755,订单明细20260329030548.xlsx
泰山(儒风细支),300.0,263.0,0.0,0.0,2026-02-09,XQJ10000000026251755,订单明细20260329030548.xlsx
泰山(巅峰5号),3000.0,1800.0,0.0,0.0,2026-02-09,XQJ10000000026251755,订单明细20260329030548.xlsx
泰山(巅峰5号),3000.0,1800.0,0.0,0.0,2026-02-09,XQJ10000000026251755,订单明细20260329030548.xlsx
泰山(巅峰5号),3000.0,1800.0,0.0,0.0,2026-02-09,XQJ10000000026251755,订单明细20260329030548.xlsx
泰山(巅峰5号),3000.0,1800.0,0.0,0.0,2026-02-09,XQJ10000000026251755,订单明细20260329030548.xlsx
泰山(巅峰5号),3000.0,1800.0,0.0,0.0,2026-02-09,XQJ10000000026251755,订单明细20260329030548.xlsx
泰山(巅峰5号),3000.0,1800.0,0.0,0.0,2026-02-09,XQJ10000000026251755,订单明细20260329030548.xlsx
泰山(巴哈马),260.0,196.0,0.0,0.0,2026-02-09,XQJ10000000026251755,订单明细20260329030548.xlsx
泰山(巴哈马),260.0,196.0,0.0,0.0,2026-02-09,XQJ10000000026251755,订单明细20260329030548.xlsx
泰山(巴哈马),260.0,196.0,0.0,0.0,2026-02-09,XQJ10000000026251755,订单明细20260329030548.xlsx
泰山(巴哈马),260.0,196.0,0.0,0.0,2026-02-09,XQJ10000000026251755,订单明细20260329030548.xlsx
泰山(巴哈马),260.0,196.0,0.0,0.0,2026-02-09,XQJ10000000026251755,订单明细20260329030548.xlsx
泰山(巴哈马),260.0,196.0,0.0,0.0,2026-02-09,XQJ10000000026251755,订单明细20260329030548.xlsx
泰山(心悦）,160.0,139.92,2.0,279.84,2026-02-09,XQJ10000000026251755,订单明细20260329030548.xlsx
泰山(心悦）,160.0,139.92,2.0,279.84,2026-02-09,XQJ10000000026251755,订单明细20260329030548.xlsx
泰山(心悦）,160.0,139.92,2.0,279.84,2026-02-09,XQJ10000000026251755,订单明细20260329030548.xlsx
泰山(心悦）,160.0,139.92,2.0,279.84,2026-02-09,XQJ10000000026251755,订单明细20260329030548.xlsx
泰山(心悦）,160.0,139.92,2.0,279.84,2026-02-09,XQJ10000000026251755,订单明细20260329030548.xlsx
泰山(心悦）,160.0,139.92,2.0,279.84,2026-02-09,XQJ10000000026251755,订单明细20260329030548.xlsx
泰山(战神2号),1440.0,864.0,0.0,0.0,2026-02-09,XQJ10000000026251755,订单明细20260329030548.xlsx
泰山(战神2号),1440.0,864.0,0.0,0.0,2026-02-09,XQJ10000000026251755,订单明细20260329030548.xlsx
泰山(战神2号),1440.0,864.0,0.0,0.0,2026-02-09,XQJ10000000026251755,订单明细20260329030548.xlsx
泰山(战神2号),1440.0,864.0,0.0,0.0,2026-02-09,XQJ10000000026251755,订单明细20260329030548.xlsx
泰山(战神2号),1440.0,864.0,0.0,0.0,2026-02-09,XQJ10000000026251755,订单明细20260329030548.xlsx
泰山(战神2号),1440.0,864.0,0.0,0.0,2026-02-09,XQJ10000000026251755,订单明细20260329030548.xlsx
泰山(战神5号),400.0,260.0,0.0,0.0,2026-02-09,XQJ10000000026251755,订单明细20260329030548.xlsx
泰山(战神5号),400.0,260.0,0.0,0.0,2026-02-09,XQJ10000000026251755,订单明细20260329030548.xlsx
泰山(战神5号),400.0,260.0,0.0,0.0,2026-02-09,XQJ10000000026251755,订单明细20260329030548.xlsx
泰山(战神5号),400.0,260.0,0.0,0.0,2026-02-09,XQJ10000000026251755,订单明细20260329030548.xlsx
泰山(战神5号),400.0,260.0,0.0,0.0,2026-02-09,XQJ10000000026251755,订单明细20260329030548.xlsx
泰山(战神5号),400.0,260.0,0.0,0.0,2026-02-09,XQJ10000000026251755,订单明细20260329030548.xlsx
泰山(战神6号),1440.0,864.0,0.0,0.0,2026-02-09,XQJ10000000026251755,订单明细20260329030548.xlsx
泰山(战神6号),1440.0,864.0,0.0,0.0,2026-02-09,XQJ10000000026251755,订单明细20260329030548.xlsx
泰山(战神6号),1440.0,864.0,0.0,0.0,2026-02-09,XQJ10000000026251755,订单明细20260329030548.xlsx
泰山(战神6号),1440.0,864.0,0.0,0.0,2026-02-09,XQJ10000000026251755,订单明细20260329030548.xlsx
泰山(战神6号),1440.0,864.0,0.0,0.0,2026-02-09,XQJ10000000026251755,订单明细20260329030548.xlsx
泰山(战神6号),1440.0,864.0,0.0,0.0,2026-02-09,XQJ10000000026251755,订单明细20260329030548.xlsx
泰山(战神白金),1600.0,960.0,0.0,0.0,2026-02-09,XQJ10000000026251755,订单明细20260329030548.xlsx
泰山(战神白金),1600.0,960.0,0.0,0.0,2026-02-09,XQJ10000000026251755,订单明细20260329030548.xlsx
泰山(战神白金),1600.0,960.0,0.0,0.0,2026-02-09,XQJ10000000026251755,订单明细20260329030548.xlsx
泰山(战神白金),1600.0,960.0,0.0,0.0,2026-02-09,XQJ10000000026251755,订单明细20260329030548.xlsx
泰山(战神白金),1600.0,960.0,0.0,0.0,2026-02-09,XQJ10000000026251755,订单明细20260329030548.xlsx
泰山(战神白金),1600.0,960.0,0.0,0.0,2026-02-09,XQJ10000000026251755,订单明细20260329030548.xlsx
泰山(战神黑金),2400.0,1440.0,0.0,0.0,2026-02-09,XQJ10000000026251755,订单明细20260329030548.xlsx
泰山(战神黑金),2400.0,1440.0,0.0,0.0,2026-02-09,XQJ10000000026251755,订单明细20260329030548.xlsx
泰山(战神黑金),2400.0,1440.0,0.0,0.0,2026-02-09,XQJ10000000026251755,订单明细20260329030548.xlsx
泰山(战神黑金),2400.0,1440.0,0.0,0.0,2026-02-09,XQJ10000000026251755,订单明细20260329030548.xlsx
泰山(战神黑金),2400.0,1440.0,0.0,0.0,2026-02-09,XQJ10000000026251755,订单明细20260329030548.xlsx
泰山(战神黑金),2400.0,1440.0,0.0,0.0,2026-02-09,XQJ10000000026251755,订单明细20260329030548.xlsx
泰山(硬红八喜),65.0,57.24,0.0,0.0,2026-02-09,XQJ10000000026251755,订单明细20260329030548.xlsx
泰山(硬红八喜),65.0,57.24,0.0,0.0,2026-02-09,XQJ10000000026251755,订单明细20260329030548.xlsx
泰山(硬红八喜),65.0,57.24,0.0,0.0,2026-02-09,XQJ10000000026251755,订单明细20260329030548.xlsx
泰山(硬红八喜),65.0,57.24,0.0,0.0,2026-02-09,XQJ10000000026251755,订单明细20260329030548.xlsx
泰山(硬红八喜),65.0,57.24,0.0,0.0,2026-02-09,XQJ10000000026251755,订单明细20260329030548.xlsx
泰山(硬红八喜),65.0,57.24,0.0,0.0,2026-02-09,XQJ10000000026251755,订单明细20260329030548.xlsx
泰山(颜悦),200.0,167.48,1.0,167.48,2026-02-09,XQJ10000000026251755,订单明细20260329030548.xlsx
泰山(颜悦),200.0,167.48,1.0,167.48,2026-02-09,XQJ10000000026251755,订单明细20260329030548.xlsx
泰山(颜悦),200.0,167.48,1.0,167.48,2026-02-09,XQJ10000000026251755,订单明细20260329030548.xlsx
泰山(颜悦),200.0,167.48,1.0,167.48,2026-02-09,XQJ10000000026251755,订单明细20260329030548.xlsx
泰山(颜悦),200.0,167.48,1.0,167.48,2026-02-09,XQJ10000000026251755,订单明细20260329030548.xlsx
泰山(颜悦),200.0,167.48,1.0,167.48,2026-02-09,XQJ10000000026251755,订单明细20260329030548.xlsx
潮牌(冠军),1600.0,1091.7,0.0,0.0,2026-02-09,XQJ10000000026251755,订单明细20260329030548.xlsx
潮牌(冠军),1600.0,1091.7,0.0,0.0,2026-02-09,XQJ10000000026251755,订单明细20260329030548.xlsx
潮牌(冠军),1600.0,1091.7,0.0,0.0,2026-02-09,XQJ10000000026251755,订单明细20260329030548.xlsx
潮牌(冠军),1600.0,1091.7,0.0,0.0,2026-02-09,XQJ10000000026251755,订单明细20260329030548.xlsx
潮牌(冠军),1600.0,1091.7,0.0,0.0,2026-02-09,XQJ10000000026251755,订单明细20260329030548.xlsx
潮牌(冠军),1600.0,1091.7,0.0,0.0,2026-02-09,XQJ10000000026251755,订单明细20260329030548.xlsx
熊猫(典藏中支),1200.0,1000.0,0.0,0.0,2026-02-09,XQJ10000000026251755,订单明细20260329030548.xlsx
熊猫(典藏中支),1200.0,1000.0,0.0,0.0,2026-02-09,XQJ10000000026251755,订单明细20260329030548.xlsx
熊猫(典藏中支),1200.0,1000.0,0.0,0.0,2026-02-09,XQJ10000000026251755,订单明细20260329030548.xlsx
熊猫(典藏中支),1200.0,1000.0,0.0,0.0,2026-02-09,XQJ10000000026251755,订单明细20260329030548.xlsx
熊猫(典藏中支),1200.0,1000.0,0.0,0.0,2026-02-09,XQJ10000000026251755,订单明细20260329030548.xlsx
熊猫(典藏中支),1200.0,1000.0,0.0,0.0,2026-02-09,XQJ10000000026251755,订单明细20260329030548.xlsx
熊猫(硬经典),1000.0,848.0,0.0,0.0,2026-02-09,XQJ10000000026251755,订单明细20260329030548.xlsx
熊猫(硬经典),1000.0,848.0,0.0,0.0,2026-02-09,XQJ10000000026251755,订单明细20260329030548.xlsx
熊猫(硬经典),1000.0,848.0,0.0,0.0,2026-02-09,XQJ10000000026251755,订单明细20260329030548.xlsx
熊猫(硬经典),1000.0,848.0,0.0,0.0,2026-02-09,XQJ10000000026251755,订单明细20260329030548.xlsx
熊猫(硬经典),1000.0,848.0,0.0,0.0,2026-02-09,XQJ10000000026251755,订单明细20260329030548.xlsx
熊猫(硬经典),1000.0,848.0,0.0,0.0,2026-02-09,XQJ10000000026251755,订单明细20260329030548.xlsx
熊猫(经典细支),1000.0,848.0,0.0,0.0,2026-02-09,XQJ10000000026251755,订单明细20260329030548.xlsx
熊猫(经典细支),1000.0,848.0,0.0,0.0,2026-02-09,XQJ10000000026251755,订单明细20260329030548.xlsx
熊猫(经典细支),1000.0,848.0,0.0,0.0,2026-02-09,XQJ10000000026251755,订单明细20260329030548.xlsx
熊猫(经典细支),1000.0,848.0,0.0,0.0,2026-02-09,XQJ10000000026251755,订单明细20260329030548.xlsx
熊猫(经典细支),1000.0,848.0,0.0,0.0,2026-02-09,XQJ10000000026251755,订单明细20260329030548.xlsx
熊猫(经典细支),1000.0,848.0,0.0,0.0,2026-02-09,XQJ10000000026251755,订单明细20260329030548.xlsx
爱喜幻变,240.0,207.97,0.0,0.0,2026-02-09,XQJ10000000026251755,订单明细20260329030548.xlsx
爱喜幻变,240.0,207.97,0.0,0.0,2026-02-09,XQJ10000000026251755,订单明细20260329030548.xlsx
爱喜幻变,240.0,207.97,0.0,0.0,2026-02-09,XQJ10000000026251755,订单明细20260329030548.xlsx
爱喜幻变,240.0,207.97,0.0,0.0,2026-02-09,XQJ10000000026251755,订单明细20260329030548.xlsx
爱喜幻变,240.0,207.97,0.0,0.0,2026-02-09,XQJ10000000026251755,订单明细20260329030548.xlsx
爱喜幻变,240.0,207.97,0.0,0.0,2026-02-09,XQJ10000000026251755,订单明细20260329030548.xlsx
爱喜薄荷,220.0,196.24,0.0,0.0,2026-02-09,XQJ10000000026251755,订单明细20260329030548.xlsx
爱喜薄荷,220.0,196.24,0.0,0.0,2026-02-09,XQJ10000000026251755,订单明细20260329030548.xlsx
爱喜薄荷,220.0,196.24,0.0,0.0,2026-02-09,XQJ10000000026251755,订单明细20260329030548.xlsx
爱喜薄荷,220.0,196.24,0.0,0.0,2026-02-09,XQJ10000000026251755,订单明细20260329030548.xlsx
爱喜薄荷,220.0,196.24,0.0,0.0,2026-02-09,XQJ10000000026251755,订单明细20260329030548.xlsx
爱喜薄荷,220.0,196.24,0.0,0.0,2026-02-09,XQJ10000000026251755,订单明细20260329030548.xlsx
牡丹(红中支),200.0,175.0,2.0,350.0,2026-02-09,XQJ10000000026251755,订单明细20260329030548.xlsx
牡丹(红中支),200.0,175.0,2.0,350.0,2026-02-09,XQJ10000000026251755,订单明细20260329030548.xlsx
牡丹(红中支),200.0,175.0,2.0,350.0,2026-02-09,XQJ10000000026251755,订单明细20260329030548.xlsx
牡丹(红中支),200.0,175.0,2.0,350.0,2026-02-09,XQJ10000000026251755,订单明细20260329030548.xlsx
牡丹(红中支),200.0,175.0,2.0,350.0,2026-02-09,XQJ10000000026251755,订单明细20260329030548.xlsx
牡丹(红中支),200.0,175.0,2.0,350.0,2026-02-09,XQJ10000000026251755,订单明细20260329030548.xlsx
牡丹(蓝中支),300.0,263.0,0.0,0.0,2026-02-09,XQJ10000000026251755,订单明细20260329030548.xlsx
牡丹(蓝中支),300.0,263.0,0.0,0.0,2026-02-09,XQJ10000000026251755,订单明细20260329030548.xlsx
牡丹(蓝中支),300.0,263.0,0.0,0.0,2026-02-09,XQJ10000000026251755,订单明细20260329030548.xlsx
牡丹(蓝中支),300.0,263.0,0.0,0.0,2026-02-09,XQJ10000000026251755,订单明细20260329030548.xlsx
牡丹(蓝中支),300.0,263.0,0.0,0.0,2026-02-09,XQJ10000000026251755,订单明细20260329030548.xlsx
牡丹(蓝中支),300.0,263.0,0.0,0.0,2026-02-09,XQJ10000000026251755,订单明细20260329030548.xlsx
牡丹(蓝彩细支),300.0,263.0,0.0,0.0,2026-02-09,XQJ10000000026251755,订单明细20260329030548.xlsx
牡丹(蓝彩细支),300.0,263.0,0.0,0.0,2026-02-09,XQJ10000000026251755,订单明细20260329030548.xlsx
牡丹(蓝彩细支),300.0,263.0,0.0,0.0,2026-02-09,XQJ10000000026251755,订单明细20260329030548.xlsx
牡丹(蓝彩细支),300.0,263.0,0.0,0.0,2026-02-09,XQJ10000000026251755,订单明细20260329030548.xlsx
牡丹(蓝彩细支),300.0,263.0,0.0,0.0,2026-02-09,XQJ10000000026251755,订单明细20260329030548.xlsx
牡丹(蓝彩细支),300.0,263.0,0.0,0.0,2026-02-09,XQJ10000000026251755,订单明细20260329030548.xlsx
牡丹(软),140.0,121.9,2.0,243.8,2026-02-09,XQJ10000000026251755,订单明细20260329030548.xlsx
牡丹(软),140.0,121.9,2.0,243.8,2026-02-09,XQJ10000000026251755,订单明细20260329030548.xlsx
牡丹(软),140.0,121.9,2.0,243.8,2026-02-09,XQJ10000000026251755,订单明细20260329030548.xlsx
牡丹(软),140.0,121.9,2.0,243.8,2026-02-09,XQJ10000000026251755,订单明细20260329030548.xlsx
牡丹(软),140.0,121.9,2.0,243.8,2026-02-09,XQJ10000000026251755,订单明细20260329030548.xlsx
牡丹(软),140.0,121.9,2.0,243.8,2026-02-09,XQJ10000000026251755,订单明细20260329030548.xlsx
狮牌(加勒比阳光),600.0,452.0,0.0,0.0,2026-02-09,XQJ10000000026251755,订单明细20260329030548.xlsx
狮牌(加勒比阳光),600.0,452.0,0.0,0.0,2026-02-09,XQJ10000000026251755,订单明细20260329030548.xlsx
狮牌(加勒比阳光),600.0,452.0,0.0,0.0,2026-02-09,XQJ10000000026251755,订单明细20260329030548.xlsx
狮牌(加勒比阳光),600.0,452.0,0.0,0.0,2026-02-09,XQJ10000000026251755,订单明细20260329030548.xlsx
狮牌(加勒比阳光),600.0,452.0,0.0,0.0,2026-02-09,XQJ10000000026251755,订单明细20260329030548.xlsx
狮牌(加勒比阳光),600.0,452.0,0.0,0.0,2026-02-09,XQJ10000000026251755,订单明细20260329030548.xlsx
玉溪(中支和谐),400.0,339.2,0.0,0.0,2026-02-09,XQJ10000000026251755,订单明细20260329030548.xlsx
玉溪(中支和谐),400.0,339.2,0.0,0.0,2026-02-09,XQJ10000000026251755,订单明细20260329030548.xlsx
玉溪(中支和谐),400.0,339.2,0.0,0.0,2026-02-09,XQJ10000000026251755,订单明细20260329030548.xlsx
玉溪(中支和谐),400.0,339.2,0.0,0.0,2026-02-09,XQJ10000000026251755,订单明细20260329030548.xlsx
玉溪(中支和谐),400.0,339.2,0.0,0.0,2026-02-09,XQJ10000000026251755,订单明细20260329030548.xlsx
玉溪(中支和谐),400.0,339.2,0.0,0.0,2026-02-09,XQJ10000000026251755,订单明细20260329030548.xlsx
玉溪(合顺),300.0,263.0,0.0,0.0,2026-02-09,XQJ10000000026251755,订单明细20260329030548.xlsx
玉溪(合顺),300.0,263.0,0.0,0.0,2026-02-09,XQJ10000000026251755,订单明细20260329030548.xlsx
玉溪(合顺),300.0,263.0,0.0,0.0,2026-02-09,XQJ10000000026251755,订单明细20260329030548.xlsx
玉溪(合顺),300.0,263.0,0.0,0.0,2026-02-09,XQJ10000000026251755,订单明细20260329030548.xlsx
玉溪(合顺),300.0,263.0,0.0,0.0,2026-02-09,XQJ10000000026251755,订单明细20260329030548.xlsx
玉溪(合顺),300.0,263.0,0.0,0.0,2026-02-09,XQJ10000000026251755,订单明细20260329030548.xlsx
玉溪(硬和谐),400.0,339.2,4.0,1356.8,2026-02-09,XQJ10000000026251755,订单明细20260329030548.xlsx
玉溪(硬和谐),400.0,339.2,4.0,1356.8,2026-02-09,XQJ10000000026251755,订单明细20260329030548.xlsx
玉溪(硬和谐),400.0,339.2,4.0,1356.8,2026-02-09,XQJ10000000026251755,订单明细20260329030548.xlsx
玉溪(硬和谐),400.0,339.2,4.0,1356.8,2026-02-09,XQJ10000000026251755,订单明细20260329030548.xlsx
玉溪(硬和谐),400.0,339.2,4.0,1356.8,2026-02-09,XQJ10000000026251755,订单明细20260329030548.xlsx
玉溪(硬和谐),400.0,339.2,4.0,1356.8,2026-02-09,XQJ10000000026251755,订单明细20260329030548.xlsx
玉溪(细支),300.0,263.0,1.0,263.0,2026-02-09,XQJ10000000026251755,订单明细20260329030548.xlsx
玉溪(细支),300.0,263.0,1.0,263.0,2026-02-09,XQJ10000000026251755,订单明细20260329030548.xlsx
玉溪(细支),300.0,263.0,1.0,263.0,2026-02-09,XQJ10000000026251755,订单明细20260329030548.xlsx
玉溪(细支),300.0,263.0,1.0,263.0,2026-02-09,XQJ10000000026251755,订单明细20260329030548.xlsx
玉溪(细支),300.0,263.0,1.0,263.0,2026-02-09,XQJ10000000026251755,订单明细20260329030548.xlsx
玉溪(细支),300.0,263.0,1.0,263.0,2026-02-09,XQJ10000000026251755,订单明细20260329030548.xlsx
玉溪(细支缤果爆),260.0,225.0,0.0,0.0,2026-02-09,XQJ10000000026251755,订单明细20260329030548.xlsx
玉溪(细支缤果爆),260.0,225.0,0.0,0.0,2026-02-09,XQJ10000000026251755,订单明细20260329030548.xlsx
玉溪(细支缤果爆),260.0,225.0,0.0,0.0,2026-02-09,XQJ10000000026251755,订单明细20260329030548.xlsx
玉溪(细支缤果爆),260.0,225.0,0.0,0.0,2026-02-09,XQJ10000000026251755,订单明细20260329030548.xlsx
玉溪(细支缤果爆),260.0,225.0,0.0,0.0,2026-02-09,XQJ10000000026251755,订单明细20260329030548.xlsx
玉溪(细支缤果爆),260.0,225.0,0.0,0.0,2026-02-09,XQJ10000000026251755,订单明细20260329030548.xlsx
玉溪(细支翡翠),800.0,678.4,1.0,678.4,2026-02-09,XQJ10000000026251755,订单明细20260329030548.xlsx
玉溪(细支翡翠),800.0,678.4,1.0,678.4,2026-02-09,XQJ10000000026251755,订单明细20260329030548.xlsx
玉溪(细支翡翠),800.0,678.4,1.0,678.4,2026-02-09,XQJ10000000026251755,订单明细20260329030548.xlsx
玉溪(细支翡翠),800.0,678.4,1.0,678.4,2026-02-09,XQJ10000000026251755,订单明细20260329030548.xlsx
玉溪(细支翡翠),800.0,678.4,1.0,678.4,2026-02-09,XQJ10000000026251755,订单明细20260329030548.xlsx
玉溪(细支翡翠),800.0,678.4,1.0,678.4,2026-02-09,XQJ10000000026251755,订单明细20260329030548.xlsx
玉溪(软),230.0,201.4,0.0,0.0,2026-02-09,XQJ10000000026251755,订单明细20260329030548.xlsx
玉溪(软),230.0,201.4,0.0,0.0,2026-02-09,XQJ10000000026251755,订单明细20260329030548.xlsx
玉溪(软),230.0,201.4,0.0,0.0,2026-02-09,XQJ10000000026251755,订单明细20260329030548.xlsx
玉溪(软),230.0,201.4,0.0,0.0,2026-02-09,XQJ10000000026251755,订单明细20260329030548.xlsx
玉溪(软),230.0,201.4,0.0,0.0,2026-02-09,XQJ10000000026251755,订单明细20260329030548.xlsx
玉溪(软),230.0,201.4,0.0,0.0,2026-02-09,XQJ10000000026251755,订单明细20260329030548.xlsx
玉溪(软初心),200.0,175.0,1.0,175.0,2026-02-09,XQJ10000000026251755,订单明细20260329030548.xlsx
玉溪(软初心),200.0,175.0,1.0,175.0,2026-02-09,XQJ10000000026251755,订单明细20260329030548.xlsx
玉溪(软初心),200.0,175.0,1.0,175.0,2026-02-09,XQJ10000000026251755,订单明细20260329030548.xlsx
玉溪(软初心),200.0,175.0,1.0,175.0,2026-02-09,XQJ10000000026251755,订单明细20260329030548.xlsx
玉溪(软初心),200.0,175.0,1.0,175.0,2026-02-09,XQJ10000000026251755,订单明细20260329030548.xlsx
玉溪(软初心),200.0,175.0,1.0,175.0,2026-02-09,XQJ10000000026251755,订单明细20260329030548.xlsx
玉溪(软境界),800.0,678.4,0.0,0.0,2026-02-09,XQJ10000000026251755,订单明细20260329030548.xlsx
玉溪(软境界),800.0,678.4,0.0,0.0,2026-02-09,XQJ10000000026251755,订单明细20260329030548.xlsx
玉溪(软境界),800.0,678.4,0.0,0.0,2026-02-09,XQJ10000000026251755,订单明细20260329030548.xlsx
玉溪(软境界),800.0,678.4,0.0,0.0,2026-02-09,XQJ10000000026251755,订单明细20260329030548.xlsx
玉溪(软境界),800.0,678.4,0.0,0.0,2026-02-09,XQJ10000000026251755,订单明细20260329030548.xlsx
玉溪(软境界),800.0,678.4,0.0,0.0,2026-02-09,XQJ10000000026251755,订单明细20260329030548.xlsx
玉溪(软尚善),280.0,243.8,27.0,6582.6,2026-02-09,XQJ10000000026251755,订单明细20260329030548.xlsx
玉溪(软尚善),280.0,243.8,27.0,6582.6,2026-02-09,XQJ10000000026251755,订单明细20260329030548.xlsx
玉溪(软尚善),280.0,243.8,27.0,6582.6,2026-02-09,XQJ10000000026251755,订单明细20260329030548.xlsx
玉溪(软尚善),280.0,243.8,27.0,6582.6,2026-02-09,XQJ10000000026251755,订单明细20260329030548.xlsx
玉溪(软尚善),280.0,243.8,27.0,6582.6,2026-02-09,XQJ10000000026251755,订单明细20260329030548.xlsx
玉溪(软尚善),280.0,243.8,27.0,6582.6,2026-02-09,XQJ10000000026251755,订单明细20260329030548.xlsx
玉溪(软阿诗玛),200.0,175.0,1.0,175.0,2026-02-09,XQJ10000000026251755,订单明细20260329030548.xlsx
玉溪(软阿诗玛),200.0,175.0,1.0,175.0,2026-02-09,XQJ10000000026251755,订单明细20260329030548.xlsx
玉溪(软阿诗玛),200.0,175.0,1.0,175.0,2026-02-09,XQJ10000000026251755,订单明细20260329030548.xlsx
玉溪(软阿诗玛),200.0,175.0,1.0,175.0,2026-02-09,XQJ10000000026251755,订单明细20260329030548.xlsx
玉溪(软阿诗玛),200.0,175.0,1.0,175.0,2026-02-09,XQJ10000000026251755,订单明细20260329030548.xlsx
玉溪(软阿诗玛),200.0,175.0,1.0,175.0,2026-02-09,XQJ10000000026251755,订单明细20260329030548.xlsx
玉溪(鑫中支),260.0,225.0,0.0,0.0,2026-02-09,XQJ10000000026251755,订单明细20260329030548.xlsx
玉溪(鑫中支),260.0,225.0,0.0,0.0,2026-02-09,XQJ10000000026251755,订单明细20260329030548.xlsx
玉溪(鑫中支),260.0,225.0,0.0,0.0,2026-02-09,XQJ10000000026251755,订单明细20260329030548.xlsx
玉溪(鑫中支),260.0,225.0,0.0,0.0,2026-02-09,XQJ10000000026251755,订单明细20260329030548.xlsx
玉溪(鑫中支),260.0,225.0,0.0,0.0,2026-02-09,XQJ10000000026251755,订单明细20260329030548.xlsx
玉溪(鑫中支),260.0,225.0,0.0,0.0,2026-02-09,XQJ10000000026251755,订单明细20260329030548.xlsx
王冠(20支),300.0,230.0,0.0,0.0,2026-02-09,XQJ10000000026251755,订单明细20260329030548.xlsx
王冠(20支),300.0,230.0,0.0,0.0,2026-02-09,XQJ10000000026251755,订单明细20260329030548.xlsx
王冠(20支),300.0,230.0,0.0,0.0,2026-02-09,XQJ10000000026251755,订单明细20260329030548.xlsx
王冠(20支),300.0,230.0,0.0,0.0,2026-02-09,XQJ10000000026251755,订单明细20260329030548.xlsx
王冠(20支),300.0,230.0,0.0,0.0,2026-02-09,XQJ10000000026251755,订单明细20260329030548.xlsx
王冠(20支),300.0,230.0,0.0,0.0,2026-02-09,XQJ10000000026251755,订单明细20260329030548.xlsx
王冠(假日·黄金海岸),540.0,420.0,0.0,0.0,2026-02-09,XQJ10000000026251755,订单明细20260329030548.xlsx
王冠(假日·黄金海岸),540.0,420.0,0.0,0.0,2026-02-09,XQJ10000000026251755,订单明细20260329030548.xlsx
王冠(假日·黄金海岸),540.0,420.0,0.0,0.0,2026-02-09,XQJ10000000026251755,订单明细20260329030548.xlsx
王冠(假日·黄金海岸),540.0,420.0,0.0,0.0,2026-02-09,XQJ10000000026251755,订单明细20260329030548.xlsx
王冠(假日·黄金海岸),540.0,420.0,0.0,0.0,2026-02-09,XQJ10000000026251755,订单明细20260329030548.xlsx
王冠(假日·黄金海岸),540.0,420.0,0.0,0.0,2026-02-09,XQJ10000000026251755,订单明细20260329030548.xlsx
王冠(冰咖MIX),400.0,304.0,0.0,0.0,2026-02-09,XQJ10000000026251755,订单明细20260329030548.xlsx
王冠(冰咖MIX),400.0,304.0,0.0,0.0,2026-02-09,XQJ10000000026251755,订单明细20260329030548.xlsx
王冠(冰咖MIX),400.0,304.0,0.0,0.0,2026-02-09,XQJ10000000026251755,订单明细20260329030548.xlsx
王冠(冰咖MIX),400.0,304.0,0.0,0.0,2026-02-09,XQJ10000000026251755,订单明细20260329030548.xlsx
王冠(冰咖MIX),400.0,304.0,0.0,0.0,2026-02-09,XQJ10000000026251755,订单明细20260329030548.xlsx
王冠(冰咖MIX),400.0,304.0,0.0,0.0,2026-02-09,XQJ10000000026251755,订单明细20260329030548.xlsx
王冠(原味1号),60.0,46.0,0.0,0.0,2026-02-09,XQJ10000000026251755,订单明细20260329030548.xlsx
王冠(原味1号),60.0,46.0,0.0,0.0,2026-02-09,XQJ10000000026251755,订单明细20260329030548.xlsx
王冠(原味1号),60.0,46.0,0.0,0.0,2026-02-09,XQJ10000000026251755,订单明细20260329030548.xlsx
王冠(原味1号),60.0,46.0,0.0,0.0,2026-02-09,XQJ10000000026251755,订单明细20260329030548.xlsx
王冠(原味1号),60.0,46.0,0.0,0.0,2026-02-09,XQJ10000000026251755,订单明细20260329030548.xlsx
王冠(原味1号),60.0,46.0,0.0,0.0,2026-02-09,XQJ10000000026251755,订单明细20260329030548.xlsx
王冠(原味9号),150.0,120.0,0.0,0.0,2026-02-09,XQJ10000000026251755,订单明细20260329030548.xlsx
王冠(原味9号),150.0,120.0,0.0,0.0,2026-02-09,XQJ10000000026251755,订单明细20260329030548.xlsx
王冠(原味9号),150.0,120.0,0.0,0.0,2026-02-09,XQJ10000000026251755,订单明细20260329030548.xlsx
王冠(原味9号),150.0,120.0,0.0,0.0,2026-02-09,XQJ10000000026251755,订单明细20260329030548.xlsx
王冠(原味9号),150.0,120.0,0.0,0.0,2026-02-09,XQJ10000000026251755,订单明细20260329030548.xlsx
王冠(原味9号),150.0,120.0,0.0,0.0,2026-02-09,XQJ10000000026251755,订单明细20260329030548.xlsx
王冠(塑2支全叶卷),130.0,100.0,0.0,0.0,2026-02-09,XQJ10000000026251755,订单明细20260329030548.xlsx
王冠(塑2支全叶卷),130.0,100.0,0.0,0.0,2026-02-09,XQJ10000000026251755,订单明细20260329030548.xlsx
王冠(塑2支全叶卷),130.0,100.0,0.0,0.0,2026-02-09,XQJ10000000026251755,订单明细20260329030548.xlsx
王冠(塑2支全叶卷),130.0,100.0,0.0,0.0,2026-02-09,XQJ10000000026251755,订单明细20260329030548.xlsx
王冠(塑2支全叶卷),130.0,100.0,0.0,0.0,2026-02-09,XQJ10000000026251755,订单明细20260329030548.xlsx
王冠(塑2支全叶卷),130.0,100.0,0.0,0.0,2026-02-09,XQJ10000000026251755,订单明细20260329030548.xlsx
王冠(小国粹),750.0,567.5,0.0,0.0,2026-02-09,XQJ10000000026251755,订单明细20260329030548.xlsx
王冠(小国粹),750.0,567.5,0.0,0.0,2026-02-09,XQJ10000000026251755,订单明细20260329030548.xlsx
王冠(小国粹),750.0,567.5,0.0,0.0,2026-02-09,XQJ10000000026251755,订单明细20260329030548.xlsx
王冠(小国粹),750.0,567.5,0.0,0.0,2026-02-09,XQJ10000000026251755,订单明细20260329030548.xlsx
王冠(小国粹),750.0,567.5,0.0,0.0,2026-02-09,XQJ10000000026251755,订单明细20260329030548.xlsx
王冠(小国粹),750.0,567.5,0.0,0.0,2026-02-09,XQJ10000000026251755,订单明细20260329030548.xlsx
王冠(梅兰竹菊),800.0,576.0,0.0,0.0,2026-02-09,XQJ10000000026251755,订单明细20260329030548.xlsx
王冠(梅兰竹菊),800.0,576.0,0.0,0.0,2026-02-09,XQJ10000000026251755,订单明细20260329030548.xlsx
王冠(梅兰竹菊),800.0,576.0,0.0,0.0,2026-02-09,XQJ10000000026251755,订单明细20260329030548.xlsx
王冠(梅兰竹菊),800.0,576.0,0.0,0.0,2026-02-09,XQJ10000000026251755,订单明细20260329030548.xlsx
王冠(梅兰竹菊),800.0,576.0,0.0,0.0,2026-02-09,XQJ10000000026251755,订单明细20260329030548.xlsx
王冠(梅兰竹菊),800.0,576.0,0.0,0.0,2026-02-09,XQJ10000000026251755,订单明细20260329030548.xlsx
王冠(经典铝2支全叶卷),350.0,262.0,0.0,0.0,2026-02-09,XQJ10000000026251755,订单明细20260329030548.xlsx
王冠(经典铝2支全叶卷),350.0,262.0,0.0,0.0,2026-02-09,XQJ10000000026251755,订单明细20260329030548.xlsx
王冠(经典铝2支全叶卷),350.0,262.0,0.0,0.0,2026-02-09,XQJ10000000026251755,订单明细20260329030548.xlsx
王冠(经典铝2支全叶卷),350.0,262.0,0.0,0.0,2026-02-09,XQJ10000000026251755,订单明细20260329030548.xlsx
王冠(经典铝2支全叶卷),350.0,262.0,0.0,0.0,2026-02-09,XQJ10000000026251755,订单明细20260329030548.xlsx
王冠(经典铝2支全叶卷),350.0,262.0,0.0,0.0,2026-02-09,XQJ10000000026251755,订单明细20260329030548.xlsx
王冠(茶香之茶马古道),950.0,480.0,0.0,0.0,2026-02-09,XQJ10000000026251755,订单明细20260329030548.xlsx
王冠(茶香之茶马古道),950.0,480.0,0.0,0.0,2026-02-09,XQJ10000000026251755,订单明细20260329030548.xlsx
王冠(茶香之茶马古道),950.0,480.0,0.0,0.0,2026-02-09,XQJ10000000026251755,订单明细20260329030548.xlsx
王冠(茶香之茶马古道),950.0,480.0,0.0,0.0,2026-02-09,XQJ10000000026251755,订单明细20260329030548.xlsx
王冠(茶香之茶马古道),950.0,480.0,0.0,0.0,2026-02-09,XQJ10000000026251755,订单明细20260329030548.xlsx
王冠(茶香之茶马古道),950.0,480.0,0.0,0.0,2026-02-09,XQJ10000000026251755,订单明细20260329030548.xlsx
王冠(蓝色假日),1000.0,755.0,0.0,0.0,2026-02-09,XQJ10000000026251755,订单明细20260329030548.xlsx
王冠(蓝色假日),1000.0,755.0,0.0,0.0,2026-02-09,XQJ10000000026251755,订单明细20260329030548.xlsx
王冠(蓝色假日),1000.0,755.0,0.0,0.0,2026-02-09,XQJ10000000026251755,订单明细20260329030548.xlsx
王冠(蓝色假日),1000.0,755.0,0.0,0.0,2026-02-09,XQJ10000000026251755,订单明细20260329030548.xlsx
王冠(蓝色假日),1000.0,755.0,0.0,0.0,2026-02-09,XQJ10000000026251755,订单明细20260329030548.xlsx
王冠(蓝色假日),1000.0,755.0,0.0,0.0,2026-02-09,XQJ10000000026251755,订单明细20260329030548.xlsx
白沙(和天下),1000.0,848.0,0.0,0.0,2026-02-09,XQJ10000000026251755,订单明细20260329030548.xlsx
白沙(和天下),1000.0,848.0,0.0,0.0,2026-02-09,XQJ10000000026251755,订单明细20260329030548.xlsx
白沙(和天下),1000.0,848.0,0.0,0.0,2026-02-09,XQJ10000000026251755,订单明细20260329030548.xlsx
白沙(和天下),1000.0,848.0,0.0,0.0,2026-02-09,XQJ10000000026251755,订单明细20260329030548.xlsx
白沙(和天下),1000.0,848.0,0.0,0.0,2026-02-09,XQJ10000000026251755,订单明细20260329030548.xlsx
白沙(和天下),1000.0,848.0,0.0,0.0,2026-02-09,XQJ10000000026251755,订单明细20260329030548.xlsx
白沙(和天下尊品中支),1200.0,1000.0,1.0,1000.0,2026-02-09,XQJ10000000026251755,订单明细20260329030548.xlsx
白沙(和天下尊品中支),1200.0,1000.0,1.0,1000.0,2026-02-09,XQJ10000000026251755,订单明细20260329030548.xlsx
白沙(和天下尊品中支),1200.0,1000.0,1.0,1000.0,2026-02-09,XQJ10000000026251755,订单明细20260329030548.xlsx
白沙(和天下尊品中支),1200.0,1000.0,1.0,1000.0,2026-02-09,XQJ10000000026251755,订单明细20260329030548.xlsx
白沙(和天下尊品中支),1200.0,1000.0,1.0,1000.0,2026-02-09,XQJ10000000026251755,订单明细20260329030548.xlsx
白沙(和天下尊品中支),1200.0,1000.0,1.0,1000.0,2026-02-09,XQJ10000000026251755,订单明细20260329030548.xlsx
白沙(和天下尊品细支),1000.0,848.0,0.0,0.0,2026-02-09,XQJ10000000026251755,订单明细20260329030548.xlsx
白沙(和天下尊品细支),1000.0,848.0,0.0,0.0,2026-02-09,XQJ10000000026251755,订单明细20260329030548.xlsx
白沙(和天下尊品细支),1000.0,848.0,0.0,0.0,2026-02-09,XQJ10000000026251755,订单明细20260329030548.xlsx
白沙(和天下尊品细支),1000.0,848.0,0.0,0.0,2026-02-09,XQJ10000000026251755,订单明细20260329030548.xlsx
白沙(和天下尊品细支),1000.0,848.0,0.0,0.0,2026-02-09,XQJ10000000026251755,订单明细20260329030548.xlsx
白沙(和天下尊品细支),1000.0,848.0,0.0,0.0,2026-02-09,XQJ10000000026251755,订单明细20260329030548.xlsx
白沙(硬和天下双中支),900.0,763.2,0.0,0.0,2026-02-09,XQJ10000000026251755,订单明细20260329030548.xlsx
白沙(硬和天下双中支),900.0,763.2,0.0,0.0,2026-02-09,XQJ10000000026251755,订单明细20260329030548.xlsx
白沙(硬和天下双中支),900.0,763.2,0.0,0.0,2026-02-09,XQJ10000000026251755,订单明细20260329030548.xlsx
白沙(硬和天下双中支),900.0,763.2,0.0,0.0,2026-02-09,XQJ10000000026251755,订单明细20260329030548.xlsx
白沙(硬和天下双中支),900.0,763.2,0.0,0.0,2026-02-09,XQJ10000000026251755,订单明细20260329030548.xlsx
白沙(硬和天下双中支),900.0,763.2,0.0,0.0,2026-02-09,XQJ10000000026251755,订单明细20260329030548.xlsx
白沙(硬天天向上细支),160.0,129.3,0.0,0.0,2026-02-09,XQJ10000000026251755,订单明细20260329030548.xlsx
白沙(硬天天向上细支),160.0,129.3,0.0,0.0,2026-02-09,XQJ10000000026251755,订单明细20260329030548.xlsx
白沙(硬天天向上细支),160.0,129.3,0.0,0.0,2026-02-09,XQJ10000000026251755,订单明细20260329030548.xlsx
白沙(硬天天向上细支),160.0,129.3,0.0,0.0,2026-02-09,XQJ10000000026251755,订单明细20260329030548.xlsx
白沙(硬天天向上细支),160.0,129.3,0.0,0.0,2026-02-09,XQJ10000000026251755,订单明细20260329030548.xlsx
白沙(硬天天向上细支),160.0,129.3,0.0,0.0,2026-02-09,XQJ10000000026251755,订单明细20260329030548.xlsx
白沙(硬细支和天下),1000.0,720.8,0.0,0.0,2026-02-09,XQJ10000000026251755,订单明细20260329030548.xlsx
白沙(硬细支和天下),1000.0,720.8,0.0,0.0,2026-02-09,XQJ10000000026251755,订单明细20260329030548.xlsx
白沙(硬细支和天下),1000.0,720.8,0.0,0.0,2026-02-09,XQJ10000000026251755,订单明细20260329030548.xlsx
白沙(硬细支和天下),1000.0,720.8,0.0,0.0,2026-02-09,XQJ10000000026251755,订单明细20260329030548.xlsx
白沙(硬细支和天下),1000.0,720.8,0.0,0.0,2026-02-09,XQJ10000000026251755,订单明细20260329030548.xlsx
白沙(硬细支和天下),1000.0,720.8,0.0,0.0,2026-02-09,XQJ10000000026251755,订单明细20260329030548.xlsx
白沙(软和天下),1000.0,720.8,4.0,2883.2,2026-02-09,XQJ10000000026251755,订单明细20260329030548.xlsx
白沙(软和天下),1000.0,720.8,4.0,2883.2,2026-02-09,XQJ10000000026251755,订单明细20260329030548.xlsx
白沙(软和天下),1000.0,720.8,4.0,2883.2,2026-02-09,XQJ10000000026251755,订单明细20260329030548.xlsx
白沙(软和天下),1000.0,720.8,4.0,2883.2,2026-02-09,XQJ10000000026251755,订单明细20260329030548.xlsx
白沙(软和天下),1000.0,720.8,4.0,2883.2,2026-02-09,XQJ10000000026251755,订单明细20260329030548.xlsx
白沙(软和天下),1000.0,720.8,4.0,2883.2,2026-02-09,XQJ10000000026251755,订单明细20260329030548.xlsx
白沙(长丰),70.0,61.5,0.0,0.0,2026-02-09,XQJ10000000026251755,订单明细20260329030548.xlsx
白沙(长丰),70.0,61.5,0.0,0.0,2026-02-09,XQJ10000000026251755,订单明细20260329030548.xlsx
白沙(长丰),70.0,61.5,0.0,0.0,2026-02-09,XQJ10000000026251755,订单明细20260329030548.xlsx
白沙(长丰),70.0,61.5,0.0,0.0,2026-02-09,XQJ10000000026251755,订单明细20260329030548.xlsx
白沙(长丰),70.0,61.5,0.0,0.0,2026-02-09,XQJ10000000026251755,订单明细20260329030548.xlsx
白沙(长丰),70.0,61.5,0.0,0.0,2026-02-09,XQJ10000000026251755,订单明细20260329030548.xlsx
真龙(凌云),150.0,121.9,1.0,121.9,2026-02-09,XQJ10000000026251755,订单明细20260329030548.xlsx
真龙(凌云),150.0,121.9,1.0,121.9,2026-02-09,XQJ10000000026251755,订单明细20260329030548.xlsx
真龙(凌云),150.0,121.9,1.0,121.9,2026-02-09,XQJ10000000026251755,订单明细20260329030548.xlsx
真龙(凌云),150.0,121.9,1.0,121.9,2026-02-09,XQJ10000000026251755,订单明细20260329030548.xlsx
真龙(凌云),150.0,121.9,1.0,121.9,2026-02-09,XQJ10000000026251755,订单明细20260329030548.xlsx
真龙(凌云),150.0,121.9,1.0,121.9,2026-02-09,XQJ10000000026251755,订单明细20260329030548.xlsx
真龙(美人香草),200.0,167.48,1.0,167.48,2026-02-09,XQJ10000000026251755,订单明细20260329030548.xlsx
真龙(美人香草),200.0,167.48,1.0,167.48,2026-02-09,XQJ10000000026251755,订单明细20260329030548.xlsx
真龙(美人香草),200.0,167.48,1.0,167.48,2026-02-09,XQJ10000000026251755,订单明细20260329030548.xlsx
真龙(美人香草),200.0,167.48,1.0,167.48,2026-02-09,XQJ10000000026251755,订单明细20260329030548.xlsx
真龙(美人香草),200.0,167.48,1.0,167.48,2026-02-09,XQJ10000000026251755,订单明细20260329030548.xlsx
真龙(美人香草),200.0,167.48,1.0,167.48,2026-02-09,XQJ10000000026251755,订单明细20260329030548.xlsx
真龙(起源),250.0,212.0,0.0,0.0,2026-02-09,XQJ10000000026251755,订单明细20260329030548.xlsx
真龙(起源),250.0,212.0,0.0,0.0,2026-02-09,XQJ10000000026251755,订单明细20260329030548.xlsx
真龙(起源),250.0,212.0,0.0,0.0,2026-02-09,XQJ10000000026251755,订单明细20260329030548.xlsx
真龙(起源),250.0,212.0,0.0,0.0,2026-02-09,XQJ10000000026251755,订单明细20260329030548.xlsx
真龙(起源),250.0,212.0,0.0,0.0,2026-02-09,XQJ10000000026251755,订单明细20260329030548.xlsx
真龙(起源),250.0,212.0,0.0,0.0,2026-02-09,XQJ10000000026251755,订单明细20260329030548.xlsx
红塔山(硬恭贺新禧),150.0,121.9,3.0,365.7,2026-02-09,XQJ10000000026251755,订单明细20260329030548.xlsx
红塔山(硬恭贺新禧),150.0,121.9,3.0,365.7,2026-02-09,XQJ10000000026251755,订单明细20260329030548.xlsx
红塔山(硬恭贺新禧),150.0,121.9,3.0,365.7,2026-02-09,XQJ10000000026251755,订单明细20260329030548.xlsx
红塔山(硬恭贺新禧),150.0,121.9,3.0,365.7,2026-02-09,XQJ10000000026251755,订单明细20260329030548.xlsx
红塔山(硬恭贺新禧),150.0,121.9,3.0,365.7,2026-02-09,XQJ10000000026251755,订单明细20260329030548.xlsx
红塔山(硬恭贺新禧),150.0,121.9,3.0,365.7,2026-02-09,XQJ10000000026251755,订单明细20260329030548.xlsx
红塔山(硬经典),90.0,75.0,0.0,0.0,2026-02-09,XQJ10000000026251755,订单明细20260329030548.xlsx
红塔山(硬经典),90.0,75.0,0.0,0.0,2026-02-09,XQJ10000000026251755,订单明细20260329030548.xlsx
红塔山(硬经典),90.0,75.0,0.0,0.0,2026-02-09,XQJ10000000026251755,订单明细20260329030548.xlsx
红塔山(硬经典),90.0,75.0,0.0,0.0,2026-02-09,XQJ10000000026251755,订单明细20260329030548.xlsx
红塔山(硬经典),90.0,75.0,0.0,0.0,2026-02-09,XQJ10000000026251755,订单明细20260329030548.xlsx
红塔山(硬经典),90.0,75.0,0.0,0.0,2026-02-09,XQJ10000000026251755,订单明细20260329030548.xlsx
红塔山(硬经典100),110.0,97.0,7.0,679.0,2026-02-09,XQJ10000000026251755,订单明细20260329030548.xlsx
红塔山(硬经典100),110.0,97.0,7.0,679.0,2026-02-09,XQJ10000000026251755,订单明细20260329030548.xlsx
红塔山(硬经典100),110.0,97.0,7.0,679.0,2026-02-09,XQJ10000000026251755,订单明细20260329030548.xlsx
红塔山(硬经典100),110.0,97.0,7.0,679.0,2026-02-09,XQJ10000000026251755,订单明细20260329030548.xlsx
红塔山(硬经典100),110.0,97.0,7.0,679.0,2026-02-09,XQJ10000000026251755,订单明细20260329030548.xlsx
红塔山(硬经典100),110.0,97.0,7.0,679.0,2026-02-09,XQJ10000000026251755,订单明细20260329030548.xlsx
红塔山(细支传奇),180.0,155.0,1.0,155.0,2026-02-09,XQJ10000000026251755,订单明细20260329030548.xlsx
红塔山(细支传奇),180.0,155.0,1.0,155.0,2026-02-09,XQJ10000000026251755,订单明细20260329030548.xlsx
红塔山(细支传奇),180.0,155.0,1.0,155.0,2026-02-09,XQJ10000000026251755,订单明细20260329030548.xlsx
红塔山(细支传奇),180.0,155.0,1.0,155.0,2026-02-09,XQJ10000000026251755,订单明细20260329030548.xlsx
红塔山(细支传奇),180.0,155.0,1.0,155.0,2026-02-09,XQJ10000000026251755,订单明细20260329030548.xlsx
红塔山(细支传奇),180.0,155.0,1.0,155.0,2026-02-09,XQJ10000000026251755,订单明细20260329030548.xlsx
红旗渠(雪茄),50.0,44.5,0.0,0.0,2026-02-09,XQJ10000000026251755,订单明细20260329030548.xlsx
红旗渠(雪茄),50.0,44.5,0.0,0.0,2026-02-09,XQJ10000000026251755,订单明细20260329030548.xlsx
红旗渠(雪茄),50.0,44.5,0.0,0.0,2026-02-09,XQJ10000000026251755,订单明细20260329030548.xlsx
红旗渠(雪茄),50.0,44.5,0.0,0.0,2026-02-09,XQJ10000000026251755,订单明细20260329030548.xlsx
红旗渠(雪茄),50.0,44.5,0.0,0.0,2026-02-09,XQJ10000000026251755,订单明细20260329030548.xlsx
红旗渠(雪茄),50.0,44.5,0.0,0.0,2026-02-09,XQJ10000000026251755,订单明细20260329030548.xlsx
红河(硬88),120.0,97.0,4.0,388.0,2026-02-09,XQJ10000000026251755,订单明细20260329030548.xlsx
红河(硬88),120.0,97.0,4.0,388.0,2026-02-09,XQJ10000000026251755,订单明细20260329030548.xlsx
红河(硬88),120.0,97.0,4.0,388.0,2026-02-09,XQJ10000000026251755,订单明细20260329030548.xlsx
红河(硬88),120.0,97.0,4.0,388.0,2026-02-09,XQJ10000000026251755,订单明细20260329030548.xlsx
红河(硬88),120.0,97.0,4.0,388.0,2026-02-09,XQJ10000000026251755,订单明细20260329030548.xlsx
红河(硬88),120.0,97.0,4.0,388.0,2026-02-09,XQJ10000000026251755,订单明细20260329030548.xlsx
红河(硬99),140.0,121.9,3.0,365.7,2026-02-09,XQJ10000000026251755,订单明细20260329030548.xlsx
红河(硬99),140.0,121.9,3.0,365.7,2026-02-09,XQJ10000000026251755,订单明细20260329030548.xlsx
红河(硬99),140.0,121.9,3.0,365.7,2026-02-09,XQJ10000000026251755,订单明细20260329030548.xlsx
红河(硬99),140.0,121.9,3.0,365.7,2026-02-09,XQJ10000000026251755,订单明细20260329030548.xlsx
红河(硬99),140.0,121.9,3.0,365.7,2026-02-09,XQJ10000000026251755,订单明细20260329030548.xlsx
红河(硬99),140.0,121.9,3.0,365.7,2026-02-09,XQJ10000000026251755,订单明细20260329030548.xlsx
红河(软99),130.0,114.48,0.0,0.0,2026-02-09,XQJ10000000026251755,订单明细20260329030548.xlsx
红河(软99),130.0,114.48,0.0,0.0,2026-02-09,XQJ10000000026251755,订单明细20260329030548.xlsx
红河(软99),130.0,114.48,0.0,0.0,2026-02-09,XQJ10000000026251755,订单明细20260329030548.xlsx
红河(软99),130.0,114.48,0.0,0.0,2026-02-09,XQJ10000000026251755,订单明细20260329030548.xlsx
红河(软99),130.0,114.48,0.0,0.0,2026-02-09,XQJ10000000026251755,订单明细20260329030548.xlsx
红河(软99),130.0,114.48,0.0,0.0,2026-02-09,XQJ10000000026251755,订单明细20260329030548.xlsx
红河(软甲),65.0,57.2,0.0,0.0,2026-02-09,XQJ10000000026251755,订单明细20260329030548.xlsx
红河(软甲),65.0,57.2,0.0,0.0,2026-02-09,XQJ10000000026251755,订单明细20260329030548.xlsx
红河(软甲),65.0,57.2,0.0,0.0,2026-02-09,XQJ10000000026251755,订单明细20260329030548.xlsx
红河(软甲),65.0,57.2,0.0,0.0,2026-02-09,XQJ10000000026251755,订单明细20260329030548.xlsx
红河(软甲),65.0,57.2,0.0,0.0,2026-02-09,XQJ10000000026251755,订单明细20260329030548.xlsx
红河(软甲),65.0,57.2,0.0,0.0,2026-02-09,XQJ10000000026251755,订单明细20260329030548.xlsx
罗密欧(丘吉尔银管),11250.0,7958.25,0.0,0.0,2026-02-09,XQJ10000000026251755,订单明细20260329030548.xlsx
罗密欧(丘吉尔银管),11250.0,7958.25,0.0,0.0,2026-02-09,XQJ10000000026251755,订单明细20260329030548.xlsx
罗密欧(丘吉尔银管),11250.0,7958.25,0.0,0.0,2026-02-09,XQJ10000000026251755,订单明细20260329030548.xlsx
罗密欧(丘吉尔银管),11250.0,7958.25,0.0,0.0,2026-02-09,XQJ10000000026251755,订单明细20260329030548.xlsx
罗密欧(丘吉尔银管),11250.0,7958.25,0.0,0.0,2026-02-09,XQJ10000000026251755,订单明细20260329030548.xlsx
罗密欧(丘吉尔银管),11250.0,7958.25,0.0,0.0,2026-02-09,XQJ10000000026251755,订单明细20260329030548.xlsx
罗密欧(银管一号),4000.0,2861.25,0.0,0.0,2026-02-09,XQJ10000000026251755,订单明细20260329030548.xlsx
罗密欧(银管一号),4000.0,2861.25,0.0,0.0,2026-02-09,XQJ10000000026251755,订单明细20260329030548.xlsx
罗密欧(银管一号),4000.0,2861.25,0.0,0.0,2026-02-09,XQJ10000000026251755,订单明细20260329030548.xlsx
罗密欧(银管一号),4000.0,2861.25,0.0,0.0,2026-02-09,XQJ10000000026251755,订单明细20260329030548.xlsx
罗密欧(银管一号),4000.0,2861.25,0.0,0.0,2026-02-09,XQJ10000000026251755,订单明细20260329030548.xlsx
罗密欧(银管一号),4000.0,2861.25,0.0,0.0,2026-02-09,XQJ10000000026251755,订单明细20260329030548.xlsx
罗密欧(银管三号),3500.0,2414.75,0.0,0.0,2026-02-09,XQJ10000000026251755,订单明细20260329030548.xlsx
罗密欧(银管三号),3500.0,2414.75,0.0,0.0,2026-02-09,XQJ10000000026251755,订单明细20260329030548.xlsx
罗密欧(银管三号),3500.0,2414.75,0.0,0.0,2026-02-09,XQJ10000000026251755,订单明细20260329030548.xlsx
罗密欧(银管三号),3500.0,2414.75,0.0,0.0,2026-02-09,XQJ10000000026251755,订单明细20260329030548.xlsx
罗密欧(银管三号),3500.0,2414.75,0.0,0.0,2026-02-09,XQJ10000000026251755,订单明细20260329030548.xlsx
罗密欧(银管三号),3500.0,2414.75,0.0,0.0,2026-02-09,XQJ10000000026251755,订单明细20260329030548.xlsx
芙蓉王(品悦细支),260.0,225.0,0.0,0.0,2026-02-09,XQJ10000000026251755,订单明细20260329030548.xlsx
芙蓉王(品悦细支),260.0,225.0,0.0,0.0,2026-02-09,XQJ10000000026251755,订单明细20260329030548.xlsx
芙蓉王(品悦细支),260.0,225.0,0.0,0.0,2026-02-09,XQJ10000000026251755,订单明细20260329030548.xlsx
芙蓉王(品悦细支),260.0,225.0,0.0,0.0,2026-02-09,XQJ10000000026251755,订单明细20260329030548.xlsx
芙蓉王(品悦细支),260.0,225.0,0.0,0.0,2026-02-09,XQJ10000000026251755,订单明细20260329030548.xlsx
芙蓉王(品悦细支),260.0,225.0,0.0,0.0,2026-02-09,XQJ10000000026251755,订单明细20260329030548.xlsx
芙蓉王(沁爽细支),300.0,263.0,0.0,0.0,2026-02-09,XQJ10000000026251755,订单明细20260329030548.xlsx
芙蓉王(沁爽细支),300.0,263.0,0.0,0.0,2026-02-09,XQJ10000000026251755,订单明细20260329030548.xlsx
芙蓉王(沁爽细支),300.0,263.0,0.0,0.0,2026-02-09,XQJ10000000026251755,订单明细20260329030548.xlsx
芙蓉王(沁爽细支),300.0,263.0,0.0,0.0,2026-02-09,XQJ10000000026251755,订单明细20260329030548.xlsx
芙蓉王(沁爽细支),300.0,263.0,0.0,0.0,2026-02-09,XQJ10000000026251755,订单明细20260329030548.xlsx
芙蓉王(沁爽细支),300.0,263.0,0.0,0.0,2026-02-09,XQJ10000000026251755,订单明细20260329030548.xlsx
芙蓉王(硬),250.0,218.36,3.0,655.08,2026-02-09,XQJ10000000026251755,订单明细20260329030548.xlsx
芙蓉王(硬),250.0,218.36,3.0,655.08,2026-02-09,XQJ10000000026251755,订单明细20260329030548.xlsx
芙蓉王(硬),250.0,218.36,3.0,655.08,2026-02-09,XQJ10000000026251755,订单明细20260329030548.xlsx
芙蓉王(硬),250.0,218.36,3.0,655.08,2026-02-09,XQJ10000000026251755,订单明细20260329030548.xlsx
芙蓉王(硬),250.0,218.36,3.0,655.08,2026-02-09,XQJ10000000026251755,订单明细20260329030548.xlsx
芙蓉王(硬),250.0,218.36,3.0,655.08,2026-02-09,XQJ10000000026251755,订单明细20260329030548.xlsx
芙蓉王(硬中支),300.0,263.0,1.0,263.0,2026-02-09,XQJ10000000026251755,订单明细20260329030548.xlsx
芙蓉王(硬中支),300.0,263.0,1.0,263.0,2026-02-09,XQJ10000000026251755,订单明细20260329030548.xlsx
芙蓉王(硬中支),300.0,263.0,1.0,263.0,2026-02-09,XQJ10000000026251755,订单明细20260329030548.xlsx
芙蓉王(硬中支),300.0,263.0,1.0,263.0,2026-02-09,XQJ10000000026251755,订单明细20260329030548.xlsx
芙蓉王(硬中支),300.0,263.0,1.0,263.0,2026-02-09,XQJ10000000026251755,订单明细20260329030548.xlsx
芙蓉王(硬中支),300.0,263.0,1.0,263.0,2026-02-09,XQJ10000000026251755,订单明细20260329030548.xlsx
芙蓉王(硬闪带细支),350.0,300.0,1.0,300.0,2026-02-09,XQJ10000000026251755,订单明细20260329030548.xlsx
芙蓉王(硬闪带细支),350.0,300.0,1.0,300.0,2026-02-09,XQJ10000000026251755,订单明细20260329030548.xlsx
芙蓉王(硬闪带细支),350.0,300.0,1.0,300.0,2026-02-09,XQJ10000000026251755,订单明细20260329030548.xlsx
芙蓉王(硬闪带细支),350.0,300.0,1.0,300.0,2026-02-09,XQJ10000000026251755,订单明细20260329030548.xlsx
芙蓉王(硬闪带细支),350.0,300.0,1.0,300.0,2026-02-09,XQJ10000000026251755,订单明细20260329030548.xlsx
芙蓉王(硬闪带细支),350.0,300.0,1.0,300.0,2026-02-09,XQJ10000000026251755,订单明细20260329030548.xlsx
芙蓉王(绽放),350.0,300.0,0.0,0.0,2026-02-09,XQJ10000000026251755,订单明细20260329030548.xlsx
芙蓉王(绽放),350.0,300.0,0.0,0.0,2026-02-09,XQJ10000000026251755,订单明细20260329030548.xlsx
芙蓉王(绽放),350.0,300.0,0.0,0.0,2026-02-09,XQJ10000000026251755,订单明细20260329030548.xlsx
芙蓉王(绽放),350.0,300.0,0.0,0.0,2026-02-09,XQJ10000000026251755,订单明细20260329030548.xlsx
芙蓉王(绽放),350.0,300.0,0.0,0.0,2026-02-09,XQJ10000000026251755,订单明细20260329030548.xlsx
芙蓉王(绽放),350.0,300.0,0.0,0.0,2026-02-09,XQJ10000000026251755,订单明细20260329030548.xlsx
芙蓉王(绽放细支),400.0,339.2,0.0,0.0,2026-02-09,XQJ10000000026251755,订单明细20260329030548.xlsx
芙蓉王(绽放细支),400.0,339.2,0.0,0.0,2026-02-09,XQJ10000000026251755,订单明细20260329030548.xlsx
芙蓉王(绽放细支),400.0,339.2,0.0,0.0,2026-02-09,XQJ10000000026251755,订单明细20260329030548.xlsx
芙蓉王(绽放细支),400.0,339.2,0.0,0.0,2026-02-09,XQJ10000000026251755,订单明细20260329030548.xlsx
芙蓉王(绽放细支),400.0,339.2,0.0,0.0,2026-02-09,XQJ10000000026251755,订单明细20260329030548.xlsx
芙蓉王(绽放细支),400.0,339.2,0.0,0.0,2026-02-09,XQJ10000000026251755,订单明细20260329030548.xlsx
芙蓉王(锦绣),500.0,381.6,0.0,0.0,2026-02-09,XQJ10000000026251755,订单明细20260329030548.xlsx
芙蓉王(锦绣),500.0,381.6,0.0,0.0,2026-02-09,XQJ10000000026251755,订单明细20260329030548.xlsx
芙蓉王(锦绣),500.0,381.6,0.0,0.0,2026-02-09,XQJ10000000026251755,订单明细20260329030548.xlsx
芙蓉王(锦绣),500.0,381.6,0.0,0.0,2026-02-09,XQJ10000000026251755,订单明细20260329030548.xlsx
芙蓉王(锦绣),500.0,381.6,0.0,0.0,2026-02-09,XQJ10000000026251755,订单明细20260329030548.xlsx
芙蓉王(锦绣),500.0,381.6,0.0,0.0,2026-02-09,XQJ10000000026251755,订单明细20260329030548.xlsx
芙蓉王(锦绣世纪3mg),800.0,678.4,0.0,0.0,2026-02-09,XQJ10000000026251755,订单明细20260329030548.xlsx
芙蓉王(锦绣世纪3mg),800.0,678.4,0.0,0.0,2026-02-09,XQJ10000000026251755,订单明细20260329030548.xlsx
芙蓉王(锦绣世纪3mg),800.0,678.4,0.0,0.0,2026-02-09,XQJ10000000026251755,订单明细20260329030548.xlsx
芙蓉王(锦绣世纪3mg),800.0,678.4,0.0,0.0,2026-02-09,XQJ10000000026251755,订单明细20260329030548.xlsx
芙蓉王(锦绣世纪3mg),800.0,678.4,0.0,0.0,2026-02-09,XQJ10000000026251755,订单明细20260329030548.xlsx
芙蓉王(锦绣世纪3mg),800.0,678.4,0.0,0.0,2026-02-09,XQJ10000000026251755,订单明细20260329030548.xlsx
芙蓉王(锦绣细支),500.0,424.0,0.0,0.0,2026-02-09,XQJ10000000026251755,订单明细20260329030548.xlsx
芙蓉王(锦绣细支),500.0,424.0,0.0,0.0,2026-02-09,XQJ10000000026251755,订单明细20260329030548.xlsx
芙蓉王(锦绣细支),500.0,424.0,0.0,0.0,2026-02-09,XQJ10000000026251755,订单明细20260329030548.xlsx
芙蓉王(锦绣细支),500.0,424.0,0.0,0.0,2026-02-09,XQJ10000000026251755,订单明细20260329030548.xlsx
芙蓉王(锦绣细支),500.0,424.0,0.0,0.0,2026-02-09,XQJ10000000026251755,订单明细20260329030548.xlsx
芙蓉王(锦绣细支),500.0,424.0,0.0,0.0,2026-02-09,XQJ10000000026251755,订单明细20260329030548.xlsx
苏烟(软金砂),450.0,381.6,0.0,0.0,2026-02-09,XQJ10000000026251755,订单明细20260329030548.xlsx
苏烟(软金砂),450.0,381.6,0.0,0.0,2026-02-09,XQJ10000000026251755,订单明细20260329030548.xlsx
苏烟(软金砂),450.0,381.6,0.0,0.0,2026-02-09,XQJ10000000026251755,订单明细20260329030548.xlsx
苏烟(软金砂),450.0,381.6,0.0,0.0,2026-02-09,XQJ10000000026251755,订单明细20260329030548.xlsx
苏烟(软金砂),450.0,381.6,0.0,0.0,2026-02-09,XQJ10000000026251755,订单明细20260329030548.xlsx
苏烟(软金砂),450.0,381.6,0.0,0.0,2026-02-09,XQJ10000000026251755,订单明细20260329030548.xlsx
蒙特(埃德蒙),8250.0,5794.25,0.0,0.0,2026-02-09,XQJ10000000026251755,订单明细20260329030548.xlsx
蒙特(埃德蒙),8250.0,5794.25,0.0,0.0,2026-02-09,XQJ10000000026251755,订单明细20260329030548.xlsx
蒙特(埃德蒙),8250.0,5794.25,0.0,0.0,2026-02-09,XQJ10000000026251755,订单明细20260329030548.xlsx
蒙特(埃德蒙),8250.0,5794.25,0.0,0.0,2026-02-09,XQJ10000000026251755,订单明细20260329030548.xlsx
蒙特(埃德蒙),8250.0,5794.25,0.0,0.0,2026-02-09,XQJ10000000026251755,订单明细20260329030548.xlsx
蒙特(埃德蒙),8250.0,5794.25,0.0,0.0,2026-02-09,XQJ10000000026251755,订单明细20260329030548.xlsx
蒙特利(逍遥二号),6250.0,4399.25,0.0,0.0,2026-02-09,XQJ10000000026251755,订单明细20260329030548.xlsx
蒙特利(逍遥二号),6250.0,4399.25,0.0,0.0,2026-02-09,XQJ10000000026251755,订单明细20260329030548.xlsx
蒙特利(逍遥二号),6250.0,4399.25,0.0,0.0,2026-02-09,XQJ10000000026251755,订单明细20260329030548.xlsx
蒙特利(逍遥二号),6250.0,4399.25,0.0,0.0,2026-02-09,XQJ10000000026251755,订单明细20260329030548.xlsx
蒙特利(逍遥二号),6250.0,4399.25,0.0,0.0,2026-02-09,XQJ10000000026251755,订单明细20260329030548.xlsx
蒙特利(逍遥二号),6250.0,4399.25,0.0,0.0,2026-02-09,XQJ10000000026251755,订单明细20260329030548.xlsx
贵烟(喜),160.0,143.1,2.0,286.2,2026-02-09,XQJ10000000026251755,订单明细20260329030548.xlsx
贵烟(喜),160.0,143.1,2.0,286.2,2026-02-09,XQJ10000000026251755,订单明细20260329030548.xlsx
贵烟(喜),160.0,143.1,2.0,286.2,2026-02-09,XQJ10000000026251755,订单明细20260329030548.xlsx
贵烟(喜),160.0,143.1,2.0,286.2,2026-02-09,XQJ10000000026251755,订单明细20260329030548.xlsx
贵烟(喜),160.0,143.1,2.0,286.2,2026-02-09,XQJ10000000026251755,订单明细20260329030548.xlsx
贵烟(喜),160.0,143.1,2.0,286.2,2026-02-09,XQJ10000000026251755,订单明细20260329030548.xlsx
贵烟(山水),260.0,225.0,0.0,0.0,2026-02-09,XQJ10000000026251755,订单明细20260329030548.xlsx
贵烟(山水),260.0,225.0,0.0,0.0,2026-02-09,XQJ10000000026251755,订单明细20260329030548.xlsx
贵烟(山水),260.0,225.0,0.0,0.0,2026-02-09,XQJ10000000026251755,订单明细20260329030548.xlsx
贵烟(山水),260.0,225.0,0.0,0.0,2026-02-09,XQJ10000000026251755,订单明细20260329030548.xlsx
贵烟(山水),260.0,225.0,0.0,0.0,2026-02-09,XQJ10000000026251755,订单明细20260329030548.xlsx
贵烟(山水),260.0,225.0,0.0,0.0,2026-02-09,XQJ10000000026251755,订单明细20260329030548.xlsx
贵烟(硬黄精品),140.0,114.5,2.0,229.0,2026-02-09,XQJ10000000026251755,订单明细20260329030548.xlsx
贵烟(硬黄精品),140.0,114.5,2.0,229.0,2026-02-09,XQJ10000000026251755,订单明细20260329030548.xlsx
贵烟(硬黄精品),140.0,114.5,2.0,229.0,2026-02-09,XQJ10000000026251755,订单明细20260329030548.xlsx
贵烟(硬黄精品),140.0,114.5,2.0,229.0,2026-02-09,XQJ10000000026251755,订单明细20260329030548.xlsx
贵烟(硬黄精品),140.0,114.5,2.0,229.0,2026-02-09,XQJ10000000026251755,订单明细20260329030548.xlsx
贵烟(硬黄精品),140.0,114.5,2.0,229.0,2026-02-09,XQJ10000000026251755,订单明细20260329030548.xlsx
贵烟(萃),200.0,158.0,1.0,158.0,2026-02-09,XQJ10000000026251755,订单明细20260329030548.xlsx
贵烟(萃),200.0,158.0,1.0,158.0,2026-02-09,XQJ10000000026251755,订单明细20260329030548.xlsx
贵烟(萃),200.0,158.0,1.0,158.0,2026-02-09,XQJ10000000026251755,订单明细20260329030548.xlsx
贵烟(萃),200.0,158.0,1.0,158.0,2026-02-09,XQJ10000000026251755,订单明细20260329030548.xlsx
贵烟(萃),200.0,158.0,1.0,158.0,2026-02-09,XQJ10000000026251755,订单明细20260329030548.xlsx
贵烟(萃),200.0,158.0,1.0,158.0,2026-02-09,XQJ10000000026251755,订单明细20260329030548.xlsx
贵烟(跨越),250.0,201.4,0.0,0.0,2026-02-09,XQJ10000000026251755,订单明细20260329030548.xlsx
贵烟(跨越),250.0,201.4,0.0,0.0,2026-02-09,XQJ10000000026251755,订单明细20260329030548.xlsx
贵烟(跨越),250.0,201.4,0.0,0.0,2026-02-09,XQJ10000000026251755,订单明细20260329030548.xlsx
贵烟(跨越),250.0,201.4,0.0,0.0,2026-02-09,XQJ10000000026251755,订单明细20260329030548.xlsx
贵烟(跨越),250.0,201.4,0.0,0.0,2026-02-09,XQJ10000000026251755,订单明细20260329030548.xlsx
贵烟(跨越),250.0,201.4,0.0,0.0,2026-02-09,XQJ10000000026251755,订单明细20260329030548.xlsx
金圣(吉品),250.0,219.42,0.0,0.0,2026-02-09,XQJ10000000026251755,订单明细20260329030548.xlsx
金圣(吉品),250.0,219.42,0.0,0.0,2026-02-09,XQJ10000000026251755,订单明细20260329030548.xlsx
金圣(吉品),250.0,219.42,0.0,0.0,2026-02-09,XQJ10000000026251755,订单明细20260329030548.xlsx
金圣(吉品),250.0,219.42,0.0,0.0,2026-02-09,XQJ10000000026251755,订单明细20260329030548.xlsx
金圣(吉品),250.0,219.42,0.0,0.0,2026-02-09,XQJ10000000026251755,订单明细20260329030548.xlsx
金圣(吉品),250.0,219.42,0.0,0.0,2026-02-09,XQJ10000000026251755,订单明细20260329030548.xlsx
金圣(青瓷),180.0,158.0,0.0,0.0,2026-02-09,XQJ10000000026251755,订单明细20260329030548.xlsx
金圣(青瓷),180.0,158.0,0.0,0.0,2026-02-09,XQJ10000000026251755,订单明细20260329030548.xlsx
金圣(青瓷),180.0,158.0,0.0,0.0,2026-02-09,XQJ10000000026251755,订单明细20260329030548.xlsx
金圣(青瓷),180.0,158.0,0.0,0.0,2026-02-09,XQJ10000000026251755,订单明细20260329030548.xlsx
金圣(青瓷),180.0,158.0,0.0,0.0,2026-02-09,XQJ10000000026251755,订单明细20260329030548.xlsx
金圣(青瓷),180.0,158.0,0.0,0.0,2026-02-09,XQJ10000000026251755,订单明细20260329030548.xlsx
金桥(冰爆),200.0,175.0,0.0,0.0,2026-02-09,XQJ10000000026251755,订单明细20260329030548.xlsx
金桥(冰爆),200.0,175.0,0.0,0.0,2026-02-09,XQJ10000000026251755,订单明细20260329030548.xlsx
金桥(冰爆),200.0,175.0,0.0,0.0,2026-02-09,XQJ10000000026251755,订单明细20260329030548.xlsx
金桥(冰爆),200.0,175.0,0.0,0.0,2026-02-09,XQJ10000000026251755,订单明细20260329030548.xlsx
金桥(冰爆),200.0,175.0,0.0,0.0,2026-02-09,XQJ10000000026251755,订单明细20260329030548.xlsx
金桥(冰爆),200.0,175.0,0.0,0.0,2026-02-09,XQJ10000000026251755,订单明细20260329030548.xlsx
金桥(炫影细支),260.0,225.0,1.0,225.0,2026-02-09,XQJ10000000026251755,订单明细20260329030548.xlsx
金桥(炫影细支),260.0,225.0,1.0,225.0,2026-02-09,XQJ10000000026251755,订单明细20260329030548.xlsx
金桥(炫影细支),260.0,225.0,1.0,225.0,2026-02-09,XQJ10000000026251755,订单明细20260329030548.xlsx
金桥(炫影细支),260.0,225.0,1.0,225.0,2026-02-09,XQJ10000000026251755,订单明细20260329030548.xlsx
金桥(炫影细支),260.0,225.0,1.0,225.0,2026-02-09,XQJ10000000026251755,订单明细20260329030548.xlsx
金桥(炫影细支),260.0,225.0,1.0,225.0,2026-02-09,XQJ10000000026251755,订单明细20260329030548.xlsx
钻石(双中支荷花),450.0,381.6,0.0,0.0,2026-02-09,XQJ10000000026251755,订单明细20260329030548.xlsx
钻石(双中支荷花),450.0,381.6,0.0,0.0,2026-02-09,XQJ10000000026251755,订单明细20260329030548.xlsx
钻石(双中支荷花),450.0,381.6,0.0,0.0,2026-02-09,XQJ10000000026251755,订单明细20260329030548.xlsx
钻石(双中支荷花),450.0,381.6,0.0,0.0,2026-02-09,XQJ10000000026251755,订单明细20260329030548.xlsx
钻石(双中支荷花),450.0,381.6,0.0,0.0,2026-02-09,XQJ10000000026251755,订单明细20260329030548.xlsx
钻石(双中支荷花),450.0,381.6,0.0,0.0,2026-02-09,XQJ10000000026251755,订单明细20260329030548.xlsx
钻石(细支荷花),420.0,360.4,0.0,0.0,2026-02-09,XQJ10000000026251755,订单明细20260329030548.xlsx
钻石(细支荷花),420.0,360.4,0.0,0.0,2026-02-09,XQJ10000000026251755,订单明细20260329030548.xlsx
钻石(细支荷花),420.0,360.4,0.0,0.0,2026-02-09,XQJ10000000026251755,订单明细20260329030548.xlsx
钻石(细支荷花),420.0,360.4,0.0,0.0,2026-02-09,XQJ10000000026251755,订单明细20260329030548.xlsx
钻石(细支荷花),420.0,360.4,0.0,0.0,2026-02-09,XQJ10000000026251755,订单明细20260329030548.xlsx
钻石(细支荷花),420.0,360.4,0.0,0.0,2026-02-09,XQJ10000000026251755,订单明细20260329030548.xlsx
钻石(荷花),320.0,275.6,0.0,0.0,2026-02-09,XQJ10000000026251755,订单明细20260329030548.xlsx
钻石(荷花),320.0,275.6,0.0,0.0,2026-02-09,XQJ10000000026251755,订单明细20260329030548.xlsx
钻石(荷花),320.0,275.6,0.0,0.0,2026-02-09,XQJ10000000026251755,订单明细20260329030548.xlsx
钻石(荷花),320.0,275.6,0.0,0.0,2026-02-09,XQJ10000000026251755,订单明细20260329030548.xlsx
钻石(荷花),320.0,275.6,0.0,0.0,2026-02-09,XQJ10000000026251755,订单明细20260329030548.xlsx
钻石(荷花),320.0,275.6,0.0,0.0,2026-02-09,XQJ10000000026251755,订单明细20260329030548.xlsx
钻石(荷花小雅90mm细支),550.0,470.0,0.0,0.0,2026-02-09,XQJ10000000026251755,订单明细20260329030548.xlsx
钻石(荷花小雅90mm细支),550.0,470.0,0.0,0.0,2026-02-09,XQJ10000000026251755,订单明细20260329030548.xlsx
钻石(荷花小雅90mm细支),550.0,470.0,0.0,0.0,2026-02-09,XQJ10000000026251755,订单明细20260329030548.xlsx
钻石(荷花小雅90mm细支),550.0,470.0,0.0,0.0,2026-02-09,XQJ10000000026251755,订单明细20260329030548.xlsx
钻石(荷花小雅90mm细支),550.0,470.0,0.0,0.0,2026-02-09,XQJ10000000026251755,订单明细20260329030548.xlsx
钻石(荷花小雅90mm细支),550.0,470.0,0.0,0.0,2026-02-09,XQJ10000000026251755,订单明细20260329030548.xlsx
钻石(软荷花),500.0,339.2,0.0,0.0,2026-02-09,XQJ10000000026251755,订单明细20260329030548.xlsx
钻石(软荷花),500.0,339.2,0.0,0.0,2026-02-09,XQJ10000000026251755,订单明细20260329030548.xlsx
钻石(软荷花),500.0,339.2,0.0,0.0,2026-02-09,XQJ10000000026251755,订单明细20260329030548.xlsx
钻石(软荷花),500.0,339.2,0.0,0.0,2026-02-09,XQJ10000000026251755,订单明细20260329030548.xlsx
钻石(软荷花),500.0,339.2,0.0,0.0,2026-02-09,XQJ10000000026251755,订单明细20260329030548.xlsx
钻石(软荷花),500.0,339.2,0.0,0.0,2026-02-09,XQJ10000000026251755,订单明细20260329030548.xlsx
长城(10支132秘制),1200.0,900.0,0.0,0.0,2026-02-09,XQJ10000000026251755,订单明细20260329030548.xlsx
长城(10支132秘制),1200.0,900.0,0.0,0.0,2026-02-09,XQJ10000000026251755,订单明细20260329030548.xlsx
长城(10支132秘制),1200.0,900.0,0.0,0.0,2026-02-09,XQJ10000000026251755,订单明细20260329030548.xlsx
长城(10支132秘制),1200.0,900.0,0.0,0.0,2026-02-09,XQJ10000000026251755,订单明细20260329030548.xlsx
长城(10支132秘制),1200.0,900.0,0.0,0.0,2026-02-09,XQJ10000000026251755,订单明细20260329030548.xlsx
长城(10支132秘制),1200.0,900.0,0.0,0.0,2026-02-09,XQJ10000000026251755,订单明细20260329030548.xlsx
长城(132奇迹),1000.0,640.0,0.0,0.0,2026-02-09,XQJ10000000026251755,订单明细20260329030548.xlsx
长城(132奇迹),1000.0,640.0,0.0,0.0,2026-02-09,XQJ10000000026251755,订单明细20260329030548.xlsx
长城(132奇迹),1000.0,640.0,0.0,0.0,2026-02-09,XQJ10000000026251755,订单明细20260329030548.xlsx
长城(132奇迹),1000.0,640.0,0.0,0.0,2026-02-09,XQJ10000000026251755,订单明细20260329030548.xlsx
长城(132奇迹),1000.0,640.0,0.0,0.0,2026-02-09,XQJ10000000026251755,订单明细20260329030548.xlsx
长城(132奇迹),1000.0,640.0,0.0,0.0,2026-02-09,XQJ10000000026251755,订单明细20260329030548.xlsx
长城(132益川老坊3),2500.0,1750.0,0.0,0.0,2026-02-09,XQJ10000000026251755,订单明细20260329030548.xlsx
长城(132益川老坊3),2500.0,1750.0,0.0,0.0,2026-02-09,XQJ10000000026251755,订单明细20260329030548.xlsx
长城(132益川老坊3),2500.0,1750.0,0.0,0.0,2026-02-09,XQJ10000000026251755,订单明细20260329030548.xlsx
长城(132益川老坊3),2500.0,1750.0,0.0,0.0,2026-02-09,XQJ10000000026251755,订单明细20260329030548.xlsx
长城(132益川老坊3),2500.0,1750.0,0.0,0.0,2026-02-09,XQJ10000000026251755,订单明细20260329030548.xlsx
长城(132益川老坊3),2500.0,1750.0,0.0,0.0,2026-02-09,XQJ10000000026251755,订单明细20260329030548.xlsx
长城(132迷你3号),250.0,187.5,0.0,0.0,2026-02-09,XQJ10000000026251755,订单明细20260329030548.xlsx
长城(132迷你3号),250.0,187.5,0.0,0.0,2026-02-09,XQJ10000000026251755,订单明细20260329030548.xlsx
长城(132迷你3号),250.0,187.5,0.0,0.0,2026-02-09,XQJ10000000026251755,订单明细20260329030548.xlsx
长城(132迷你3号),250.0,187.5,0.0,0.0,2026-02-09,XQJ10000000026251755,订单明细20260329030548.xlsx
长城(132迷你3号),250.0,187.5,0.0,0.0,2026-02-09,XQJ10000000026251755,订单明细20260329030548.xlsx
长城(132迷你3号),250.0,187.5,0.0,0.0,2026-02-09,XQJ10000000026251755,订单明细20260329030548.xlsx
长城(3号),300.0,230.0,0.0,0.0,2026-02-09,XQJ10000000026251755,订单明细20260329030548.xlsx
长城(3号),300.0,230.0,0.0,0.0,2026-02-09,XQJ10000000026251755,订单明细20260329030548.xlsx
长城(3号),300.0,230.0,0.0,0.0,2026-02-09,XQJ10000000026251755,订单明细20260329030548.xlsx
长城(3号),300.0,230.0,0.0,0.0,2026-02-09,XQJ10000000026251755,订单明细20260329030548.xlsx
长城(3号),300.0,230.0,0.0,0.0,2026-02-09,XQJ10000000026251755,订单明细20260329030548.xlsx
长城(3号),300.0,230.0,0.0,0.0,2026-02-09,XQJ10000000026251755,订单明细20260329030548.xlsx
长城(GJ6号),2000.0,1200.0,0.0,0.0,2026-02-09,XQJ10000000026251755,订单明细20260329030548.xlsx
长城(GJ6号),2000.0,1200.0,0.0,0.0,2026-02-09,XQJ10000000026251755,订单明细20260329030548.xlsx
长城(GJ6号),2000.0,1200.0,0.0,0.0,2026-02-09,XQJ10000000026251755,订单明细20260329030548.xlsx
长城(GJ6号),2000.0,1200.0,0.0,0.0,2026-02-09,XQJ10000000026251755,订单明细20260329030548.xlsx
长城(GJ6号),2000.0,1200.0,0.0,0.0,2026-02-09,XQJ10000000026251755,订单明细20260329030548.xlsx
长城(GJ6号),2000.0,1200.0,0.0,0.0,2026-02-09,XQJ10000000026251755,订单明细20260329030548.xlsx
长城(GL3号),3080.0,1680.0,0.0,0.0,2026-02-09,XQJ10000000026251755,订单明细20260329030548.xlsx
长城(GL3号),3080.0,1680.0,0.0,0.0,2026-02-09,XQJ10000000026251755,订单明细20260329030548.xlsx
长城(GL3号),3080.0,1680.0,0.0,0.0,2026-02-09,XQJ10000000026251755,订单明细20260329030548.xlsx
长城(GL3号),3080.0,1680.0,0.0,0.0,2026-02-09,XQJ10000000026251755,订单明细20260329030548.xlsx
长城(GL3号),3080.0,1680.0,0.0,0.0,2026-02-09,XQJ10000000026251755,订单明细20260329030548.xlsx
长城(GL3号),3080.0,1680.0,0.0,0.0,2026-02-09,XQJ10000000026251755,订单明细20260329030548.xlsx
长城(唯佳金字塔),1700.0,1150.0,0.0,0.0,2026-02-09,XQJ10000000026251755,订单明细20260329030548.xlsx
长城(唯佳金字塔),1700.0,1150.0,0.0,0.0,2026-02-09,XQJ10000000026251755,订单明细20260329030548.xlsx
长城(唯佳金字塔),1700.0,1150.0,0.0,0.0,2026-02-09,XQJ10000000026251755,订单明细20260329030548.xlsx
长城(唯佳金字塔),1700.0,1150.0,0.0,0.0,2026-02-09,XQJ10000000026251755,订单明细20260329030548.xlsx
长城(唯佳金字塔),1700.0,1150.0,0.0,0.0,2026-02-09,XQJ10000000026251755,订单明细20260329030548.xlsx
长城(唯佳金字塔),1700.0,1150.0,0.0,0.0,2026-02-09,XQJ10000000026251755,订单明细20260329030548.xlsx
长城(大号铝管5支),250.0,190.0,0.0,0.0,2026-02-09,XQJ10000000026251755,订单明细20260329030548.xlsx
长城(大号铝管5支),250.0,190.0,0.0,0.0,2026-02-09,XQJ10000000026251755,订单明细20260329030548.xlsx
长城(大号铝管5支),250.0,190.0,0.0,0.0,2026-02-09,XQJ10000000026251755,订单明细20260329030548.xlsx
长城(大号铝管5支),250.0,190.0,0.0,0.0,2026-02-09,XQJ10000000026251755,订单明细20260329030548.xlsx
长城(大号铝管5支),250.0,190.0,0.0,0.0,2026-02-09,XQJ10000000026251755,订单明细20260329030548.xlsx
长城(大号铝管5支),250.0,190.0,0.0,0.0,2026-02-09,XQJ10000000026251755,订单明细20260329030548.xlsx
长城(导师6号),1500.0,1050.0,0.0,0.0,2026-02-09,XQJ10000000026251755,订单明细20260329030548.xlsx
长城(导师6号),1500.0,1050.0,0.0,0.0,2026-02-09,XQJ10000000026251755,订单明细20260329030548.xlsx
长城(导师6号),1500.0,1050.0,0.0,0.0,2026-02-09,XQJ10000000026251755,订单明细20260329030548.xlsx
长城(导师6号),1500.0,1050.0,0.0,0.0,2026-02-09,XQJ10000000026251755,订单明细20260329030548.xlsx
长城(导师6号),1500.0,1050.0,0.0,0.0,2026-02-09,XQJ10000000026251755,订单明细20260329030548.xlsx
长城(导师6号),1500.0,1050.0,0.0,0.0,2026-02-09,XQJ10000000026251755,订单明细20260329030548.xlsx
长城(揽胜1号),1600.0,1120.0,0.0,0.0,2026-02-09,XQJ10000000026251755,订单明细20260329030548.xlsx
长城(揽胜1号),1600.0,1120.0,0.0,0.0,2026-02-09,XQJ10000000026251755,订单明细20260329030548.xlsx
长城(揽胜1号),1600.0,1120.0,0.0,0.0,2026-02-09,XQJ10000000026251755,订单明细20260329030548.xlsx
长城(揽胜1号),1600.0,1120.0,0.0,0.0,2026-02-09,XQJ10000000026251755,订单明细20260329030548.xlsx
长城(揽胜1号),1600.0,1120.0,0.0,0.0,2026-02-09,XQJ10000000026251755,订单明细20260329030548.xlsx
长城(揽胜1号),1600.0,1120.0,0.0,0.0,2026-02-09,XQJ10000000026251755,订单明细20260329030548.xlsx
长城(揽胜3号经典),800.0,600.0,0.0,0.0,2026-02-09,XQJ10000000026251755,订单明细20260329030548.xlsx
长城(揽胜3号经典),800.0,600.0,0.0,0.0,2026-02-09,XQJ10000000026251755,订单明细20260329030548.xlsx
长城(揽胜3号经典),800.0,600.0,0.0,0.0,2026-02-09,XQJ10000000026251755,订单明细20260329030548.xlsx
长城(揽胜3号经典),800.0,600.0,0.0,0.0,2026-02-09,XQJ10000000026251755,订单明细20260329030548.xlsx
长城(揽胜3号经典),800.0,600.0,0.0,0.0,2026-02-09,XQJ10000000026251755,订单明细20260329030548.xlsx
长城(揽胜3号经典),800.0,600.0,0.0,0.0,2026-02-09,XQJ10000000026251755,订单明细20260329030548.xlsx
长城(生肖版),1500.0,1120.0,0.0,0.0,2026-02-09,XQJ10000000026251755,订单明细20260329030548.xlsx
长城(生肖版),1500.0,1120.0,0.0,0.0,2026-02-09,XQJ10000000026251755,订单明细20260329030548.xlsx
长城(生肖版),1500.0,1120.0,0.0,0.0,2026-02-09,XQJ10000000026251755,订单明细20260329030548.xlsx
长城(生肖版),1500.0,1120.0,0.0,0.0,2026-02-09,XQJ10000000026251755,订单明细20260329030548.xlsx
长城(生肖版),1500.0,1120.0,0.0,0.0,2026-02-09,XQJ10000000026251755,订单明细20260329030548.xlsx
长城(生肖版),1500.0,1120.0,0.0,0.0,2026-02-09,XQJ10000000026251755,订单明细20260329030548.xlsx
长城(盛世3号),880.0,616.0,0.0,0.0,2026-02-09,XQJ10000000026251755,订单明细20260329030548.xlsx
长城(盛世3号),880.0,616.0,0.0,0.0,2026-02-09,XQJ10000000026251755,订单明细20260329030548.xlsx
长城(盛世3号),880.0,616.0,0.0,0.0,2026-02-09,XQJ10000000026251755,订单明细20260329030548.xlsx
长城(盛世3号),880.0,616.0,0.0,0.0,2026-02-09,XQJ10000000026251755,订单明细20260329030548.xlsx
长城(盛世3号),880.0,616.0,0.0,0.0,2026-02-09,XQJ10000000026251755,订单明细20260329030548.xlsx
长城(盛世3号),880.0,616.0,0.0,0.0,2026-02-09,XQJ10000000026251755,订单明细20260329030548.xlsx
长城(盛世5号),300.0,230.0,0.0,0.0,2026-02-09,XQJ10000000026251755,订单明细20260329030548.xlsx
长城(盛世5号),300.0,230.0,0.0,0.0,2026-02-09,XQJ10000000026251755,订单明细20260329030548.xlsx
长城(盛世5号),300.0,230.0,0.0,0.0,2026-02-09,XQJ10000000026251755,订单明细20260329030548.xlsx
长城(盛世5号),300.0,230.0,0.0,0.0,2026-02-09,XQJ10000000026251755,订单明细20260329030548.xlsx
长城(盛世5号),300.0,230.0,0.0,0.0,2026-02-09,XQJ10000000026251755,订单明细20260329030548.xlsx
长城(盛世5号),300.0,230.0,0.0,0.0,2026-02-09,XQJ10000000026251755,订单明细20260329030548.xlsx
长城(盛世6号),840.0,588.0,0.0,0.0,2026-02-09,XQJ10000000026251755,订单明细20260329030548.xlsx
长城(盛世6号),840.0,588.0,0.0,0.0,2026-02-09,XQJ10000000026251755,订单明细20260329030548.xlsx
长城(盛世6号),840.0,588.0,0.0,0.0,2026-02-09,XQJ10000000026251755,订单明细20260329030548.xlsx
长城(盛世6号),840.0,588.0,0.0,0.0,2026-02-09,XQJ10000000026251755,订单明细20260329030548.xlsx
长城(盛世6号),840.0,588.0,0.0,0.0,2026-02-09,XQJ10000000026251755,订单明细20260329030548.xlsx
长城(盛世6号),840.0,588.0,0.0,0.0,2026-02-09,XQJ10000000026251755,订单明细20260329030548.xlsx
长城(红色132),200.0,150.0,0.0,0.0,2026-02-09,XQJ10000000026251755,订单明细20260329030548.xlsx
长城(红色132),200.0,150.0,0.0,0.0,2026-02-09,XQJ10000000026251755,订单明细20260329030548.xlsx
长城(红色132),200.0,150.0,0.0,0.0,2026-02-09,XQJ10000000026251755,订单明细20260329030548.xlsx
长城(红色132),200.0,150.0,0.0,0.0,2026-02-09,XQJ10000000026251755,订单明细20260329030548.xlsx
长城(红色132),200.0,150.0,0.0,0.0,2026-02-09,XQJ10000000026251755,订单明细20260329030548.xlsx
长城(红色132),200.0,150.0,0.0,0.0,2026-02-09,XQJ10000000026251755,订单明细20260329030548.xlsx
长城(经典3号),500.0,380.0,0.0,0.0,2026-02-09,XQJ10000000026251755,订单明细20260329030548.xlsx
长城(经典3号),500.0,380.0,0.0,0.0,2026-02-09,XQJ10000000026251755,订单明细20260329030548.xlsx
长城(经典3号),500.0,380.0,0.0,0.0,2026-02-09,XQJ10000000026251755,订单明细20260329030548.xlsx
长城(经典3号),500.0,380.0,0.0,0.0,2026-02-09,XQJ10000000026251755,订单明细20260329030548.xlsx
长城(经典3号),500.0,380.0,0.0,0.0,2026-02-09,XQJ10000000026251755,订单明细20260329030548.xlsx
长城(经典3号),500.0,380.0,0.0,0.0,2026-02-09,XQJ10000000026251755,订单明细20260329030548.xlsx
长城(迷你香草),260.0,200.0,0.0,0.0,2026-02-09,XQJ10000000026251755,订单明细20260329030548.xlsx
长城(迷你香草),260.0,200.0,0.0,0.0,2026-02-09,XQJ10000000026251755,订单明细20260329030548.xlsx
长城(迷你香草),260.0,200.0,0.0,0.0,2026-02-09,XQJ10000000026251755,订单明细20260329030548.xlsx
长城(迷你香草),260.0,200.0,0.0,0.0,2026-02-09,XQJ10000000026251755,订单明细20260329030548.xlsx
长城(迷你香草),260.0,200.0,0.0,0.0,2026-02-09,XQJ10000000026251755,订单明细20260329030548.xlsx
长城(迷你香草),260.0,200.0,0.0,0.0,2026-02-09,XQJ10000000026251755,订单明细20260329030548.xlsx
长城(醇雅薄荷),180.0,158.4,0.0,0.0,2026-02-09,XQJ10000000026251755,订单明细20260329030548.xlsx
长城(醇雅薄荷),180.0,158.4,0.0,0.0,2026-02-09,XQJ10000000026251755,订单明细20260329030548.xlsx
长城(醇雅薄荷),180.0,158.4,0.0,0.0,2026-02-09,XQJ10000000026251755,订单明细20260329030548.xlsx
长城(醇雅薄荷),180.0,158.4,0.0,0.0,2026-02-09,XQJ10000000026251755,订单明细20260329030548.xlsx
长城(醇雅薄荷),180.0,158.4,0.0,0.0,2026-02-09,XQJ10000000026251755,订单明细20260329030548.xlsx
长城(醇雅薄荷),180.0,158.4,0.0,0.0,2026-02-09,XQJ10000000026251755,订单明细20260329030548.xlsx
长白山(777),150.0,121.9,0.0,0.0,2026-02-09,XQJ10000000026251755,订单明细20260329030548.xlsx
长白山(777),150.0,121.9,0.0,0.0,2026-02-09,XQJ10000000026251755,订单明细20260329030548.xlsx
长白山(777),150.0,121.9,0.0,0.0,2026-02-09,XQJ10000000026251755,订单明细20260329030548.xlsx
长白山(777),150.0,121.9,0.0,0.0,2026-02-09,XQJ10000000026251755,订单明细20260329030548.xlsx
长白山(777),150.0,121.9,0.0,0.0,2026-02-09,XQJ10000000026251755,订单明细20260329030548.xlsx
长白山(777),150.0,121.9,0.0,0.0,2026-02-09,XQJ10000000026251755,订单明细20260329030548.xlsx
长白山(蓝尚),180.0,158.0,1.0,158.0,2026-02-09,XQJ10000000026251755,订单明细20260329030548.xlsx
长白山(蓝尚),180.0,158.0,1.0,158.0,2026-02-09,XQJ10000000026251755,订单明细20260329030548.xlsx
长白山(蓝尚),180.0,158.0,1.0,158.0,2026-02-09,XQJ10000000026251755,订单明细20260329030548.xlsx
长白山(蓝尚),180.0,158.0,1.0,158.0,2026-02-09,XQJ10000000026251755,订单明细20260329030548.xlsx
长白山(蓝尚),180.0,158.0,1.0,158.0,2026-02-09,XQJ10000000026251755,订单明细20260329030548.xlsx
长白山(蓝尚),180.0,158.0,1.0,158.0,2026-02-09,XQJ10000000026251755,订单明细20260329030548.xlsx
阿里山(天韵),150.0,132.5,0.0,0.0,2026-02-09,XQJ10000000026251755,订单明细20260329030548.xlsx
阿里山(天韵),150.0,132.5,0.0,0.0,2026-02-09,XQJ10000000026251755,订单明细20260329030548.xlsx
阿里山(天韵),150.0,132.5,0.0,0.0,2026-02-09,XQJ10000000026251755,订单明细20260329030548.xlsx
阿里山(天韵),150.0,132.5,0.0,0.0,2026-02-09,XQJ10000000026251755,订单明细20260329030548.xlsx
阿里山(天韵),150.0,132.5,0.0,0.0,2026-02-09,XQJ10000000026251755,订单明细20260329030548.xlsx
阿里山(天韵),150.0,132.5,0.0,0.0,2026-02-09,XQJ10000000026251755,订单明细20260329030548.xlsx
高希霸(世纪四),13500.0,9362.75,0.0,0.0,2026-02-09,XQJ10000000026251755,订单明细20260329030548.xlsx
高希霸(世纪四),13500.0,9362.75,0.0,0.0,2026-02-09,XQJ10000000026251755,订单明细20260329030548.xlsx
高希霸(世纪四),13500.0,9362.75,0.0,0.0,2026-02-09,XQJ10000000026251755,订单明细20260329030548.xlsx
高希霸(世纪四),13500.0,9362.75,0.0,0.0,2026-02-09,XQJ10000000026251755,订单明细20260329030548.xlsx
高希霸(世纪四),13500.0,9362.75,0.0,0.0,2026-02-09,XQJ10000000026251755,订单明细20260329030548.xlsx
高希霸(世纪四),13500.0,9362.75,0.0,0.0,2026-02-09,XQJ10000000026251755,订单明细20260329030548.xlsx
高希霸(罗布图木盒25支装),13750.0,9604.25,0.0,0.0,2026-02-09,XQJ10000000026251755,订单明细20260329030548.xlsx
高希霸(罗布图木盒25支装),13750.0,9604.25,0.0,0.0,2026-02-09,XQJ10000000026251755,订单明细20260329030548.xlsx
高希霸(罗布图木盒25支装),13750.0,9604.25,0.0,0.0,2026-02-09,XQJ10000000026251755,订单明细20260329030548.xlsx
高希霸(罗布图木盒25支装),13750.0,9604.25,0.0,0.0,2026-02-09,XQJ10000000026251755,订单明细20260329030548.xlsx
高希霸(罗布图木盒25支装),13750.0,9604.25,0.0,0.0,2026-02-09,XQJ10000000026251755,订单明细20260329030548.xlsx
高希霸(罗布图木盒25支装),13750.0,9604.25,0.0,0.0,2026-02-09,XQJ10000000026251755,订单明细20260329030548.xlsx
黄山(徽商新概念细支),500.0,339.2,0.0,0.0,2026-02-09,XQJ10000000026251755,订单明细20260329030548.xlsx
黄山(徽商新概念细支),500.0,339.2,0.0,0.0,2026-02-09,XQJ10000000026251755,订单明细20260329030548.xlsx
黄山(徽商新概念细支),500.0,339.2,0.0,0.0,2026-02-09,XQJ10000000026251755,订单明细20260329030548.xlsx
黄山(徽商新概念细支),500.0,339.2,0.0,0.0,2026-02-09,XQJ10000000026251755,订单明细20260329030548.xlsx
黄山(徽商新概念细支),500.0,339.2,0.0,0.0,2026-02-09,XQJ10000000026251755,订单明细20260329030548.xlsx
黄山(徽商新概念细支),500.0,339.2,0.0,0.0,2026-02-09,XQJ10000000026251755,订单明细20260329030548.xlsx
黄山(新制皖烟),140.0,121.9,0.0,0.0,2026-02-09,XQJ10000000026251755,订单明细20260329030548.xlsx
黄山(新制皖烟),140.0,121.9,0.0,0.0,2026-02-09,XQJ10000000026251755,订单明细20260329030548.xlsx
黄山(新制皖烟),140.0,121.9,0.0,0.0,2026-02-09,XQJ10000000026251755,订单明细20260329030548.xlsx
黄山(新制皖烟),140.0,121.9,0.0,0.0,2026-02-09,XQJ10000000026251755,订单明细20260329030548.xlsx
黄山(新制皖烟),140.0,121.9,0.0,0.0,2026-02-09,XQJ10000000026251755,订单明细20260329030548.xlsx
黄山(新制皖烟),140.0,121.9,0.0,0.0,2026-02-09,XQJ10000000026251755,订单明细20260329030548.xlsx
黄果树(佳品),70.0,61.5,0.0,0.0,2026-02-09,XQJ10000000026251755,订单明细20260329030548.xlsx
黄果树(佳品),70.0,61.5,0.0,0.0,2026-02-09,XQJ10000000026251755,订单明细20260329030548.xlsx
黄果树(佳品),70.0,61.5,0.0,0.0,2026-02-09,XQJ10000000026251755,订单明细20260329030548.xlsx
黄果树(佳品),70.0,61.5,0.0,0.0,2026-02-09,XQJ10000000026251755,订单明细20260329030548.xlsx
黄果树(佳品),70.0,61.5,0.0,0.0,2026-02-09,XQJ10000000026251755,订单明细20260329030548.xlsx
黄果树(佳品),70.0,61.5,0.0,0.0,2026-02-09,XQJ10000000026251755,订单明细20260329030548.xlsx
黄金叶(乐途),140.0,121.9,1.0,121.9,2026-02-09,XQJ10000000026251755,订单明细20260329030548.xlsx
黄金叶(乐途),140.0,121.9,1.0,121.9,2026-02-09,XQJ10000000026251755,订单明细20260329030548.xlsx
黄金叶(乐途),140.0,121.9,1.0,121.9,2026-02-09,XQJ10000000026251755,订单明细20260329030548.xlsx
黄金叶(乐途),140.0,121.9,1.0,121.9,2026-02-09,XQJ10000000026251755,订单明细20260329030548.xlsx
黄金叶(乐途),140.0,121.9,1.0,121.9,2026-02-09,XQJ10000000026251755,订单明细20260329030548.xlsx
黄金叶(乐途),140.0,121.9,1.0,121.9,2026-02-09,XQJ10000000026251755,订单明细20260329030548.xlsx
黄金叶(商鼎),200.0,175.0,1.0,175.0,2026-02-09,XQJ10000000026251755,订单明细20260329030548.xlsx
黄金叶(商鼎),200.0,175.0,1.0,175.0,2026-02-09,XQJ10000000026251755,订单明细20260329030548.xlsx
黄金叶(商鼎),200.0,175.0,1.0,175.0,2026-02-09,XQJ10000000026251755,订单明细20260329030548.xlsx
黄金叶(商鼎),200.0,175.0,1.0,175.0,2026-02-09,XQJ10000000026251755,订单明细20260329030548.xlsx
黄金叶(商鼎),200.0,175.0,1.0,175.0,2026-02-09,XQJ10000000026251755,订单明细20260329030548.xlsx
黄金叶(商鼎),200.0,175.0,1.0,175.0,2026-02-09,XQJ10000000026251755,订单明细20260329030548.xlsx
黄金叶(大成细支),350.0,263.0,1.0,263.0,2026-02-09,XQJ10000000026251755,订单明细20260329030548.xlsx
黄金叶(大成细支),350.0,263.0,1.0,263.0,2026-02-09,XQJ10000000026251755,订单明细20260329030548.xlsx
黄金叶(大成细支),350.0,263.0,1.0,263.0,2026-02-09,XQJ10000000026251755,订单明细20260329030548.xlsx
黄金叶(大成细支),350.0,263.0,1.0,263.0,2026-02-09,XQJ10000000026251755,订单明细20260329030548.xlsx
黄金叶(大成细支),350.0,263.0,1.0,263.0,2026-02-09,XQJ10000000026251755,订单明细20260329030548.xlsx
黄金叶(大成细支),350.0,263.0,1.0,263.0,2026-02-09,XQJ10000000026251755,订单明细20260329030548.xlsx
黄金叶(天叶),1000.0,678.4,0.0,0.0,2026-02-09,XQJ10000000026251755,订单明细20260329030548.xlsx
黄金叶(天叶),1000.0,678.4,0.0,0.0,2026-02-09,XQJ10000000026251755,订单明细20260329030548.xlsx
黄金叶(天叶),1000.0,678.4,0.0,0.0,2026-02-09,XQJ10000000026251755,订单明细20260329030548.xlsx
黄金叶(天叶),1000.0,678.4,0.0,0.0,2026-02-09,XQJ10000000026251755,订单明细20260329030548.xlsx
黄金叶(天叶),1000.0,678.4,0.0,0.0,2026-02-09,XQJ10000000026251755,订单明细20260329030548.xlsx
黄金叶(天叶),1000.0,678.4,0.0,0.0,2026-02-09,XQJ10000000026251755,订单明细20260329030548.xlsx
黄金叶(天叶中支),1200.0,1000.0,0.0,0.0,2026-02-09,XQJ10000000026251755,订单明细20260329030548.xlsx
黄金叶(天叶中支),1200.0,1000.0,0.0,0.0,2026-02-09,XQJ10000000026251755,订单明细20260329030548.xlsx
黄金叶(天叶中支),1200.0,1000.0,0.0,0.0,2026-02-09,XQJ10000000026251755,订单明细20260329030548.xlsx
黄金叶(天叶中支),1200.0,1000.0,0.0,0.0,2026-02-09,XQJ10000000026251755,订单明细20260329030548.xlsx
黄金叶(天叶中支),1200.0,1000.0,0.0,0.0,2026-02-09,XQJ10000000026251755,订单明细20260329030548.xlsx
黄金叶(天叶中支),1200.0,1000.0,0.0,0.0,2026-02-09,XQJ10000000026251755,订单明细20260329030548.xlsx
黄金叶(天叶细支),1000.0,848.0,1.0,848.0,2026-02-09,XQJ10000000026251755,订单明细20260329030548.xlsx
黄金叶(天叶细支),1000.0,848.0,1.0,848.0,2026-02-09,XQJ10000000026251755,订单明细20260329030548.xlsx
黄金叶(天叶细支),1000.0,848.0,1.0,848.0,2026-02-09,XQJ10000000026251755,订单明细20260329030548.xlsx
黄金叶(天叶细支),1000.0,848.0,1.0,848.0,2026-02-09,XQJ10000000026251755,订单明细20260329030548.xlsx
黄金叶(天叶细支),1000.0,848.0,1.0,848.0,2026-02-09,XQJ10000000026251755,订单明细20260329030548.xlsx
黄金叶(天叶细支),1000.0,848.0,1.0,848.0,2026-02-09,XQJ10000000026251755,订单明细20260329030548.xlsx
黄金叶(天香中支),550.0,424.0,0.0,0.0,2026-02-09,XQJ10000000026251755,订单明细20260329030548.xlsx
黄金叶(天香中支),550.0,424.0,0.0,0.0,2026-02-09,XQJ10000000026251755,订单明细20260329030548.xlsx
黄金叶(天香中支),550.0,424.0,0.0,0.0,2026-02-09,XQJ10000000026251755,订单明细20260329030548.xlsx
黄金叶(天香中支),550.0,424.0,0.0,0.0,2026-02-09,XQJ10000000026251755,订单明细20260329030548.xlsx
黄金叶(天香中支),550.0,424.0,0.0,0.0,2026-02-09,XQJ10000000026251755,订单明细20260329030548.xlsx
黄金叶(天香中支),550.0,424.0,0.0,0.0,2026-02-09,XQJ10000000026251755,订单明细20260329030548.xlsx
黄金叶(天香细支),550.0,455.8,2.0,911.6,2026-02-09,XQJ10000000026251755,订单明细20260329030548.xlsx
黄金叶(天香细支),550.0,455.8,2.0,911.6,2026-02-09,XQJ10000000026251755,订单明细20260329030548.xlsx
黄金叶(天香细支),550.0,455.8,2.0,911.6,2026-02-09,XQJ10000000026251755,订单明细20260329030548.xlsx
黄金叶(天香细支),550.0,455.8,2.0,911.6,2026-02-09,XQJ10000000026251755,订单明细20260329030548.xlsx
黄金叶(天香细支),550.0,455.8,2.0,911.6,2026-02-09,XQJ10000000026251755,订单明细20260329030548.xlsx
黄金叶(天香细支),550.0,455.8,2.0,911.6,2026-02-09,XQJ10000000026251755,订单明细20260329030548.xlsx
黄金叶(浓香细支),300.0,263.0,0.0,0.0,2026-02-09,XQJ10000000026251755,订单明细20260329030548.xlsx
黄金叶(浓香细支),300.0,263.0,0.0,0.0,2026-02-09,XQJ10000000026251755,订单明细20260329030548.xlsx
黄金叶(浓香细支),300.0,263.0,0.0,0.0,2026-02-09,XQJ10000000026251755,订单明细20260329030548.xlsx
黄金叶(浓香细支),300.0,263.0,0.0,0.0,2026-02-09,XQJ10000000026251755,订单明细20260329030548.xlsx
黄金叶(浓香细支),300.0,263.0,0.0,0.0,2026-02-09,XQJ10000000026251755,订单明细20260329030548.xlsx
黄金叶(浓香细支),300.0,263.0,0.0,0.0,2026-02-09,XQJ10000000026251755,订单明细20260329030548.xlsx
黄金叶(炫尚),200.0,175.0,0.0,0.0,2026-02-09,XQJ10000000026251755,订单明细20260329030548.xlsx
黄金叶(炫尚),200.0,175.0,0.0,0.0,2026-02-09,XQJ10000000026251755,订单明细20260329030548.xlsx
黄金叶(炫尚),200.0,175.0,0.0,0.0,2026-02-09,XQJ10000000026251755,订单明细20260329030548.xlsx
黄金叶(炫尚),200.0,175.0,0.0,0.0,2026-02-09,XQJ10000000026251755,订单明细20260329030548.xlsx
黄金叶(炫尚),200.0,175.0,0.0,0.0,2026-02-09,XQJ10000000026251755,订单明细20260329030548.xlsx
黄金叶(炫尚),200.0,175.0,0.0,0.0,2026-02-09,XQJ10000000026251755,订单明细20260329030548.xlsx
黄金叶(爱尚),160.0,139.92,0.0,0.0,2026-02-09,XQJ10000000026251755,订单明细20260329030548.xlsx
黄金叶(爱尚),160.0,139.92,0.0,0.0,2026-02-09,XQJ10000000026251755,订单明细20260329030548.xlsx
黄金叶(爱尚),160.0,139.92,0.0,0.0,2026-02-09,XQJ10000000026251755,订单明细20260329030548.xlsx
黄金叶(爱尚),160.0,139.92,0.0,0.0,2026-02-09,XQJ10000000026251755,订单明细20260329030548.xlsx
黄金叶(爱尚),160.0,139.92,0.0,0.0,2026-02-09,XQJ10000000026251755,订单明细20260329030548.xlsx
黄金叶(爱尚),160.0,139.92,0.0,0.0,2026-02-09,XQJ10000000026251755,订单明细20260329030548.xlsx
黄金叶(软天叶),900.0,763.2,0.0,0.0,2026-02-09,XQJ10000000026251755,订单明细20260329030548.xlsx
黄金叶(软天叶),900.0,763.2,0.0,0.0,2026-02-09,XQJ10000000026251755,订单明细20260329030548.xlsx
黄金叶(软天叶),900.0,763.2,0.0,0.0,2026-02-09,XQJ10000000026251755,订单明细20260329030548.xlsx
黄金叶(软天叶),900.0,763.2,0.0,0.0,2026-02-09,XQJ10000000026251755,订单明细20260329030548.xlsx
黄金叶(软天叶),900.0,763.2,0.0,0.0,2026-02-09,XQJ10000000026251755,订单明细20260329030548.xlsx
黄金叶(软天叶),900.0,763.2,0.0,0.0,2026-02-09,XQJ10000000026251755,订单明细20260329030548.xlsx
黄鹤楼(1916雪之梦3号),1800.0,1200.0,0.0,0.0,2026-02-09,XQJ10000000026251755,订单明细20260329030548.xlsx
黄鹤楼(1916雪之梦3号),1800.0,1200.0,0.0,0.0,2026-02-09,XQJ10000000026251755,订单明细20260329030548.xlsx
黄鹤楼(1916雪之梦3号),1800.0,1200.0,0.0,0.0,2026-02-09,XQJ10000000026251755,订单明细20260329030548.xlsx
黄鹤楼(1916雪之梦3号),1800.0,1200.0,0.0,0.0,2026-02-09,XQJ10000000026251755,订单明细20260329030548.xlsx
黄鹤楼(1916雪之梦3号),1800.0,1200.0,0.0,0.0,2026-02-09,XQJ10000000026251755,订单明细20260329030548.xlsx
黄鹤楼(1916雪之梦3号),1800.0,1200.0,0.0,0.0,2026-02-09,XQJ10000000026251755,订单明细20260329030548.xlsx
黄鹤楼(冰咖),260.0,225.0,0.0,0.0,2026-02-09,XQJ10000000026251755,订单明细20260329030548.xlsx
黄鹤楼(冰咖),260.0,225.0,0.0,0.0,2026-02-09,XQJ10000000026251755,订单明细20260329030548.xlsx
黄鹤楼(冰咖),260.0,225.0,0.0,0.0,2026-02-09,XQJ10000000026251755,订单明细20260329030548.xlsx
黄鹤楼(冰咖),260.0,225.0,0.0,0.0,2026-02-09,XQJ10000000026251755,订单明细20260329030548.xlsx
黄鹤楼(冰咖),260.0,225.0,0.0,0.0,2026-02-09,XQJ10000000026251755,订单明细20260329030548.xlsx
黄鹤楼(冰咖),260.0,225.0,0.0,0.0,2026-02-09,XQJ10000000026251755,订单明细20260329030548.xlsx
黄鹤楼(天下名楼),160.0,139.92,0.0,0.0,2026-02-09,XQJ10000000026251755,订单明细20260329030548.xlsx
黄鹤楼(天下名楼),160.0,139.92,0.0,0.0,2026-02-09,XQJ10000000026251755,订单明细20260329030548.xlsx
黄鹤楼(天下名楼),160.0,139.92,0.0,0.0,2026-02-09,XQJ10000000026251755,订单明细20260329030548.xlsx
黄鹤楼(天下名楼),160.0,139.92,0.0,0.0,2026-02-09,XQJ10000000026251755,订单明细20260329030548.xlsx
黄鹤楼(天下名楼),160.0,139.92,0.0,0.0,2026-02-09,XQJ10000000026251755,订单明细20260329030548.xlsx
黄鹤楼(天下名楼),160.0,139.92,0.0,0.0,2026-02-09,XQJ10000000026251755,订单明细20260329030548.xlsx
黄鹤楼(炫彩),400.0,280.0,0.0,0.0,2026-02-09,XQJ10000000026251755,订单明细20260329030548.xlsx
黄鹤楼(炫彩),400.0,280.0,0.0,0.0,2026-02-09,XQJ10000000026251755,订单明细20260329030548.xlsx
黄鹤楼(炫彩),400.0,280.0,0.0,0.0,2026-02-09,XQJ10000000026251755,订单明细20260329030548.xlsx
黄鹤楼(炫彩),400.0,280.0,0.0,0.0,2026-02-09,XQJ10000000026251755,订单明细20260329030548.xlsx
黄鹤楼(炫彩),400.0,280.0,0.0,0.0,2026-02-09,XQJ10000000026251755,订单明细20260329030548.xlsx
黄鹤楼(炫彩),400.0,280.0,0.0,0.0,2026-02-09,XQJ10000000026251755,订单明细20260329030548.xlsx
黄鹤楼(硬15细支),1000.0,848.0,0.0,0.0,2026-02-09,XQJ10000000026251755,订单明细20260329030548.xlsx
黄鹤楼(硬15细支),1000.0,848.0,0.0,0.0,2026-02-09,XQJ10000000026251755,订单明细20260329030548.xlsx
黄鹤楼(硬15细支),1000.0,848.0,0.0,0.0,2026-02-09,XQJ10000000026251755,订单明细20260329030548.xlsx
黄鹤楼(硬15细支),1000.0,848.0,0.0,0.0,2026-02-09,XQJ10000000026251755,订单明细20260329030548.xlsx
黄鹤楼(硬15细支),1000.0,848.0,0.0,0.0,2026-02-09,XQJ10000000026251755,订单明细20260329030548.xlsx
黄鹤楼(硬15细支),1000.0,848.0,0.0,0.0,2026-02-09,XQJ10000000026251755,订单明细20260329030548.xlsx
黄鹤楼(硬1916),1000.0,848.0,0.0,0.0,2026-02-09,XQJ10000000026251755,订单明细20260329030548.xlsx
黄鹤楼(硬1916),1000.0,848.0,0.0,0.0,2026-02-09,XQJ10000000026251755,订单明细20260329030548.xlsx
黄鹤楼(硬1916),1000.0,848.0,0.0,0.0,2026-02-09,XQJ10000000026251755,订单明细20260329030548.xlsx
黄鹤楼(硬1916),1000.0,848.0,0.0,0.0,2026-02-09,XQJ10000000026251755,订单明细20260329030548.xlsx
黄鹤楼(硬1916),1000.0,848.0,0.0,0.0,2026-02-09,XQJ10000000026251755,订单明细20260329030548.xlsx
黄鹤楼(硬1916),1000.0,848.0,0.0,0.0,2026-02-09,XQJ10000000026251755,订单明细20260329030548.xlsx
黄鹤楼(硬1916如意),1000.0,763.2,0.0,0.0,2026-02-09,XQJ10000000026251755,订单明细20260329030548.xlsx
黄鹤楼(硬1916如意),1000.0,763.2,0.0,0.0,2026-02-09,XQJ10000000026251755,订单明细20260329030548.xlsx
黄鹤楼(硬1916如意),1000.0,763.2,0.0,0.0,2026-02-09,XQJ10000000026251755,订单明细20260329030548.xlsx
黄鹤楼(硬1916如意),1000.0,763.2,0.0,0.0,2026-02-09,XQJ10000000026251755,订单明细20260329030548.xlsx
黄鹤楼(硬1916如意),1000.0,763.2,0.0,0.0,2026-02-09,XQJ10000000026251755,订单明细20260329030548.xlsx
黄鹤楼(硬1916如意),1000.0,763.2,0.0,0.0,2026-02-09,XQJ10000000026251755,订单明细20260329030548.xlsx
黄鹤楼(硬1916红爆),1000.0,720.8,0.0,0.0,2026-02-09,XQJ10000000026251755,订单明细20260329030548.xlsx
黄鹤楼(硬1916红爆),1000.0,720.8,0.0,0.0,2026-02-09,XQJ10000000026251755,订单明细20260329030548.xlsx
黄鹤楼(硬1916红爆),1000.0,720.8,0.0,0.0,2026-02-09,XQJ10000000026251755,订单明细20260329030548.xlsx
黄鹤楼(硬1916红爆),1000.0,720.8,0.0,0.0,2026-02-09,XQJ10000000026251755,订单明细20260329030548.xlsx
黄鹤楼(硬1916红爆),1000.0,720.8,0.0,0.0,2026-02-09,XQJ10000000026251755,订单明细20260329030548.xlsx
黄鹤楼(硬1916红爆),1000.0,720.8,0.0,0.0,2026-02-09,XQJ10000000026251755,订单明细20260329030548.xlsx
黄鹤楼(硬峡谷情细支),350.0,263.0,0.0,0.0,2026-02-09,XQJ10000000026251755,订单明细20260329030548.xlsx
黄鹤楼(硬峡谷情细支),350.0,263.0,0.0,0.0,2026-02-09,XQJ10000000026251755,订单明细20260329030548.xlsx
黄鹤楼(硬峡谷情细支),350.0,263.0,0.0,0.0,2026-02-09,XQJ10000000026251755,订单明细20260329030548.xlsx
黄鹤楼(硬峡谷情细支),350.0,263.0,0.0,0.0,2026-02-09,XQJ10000000026251755,订单明细20260329030548.xlsx
黄鹤楼(硬峡谷情细支),350.0,263.0,0.0,0.0,2026-02-09,XQJ10000000026251755,订单明细20260329030548.xlsx
黄鹤楼(硬峡谷情细支),350.0,263.0,0.0,0.0,2026-02-09,XQJ10000000026251755,订单明细20260329030548.xlsx
黄鹤楼(硬峡谷柔情),400.0,263.0,2.0,526.0,2026-02-09,XQJ10000000026251755,订单明细20260329030548.xlsx
黄鹤楼(硬峡谷柔情),400.0,263.0,2.0,526.0,2026-02-09,XQJ10000000026251755,订单明细20260329030548.xlsx
黄鹤楼(硬峡谷柔情),400.0,263.0,2.0,526.0,2026-02-09,XQJ10000000026251755,订单明细20260329030548.xlsx
黄鹤楼(硬峡谷柔情),400.0,263.0,2.0,526.0,2026-02-09,XQJ10000000026251755,订单明细20260329030548.xlsx
黄鹤楼(硬峡谷柔情),400.0,263.0,2.0,526.0,2026-02-09,XQJ10000000026251755,订单明细20260329030548.xlsx
黄鹤楼(硬峡谷柔情),400.0,263.0,2.0,526.0,2026-02-09,XQJ10000000026251755,订单明细20260329030548.xlsx
黄鹤楼(硬平安),1000.0,720.8,0.0,0.0,2026-02-09,XQJ10000000026251755,订单明细20260329030548.xlsx
黄鹤楼(硬平安),1000.0,720.8,0.0,0.0,2026-02-09,XQJ10000000026251755,订单明细20260329030548.xlsx
黄鹤楼(硬平安),1000.0,720.8,0.0,0.0,2026-02-09,XQJ10000000026251755,订单明细20260329030548.xlsx
黄鹤楼(硬平安),1000.0,720.8,0.0,0.0,2026-02-09,XQJ10000000026251755,订单明细20260329030548.xlsx
黄鹤楼(硬平安),1000.0,720.8,0.0,0.0,2026-02-09,XQJ10000000026251755,订单明细20260329030548.xlsx
黄鹤楼(硬平安),1000.0,720.8,0.0,0.0,2026-02-09,XQJ10000000026251755,订单明细20260329030548.xlsx
黄鹤楼(视窗),400.0,300.0,0.0,0.0,2026-02-09,XQJ10000000026251755,订单明细20260329030548.xlsx
黄鹤楼(视窗),400.0,300.0,0.0,0.0,2026-02-09,XQJ10000000026251755,订单明细20260329030548.xlsx
黄鹤楼(视窗),400.0,300.0,0.0,0.0,2026-02-09,XQJ10000000026251755,订单明细20260329030548.xlsx
黄鹤楼(视窗),400.0,300.0,0.0,0.0,2026-02-09,XQJ10000000026251755,订单明细20260329030548.xlsx
黄鹤楼(视窗),400.0,300.0,0.0,0.0,2026-02-09,XQJ10000000026251755,订单明细20260329030548.xlsx
黄鹤楼(视窗),400.0,300.0,0.0,0.0,2026-02-09,XQJ10000000026251755,订单明细20260329030548.xlsx
黄鹤楼(软1916),1000.0,848.0,0.0,0.0,2026-02-09,XQJ10000000026251755,订单明细20260329030548.xlsx
黄鹤楼(软1916),1000.0,848.0,0.0,0.0,2026-02-09,XQJ10000000026251755,订单明细20260329030548.xlsx
黄鹤楼(软1916),1000.0,848.0,0.0,0.0,2026-02-09,XQJ10000000026251755,订单明细20260329030548.xlsx
黄鹤楼(软1916),1000.0,848.0,0.0,0.0,2026-02-09,XQJ10000000026251755,订单明细20260329030548.xlsx
黄鹤楼(软1916),1000.0,848.0,0.0,0.0,2026-02-09,XQJ10000000026251755,订单明细20260329030548.xlsx
黄鹤楼(软1916),1000.0,848.0,0.0,0.0,2026-02-09,XQJ10000000026251755,订单明细20260329030548.xlsx
黄鹤楼(软蓝),190.0,164.3,0.0,0.0,2026-02-09,XQJ10000000026251755,订单明细20260329030548.xlsx
黄鹤楼(软蓝),190.0,164.3,0.0,0.0,2026-02-09,XQJ10000000026251755,订单明细20260329030548.xlsx
黄鹤楼(软蓝),190.0,164.3,0.0,0.0,2026-02-09,XQJ10000000026251755,订单明细20260329030548.xlsx
黄鹤楼(软蓝),190.0,164.3,0.0,0.0,2026-02-09,XQJ10000000026251755,订单明细20260329030548.xlsx
黄鹤楼(软蓝),190.0,164.3,0.0,0.0,2026-02-09,XQJ10000000026251755,订单明细20260329030548.xlsx
黄鹤楼(软蓝),190.0,164.3,0.0,0.0,2026-02-09,XQJ10000000026251755,订单明细20260329030548.xlsx
黄鹤楼(迷你醇味),240.0,182.4,0.0,0.0,2026-02-09,XQJ10000000026251755,订单明细20260329030548.xlsx
黄鹤楼(迷你醇味),240.0,182.4,0.0,0.0,2026-02-09,XQJ10000000026251755,订单明细20260329030548.xlsx
黄鹤楼(迷你醇味),240.0,182.4,0.0,0.0,2026-02-09,XQJ10000000026251755,订单明细20260329030548.xlsx
黄鹤楼(迷你醇味),240.0,182.4,0.0,0.0,2026-02-09,XQJ10000000026251755,订单明细20260329030548.xlsx
黄鹤楼(迷你醇味),240.0,182.4,0.0,0.0,2026-02-09,XQJ10000000026251755,订单明细20260329030548.xlsx
黄鹤楼(迷你醇味),240.0,182.4,0.0,0.0,2026-02-09,XQJ10000000026251755,订单明细20260329030548.xlsx
黄鹤楼(逍遥5号),1200.0,760.0,0.0,0.0,2026-02-09,XQJ10000000026251755,订单明细20260329030548.xlsx
黄鹤楼(逍遥5号),1200.0,760.0,0.0,0.0,2026-02-09,XQJ10000000026251755,订单明细20260329030548.xlsx
黄鹤楼(逍遥5号),1200.0,760.0,0.0,0.0,2026-02-09,XQJ10000000026251755,订单明细20260329030548.xlsx
黄鹤楼(逍遥5号),1200.0,760.0,0.0,0.0,2026-02-09,XQJ10000000026251755,订单明细20260329030548.xlsx
黄鹤楼(逍遥5号),1200.0,760.0,0.0,0.0,2026-02-09,XQJ10000000026251755,订单明细20260329030548.xlsx
黄鹤楼(逍遥5号),1200.0,760.0,0.0,0.0,2026-02-09,XQJ10000000026251755,订单明细20260329030548.xlsx
黄鹤楼(逍遥6号),1000.0,700.0,0.0,0.0,2026-02-09,XQJ10000000026251755,订单明细20260329030548.xlsx
黄鹤楼(逍遥6号),1000.0,700.0,0.0,0.0,2026-02-09,XQJ10000000026251755,订单明细20260329030548.xlsx
黄鹤楼(逍遥6号),1000.0,700.0,0.0,0.0,2026-02-09,XQJ10000000026251755,订单明细20260329030548.xlsx
黄鹤楼(逍遥6号),1000.0,700.0,0.0,0.0,2026-02-09,XQJ10000000026251755,订单明细20260329030548.xlsx
黄鹤楼(逍遥6号),1000.0,700.0,0.0,0.0,2026-02-09,XQJ10000000026251755,订单明细20260329030548.xlsx
黄鹤楼(逍遥6号),1000.0,700.0,0.0,0.0,2026-02-09,XQJ10000000026251755,订单明细20260329030548.xlsx
黄鹤楼(逍遥7号),850.0,595.0,0.0,0.0,2026-02-09,XQJ10000000026251755,订单明细20260329030548.xlsx
黄鹤楼(逍遥7号),850.0,595.0,0.0,0.0,2026-02-09,XQJ10000000026251755,订单明细20260329030548.xlsx
黄鹤楼(逍遥7号),850.0,595.0,0.0,0.0,2026-02-09,XQJ10000000026251755,订单明细20260329030548.xlsx
黄鹤楼(逍遥7号),850.0,595.0,0.0,0.0,2026-02-09,XQJ10000000026251755,订单明细20260329030548.xlsx
黄鹤楼(逍遥7号),850.0,595.0,0.0,0.0,2026-02-09,XQJ10000000026251755,订单明细20260329030548.xlsx
黄鹤楼(逍遥7号),850.0,595.0,0.0,0.0,2026-02-09,XQJ10000000026251755,订单明细20260329030548.xlsx
黄鹤楼(雪之梦10号),1200.0,744.0,0.0,0.0,2026-02-09,XQJ10000000026251755,订单明细20260329030548.xlsx
黄鹤楼(雪之梦10号),1200.0,744.0,0.0,0.0,2026-02-09,XQJ10000000026251755,订单明细20260329030548.xlsx
黄鹤楼(雪之梦10号),1200.0,744.0,0.0,0.0,2026-02-09,XQJ10000000026251755,订单明细20260329030548.xlsx
黄鹤楼(雪之梦10号),1200.0,744.0,0.0,0.0,2026-02-09,XQJ10000000026251755,订单明细20260329030548.xlsx
黄鹤楼(雪之梦10号),1200.0,744.0,0.0,0.0,2026-02-09,XQJ10000000026251755,订单明细20260329030548.xlsx
黄鹤楼(雪之梦10号),1200.0,744.0,0.0,0.0,2026-02-09,XQJ10000000026251755,订单明细20260329030548.xlsx
黄鹤楼(雪之梦5号),800.0,560.0,0.0,0.0,2026-02-09,XQJ10000000026251755,订单明细20260329030548.xlsx
黄鹤楼(雪之梦5号),800.0,560.0,0.0,0.0,2026-02-09,XQJ10000000026251755,订单明细20260329030548.xlsx
黄鹤楼(雪之梦5号),800.0,560.0,0.0,0.0,2026-02-09,XQJ10000000026251755,订单明细20260329030548.xlsx
黄鹤楼(雪之梦5号),800.0,560.0,0.0,0.0,2026-02-09,XQJ10000000026251755,订单明细20260329030548.xlsx
黄鹤楼(雪之梦5号),800.0,560.0,0.0,0.0,2026-02-09,XQJ10000000026251755,订单明细20260329030548.xlsx
黄鹤楼(雪之梦5号),800.0,560.0,0.0,0.0,2026-02-09,XQJ10000000026251755,订单明细20260329030548.xlsx
黄鹤楼(雪之梦7号),700.0,460.0,0.0,0.0,2026-02-09,XQJ10000000026251755,订单明细20260329030548.xlsx
黄鹤楼(雪之梦7号),700.0,460.0,0.0,0.0,2026-02-09,XQJ10000000026251755,订单明细20260329030548.xlsx
黄鹤楼(雪之梦7号),700.0,460.0,0.0,0.0,2026-02-09,XQJ10000000026251755,订单明细20260329030548.xlsx
黄鹤楼(雪之梦7号),700.0,460.0,0.0,0.0,2026-02-09,XQJ10000000026251755,订单明细20260329030548.xlsx
黄鹤楼(雪之梦7号),700.0,460.0,0.0,0.0,2026-02-09,XQJ10000000026251755,订单明细20260329030548.xlsx
黄鹤楼(雪之梦7号),700.0,460.0,0.0,0.0,2026-02-09,XQJ10000000026251755,订单明细20260329030548.xlsx
黄鹤楼(雪之梦8号),500.0,300.0,0.0,0.0,2026-02-09,XQJ10000000026251755,订单明细20260329030548.xlsx
黄鹤楼(雪之梦8号),500.0,300.0,0.0,0.0,2026-02-09,XQJ10000000026251755,订单明细20260329030548.xlsx
黄鹤楼(雪之梦8号),500.0,300.0,0.0,0.0,2026-02-09,XQJ10000000026251755,订单明细20260329030548.xlsx
黄鹤楼(雪之梦8号),500.0,300.0,0.0,0.0,2026-02-09,XQJ10000000026251755,订单明细20260329030548.xlsx
黄鹤楼(雪之梦8号),500.0,300.0,0.0,0.0,2026-02-09,XQJ10000000026251755,订单明细20260329030548.xlsx
黄鹤楼(雪之梦8号),500.0,300.0,0.0,0.0,2026-02-09,XQJ10000000026251755,订单明细20260329030548.xlsx
黄鹤楼(雪之梦9号),1100.0,700.0,0.0,0.0,2026-02-09,XQJ10000000026251755,订单明细20260329030548.xlsx
黄鹤楼(雪之梦9号),1100.0,700.0,0.0,0.0,2026-02-09,XQJ10000000026251755,订单明细20260329030548.xlsx
黄鹤楼(雪之梦9号),1100.0,700.0,0.0,0.0,2026-02-09,XQJ10000000026251755,订单明细20260329030548.xlsx
黄鹤楼(雪之梦9号),1100.0,700.0,0.0,0.0,2026-02-09,XQJ10000000026251755,订单明细20260329030548.xlsx
黄鹤楼(雪之梦9号),1100.0,700.0,0.0,0.0,2026-02-09,XQJ10000000026251755,订单明细20260329030548.xlsx
黄鹤楼(雪之梦9号),1100.0,700.0,0.0,0.0,2026-02-09,XQJ10000000026251755,订单明细20260329030548.xlsx
黄鹤楼(雪之韵2号),240.0,180.0,0.0,0.0,2026-02-09,XQJ10000000026251755,订单明细20260329030548.xlsx
黄鹤楼(雪之韵2号),240.0,180.0,0.0,0.0,2026-02-09,XQJ10000000026251755,订单明细20260329030548.xlsx
黄鹤楼(雪之韵2号),240.0,180.0,0.0,0.0,2026-02-09,XQJ10000000026251755,订单明细20260329030548.xlsx
黄鹤楼(雪之韵2号),240.0,180.0,0.0,0.0,2026-02-09,XQJ10000000026251755,订单明细20260329030548.xlsx
黄鹤楼(雪之韵2号),240.0,180.0,0.0,0.0,2026-02-09,XQJ10000000026251755,订单明细20260329030548.xlsx
黄鹤楼(雪之韵2号),240.0,180.0,0.0,0.0,2026-02-09,XQJ10000000026251755,订单明细20260329030548.xlsx
555(冰炫),240.0,216.05,0.0,0.0,2026-02-09,XQJ10000000026251755,订单明细20260329030555.xlsx
555(冰炫),240.0,216.05,0.0,0.0,2026-02-09,XQJ10000000026251755,订单明细20260329030555.xlsx
555(冰炫),240.0,216.05,0.0,0.0,2026-02-09,XQJ10000000026251755,订单明细20260329030555.xlsx
555(冰炫),240.0,216.05,0.0,0.0,2026-02-09,XQJ10000000026251755,订单明细20260329030555.xlsx
555(冰炫),240.0,216.05,0.0,0.0,2026-02-09,XQJ10000000026251755,订单明细20260329030555.xlsx
555(双冰),320.0,271.07,0.0,0.0,2026-02-09,XQJ10000000026251755,订单明细20260329030555.xlsx
555(双冰),320.0,271.07,0.0,0.0,2026-02-09,XQJ10000000026251755,订单明细20260329030555.xlsx
555(双冰),320.0,271.07,0.0,0.0,2026-02-09,XQJ10000000026251755,订单明细20260329030555.xlsx
555(双冰),320.0,271.07,0.0,0.0,2026-02-09,XQJ10000000026251755,订单明细20260329030555.xlsx
555(双冰),320.0,271.07,0.0,0.0,2026-02-09,XQJ10000000026251755,订单明细20260329030555.xlsx
七匹狼(纯境),160.0,143.1,0.0,0.0,2026-02-09,XQJ10000000026251755,订单明细20260329030555.xlsx
七匹狼(纯境),160.0,143.1,0.0,0.0,2026-02-09,XQJ10000000026251755,订单明细20260329030555.xlsx
七匹狼(纯境),160.0,143.1,0.0,0.0,2026-02-09,XQJ10000000026251755,订单明细20260329030555.xlsx
七匹狼(纯境),160.0,143.1,0.0,0.0,2026-02-09,XQJ10000000026251755,订单明细20260329030555.xlsx
七匹狼(纯境),160.0,143.1,0.0,0.0,2026-02-09,XQJ10000000026251755,订单明细20260329030555.xlsx
七匹狼(银中支),230.0,201.4,0.0,0.0,2026-02-09,XQJ10000000026251755,订单明细20260329030555.xlsx
七匹狼(银中支),230.0,201.4,0.0,0.0,2026-02-09,XQJ10000000026251755,订单明细20260329030555.xlsx
七匹狼(银中支),230.0,201.4,0.0,0.0,2026-02-09,XQJ10000000026251755,订单明细20260329030555.xlsx
七匹狼(银中支),230.0,201.4,0.0,0.0,2026-02-09,XQJ10000000026251755,订单明细20260329030555.xlsx
七匹狼(银中支),230.0,201.4,0.0,0.0,2026-02-09,XQJ10000000026251755,订单明细20260329030555.xlsx
七匹狼(锋芒),180.0,158.0,0.0,0.0,2026-02-09,XQJ10000000026251755,订单明细20260329030555.xlsx
七匹狼(锋芒),180.0,158.0,0.0,0.0,2026-02-09,XQJ10000000026251755,订单明细20260329030555.xlsx
七匹狼(锋芒),180.0,158.0,0.0,0.0,2026-02-09,XQJ10000000026251755,订单明细20260329030555.xlsx
七匹狼(锋芒),180.0,158.0,0.0,0.0,2026-02-09,XQJ10000000026251755,订单明细20260329030555.xlsx
七匹狼(锋芒),180.0,158.0,0.0,0.0,2026-02-09,XQJ10000000026251755,订单明细20260329030555.xlsx
万宝路(硬冰爵2.0）,260.0,225.0,0.0,0.0,2026-02-09,XQJ10000000026251755,订单明细20260329030555.xlsx
万宝路(硬冰爵2.0）,260.0,225.0,0.0,0.0,2026-02-09,XQJ10000000026251755,订单明细20260329030555.xlsx
万宝路(硬冰爵2.0）,260.0,225.0,0.0,0.0,2026-02-09,XQJ10000000026251755,订单明细20260329030555.xlsx
万宝路(硬冰爵2.0）,260.0,225.0,0.0,0.0,2026-02-09,XQJ10000000026251755,订单明细20260329030555.xlsx
万宝路(硬冰爵2.0）,260.0,225.0,0.0,0.0,2026-02-09,XQJ10000000026251755,订单明细20260329030555.xlsx
万宝路(软红2.0),160.0,143.1,0.0,0.0,2026-02-09,XQJ10000000026251755,订单明细20260329030555.xlsx
万宝路(软红2.0),160.0,143.1,0.0,0.0,2026-02-09,XQJ10000000026251755,订单明细20260329030555.xlsx
万宝路(软红2.0),160.0,143.1,0.0,0.0,2026-02-09,XQJ10000000026251755,订单明细20260329030555.xlsx
万宝路(软红2.0),160.0,143.1,0.0,0.0,2026-02-09,XQJ10000000026251755,订单明细20260329030555.xlsx
万宝路(软红2.0),160.0,143.1,0.0,0.0,2026-02-09,XQJ10000000026251755,订单明细20260329030555.xlsx
三沙(细支),260.0,225.0,0.0,0.0,2026-02-09,XQJ10000000026251755,订单明细20260329030555.xlsx
三沙(细支),260.0,225.0,0.0,0.0,2026-02-09,XQJ10000000026251755,订单明细20260329030555.xlsx
三沙(细支),260.0,225.0,0.0,0.0,2026-02-09,XQJ10000000026251755,订单明细20260329030555.xlsx
三沙(细支),260.0,225.0,0.0,0.0,2026-02-09,XQJ10000000026251755,订单明细20260329030555.xlsx
三沙(细支),260.0,225.0,0.0,0.0,2026-02-09,XQJ10000000026251755,订单明细20260329030555.xlsx
中华(双中支),500.0,424.0,0.0,0.0,2026-02-09,XQJ10000000026251755,订单明细20260329030555.xlsx
中华(双中支),500.0,424.0,0.0,0.0,2026-02-09,XQJ10000000026251755,订单明细20260329030555.xlsx
中华(双中支),500.0,424.0,0.0,0.0,2026-02-09,XQJ10000000026251755,订单明细20260329030555.xlsx
中华(双中支),500.0,424.0,0.0,0.0,2026-02-09,XQJ10000000026251755,订单明细20260329030555.xlsx
中华(双中支),500.0,424.0,0.0,0.0,2026-02-09,XQJ10000000026251755,订单明细20260329030555.xlsx
中华(细支),500.0,424.0,0.0,0.0,2026-02-09,XQJ10000000026251755,订单明细20260329030555.xlsx
中华(细支),500.0,424.0,0.0,0.0,2026-02-09,XQJ10000000026251755,订单明细20260329030555.xlsx
中华(细支),500.0,424.0,0.0,0.0,2026-02-09,XQJ10000000026251755,订单明细20260329030555.xlsx
中华(细支),500.0,424.0,0.0,0.0,2026-02-09,XQJ10000000026251755,订单明细20260329030555.xlsx
中华(细支),500.0,424.0,0.0,0.0,2026-02-09,XQJ10000000026251755,订单明细20260329030555.xlsx
中华(细支3mg),1000.0,848.0,0.0,0.0,2026-02-09,XQJ10000000026251755,订单明细20260329030555.xlsx
中华(细支3mg),1000.0,848.0,0.0,0.0,2026-02-09,XQJ10000000026251755,订单明细20260329030555.xlsx
中华(细支3mg),1000.0,848.0,0.0,0.0,2026-02-09,XQJ10000000026251755,订单明细20260329030555.xlsx
中华(细支3mg),1000.0,848.0,0.0,0.0,2026-02-09,XQJ10000000026251755,订单明细20260329030555.xlsx
中华(细支3mg),1000.0,848.0,0.0,0.0,2026-02-09,XQJ10000000026251755,订单明细20260329030555.xlsx
中华(细支6mg),600.0,510.0,1.0,510.0,2026-02-09,XQJ10000000026251755,订单明细20260329030555.xlsx
中华(细支6mg),600.0,510.0,1.0,510.0,2026-02-09,XQJ10000000026251755,订单明细20260329030555.xlsx
中华(细支6mg),600.0,510.0,1.0,510.0,2026-02-09,XQJ10000000026251755,订单明细20260329030555.xlsx
中华(细支6mg),600.0,510.0,1.0,510.0,2026-02-09,XQJ10000000026251755,订单明细20260329030555.xlsx
中华(细支6mg),600.0,510.0,1.0,510.0,2026-02-09,XQJ10000000026251755,订单明细20260329030555.xlsx
中华(金中支),1000.0,678.4,0.0,0.0,2026-02-09,XQJ10000000026251755,订单明细20260329030555.xlsx
中华(金中支),1000.0,678.4,0.0,0.0,2026-02-09,XQJ10000000026251755,订单明细20260329030555.xlsx
中华(金中支),1000.0,678.4,0.0,0.0,2026-02-09,XQJ10000000026251755,订单明细20260329030555.xlsx
中华(金中支),1000.0,678.4,0.0,0.0,2026-02-09,XQJ10000000026251755,订单明细20260329030555.xlsx
中华(金中支),1000.0,678.4,0.0,0.0,2026-02-09,XQJ10000000026251755,订单明细20260329030555.xlsx
中华(金双中),600.0,510.0,1.0,510.0,2026-02-09,XQJ10000000026251755,订单明细20260329030555.xlsx
中华(金双中),600.0,510.0,1.0,510.0,2026-02-09,XQJ10000000026251755,订单明细20260329030555.xlsx
中华(金双中),600.0,510.0,1.0,510.0,2026-02-09,XQJ10000000026251755,订单明细20260329030555.xlsx
中华(金双中),600.0,510.0,1.0,510.0,2026-02-09,XQJ10000000026251755,订单明细20260329030555.xlsx
中华(金双中),600.0,510.0,1.0,510.0,2026-02-09,XQJ10000000026251755,订单明细20260329030555.xlsx
中南海(冰耀中支),230.0,201.4,0.0,0.0,2026-02-09,XQJ10000000026251755,订单明细20260329030555.xlsx
中南海(冰耀中支),230.0,201.4,0.0,0.0,2026-02-09,XQJ10000000026251755,订单明细20260329030555.xlsx
中南海(冰耀中支),230.0,201.4,0.0,0.0,2026-02-09,XQJ10000000026251755,订单明细20260329030555.xlsx
中南海(冰耀中支),230.0,201.4,0.0,0.0,2026-02-09,XQJ10000000026251755,订单明细20260329030555.xlsx
中南海(冰耀中支),230.0,201.4,0.0,0.0,2026-02-09,XQJ10000000026251755,订单明细20260329030555.xlsx
丹纳曼(圣安东尼奥罗布图),2200.0,1525.1,0.0,0.0,2026-02-09,XQJ10000000026251755,订单明细20260329030555.xlsx
丹纳曼(圣安东尼奥罗布图),2200.0,1525.1,0.0,0.0,2026-02-09,XQJ10000000026251755,订单明细20260329030555.xlsx
丹纳曼(圣安东尼奥罗布图),2200.0,1525.1,0.0,0.0,2026-02-09,XQJ10000000026251755,订单明细20260329030555.xlsx
丹纳曼(圣安东尼奥罗布图),2200.0,1525.1,0.0,0.0,2026-02-09,XQJ10000000026251755,订单明细20260329030555.xlsx
丹纳曼(圣安东尼奥罗布图),2200.0,1525.1,0.0,0.0,2026-02-09,XQJ10000000026251755,订单明细20260329030555.xlsx
云烟(中支云龙),200.0,175.0,3.0,525.0,2026-02-09,XQJ10000000026251755,订单明细20260329030555.xlsx
云烟(中支云龙),200.0,175.0,3.0,525.0,2026-02-09,XQJ10000000026251755,订单明细20260329030555.xlsx
云烟(中支云龙),200.0,175.0,3.0,525.0,2026-02-09,XQJ10000000026251755,订单明细20260329030555.xlsx
云烟(中支云龙),200.0,175.0,3.0,525.0,2026-02-09,XQJ10000000026251755,订单明细20260329030555.xlsx
云烟(中支云龙),200.0,175.0,3.0,525.0,2026-02-09,XQJ10000000026251755,订单明细20260329030555.xlsx
云烟(中支大重九),1000.0,848.0,1.0,848.0,2026-02-09,XQJ10000000026251755,订单明细20260329030555.xlsx
云烟(中支大重九),1000.0,848.0,1.0,848.0,2026-02-09,XQJ10000000026251755,订单明细20260329030555.xlsx
云烟(中支大重九),1000.0,848.0,1.0,848.0,2026-02-09,XQJ10000000026251755,订单明细20260329030555.xlsx
云烟(中支大重九),1000.0,848.0,1.0,848.0,2026-02-09,XQJ10000000026251755,订单明细20260329030555.xlsx
云烟(中支大重九),1000.0,848.0,1.0,848.0,2026-02-09,XQJ10000000026251755,订单明细20260329030555.xlsx
云烟(中支小重九),500.0,424.0,5.0,2120.0,2026-02-09,XQJ10000000026251755,订单明细20260329030555.xlsx
云烟(中支小重九),500.0,424.0,5.0,2120.0,2026-02-09,XQJ10000000026251755,订单明细20260329030555.xlsx
云烟(中支小重九),500.0,424.0,5.0,2120.0,2026-02-09,XQJ10000000026251755,订单明细20260329030555.xlsx
云烟(中支小重九),500.0,424.0,5.0,2120.0,2026-02-09,XQJ10000000026251755,订单明细20260329030555.xlsx
云烟(中支小重九),500.0,424.0,5.0,2120.0,2026-02-09,XQJ10000000026251755,订单明细20260329030555.xlsx
云烟(中支金腰带),300.0,263.0,1.0,263.0,2026-02-09,XQJ10000000026251755,订单明细20260329030555.xlsx
云烟(中支金腰带),300.0,263.0,1.0,263.0,2026-02-09,XQJ10000000026251755,订单明细20260329030555.xlsx
云烟(中支金腰带),300.0,263.0,1.0,263.0,2026-02-09,XQJ10000000026251755,订单明细20260329030555.xlsx
云烟(中支金腰带),300.0,263.0,1.0,263.0,2026-02-09,XQJ10000000026251755,订单明细20260329030555.xlsx
云烟(中支金腰带),300.0,263.0,1.0,263.0,2026-02-09,XQJ10000000026251755,订单明细20260329030555.xlsx
云烟(印象),650.0,561.8,0.0,0.0,2026-02-09,XQJ10000000026251755,订单明细20260329030555.xlsx
云烟(印象),650.0,561.8,0.0,0.0,2026-02-09,XQJ10000000026251755,订单明细20260329030555.xlsx
云烟(印象),650.0,561.8,0.0,0.0,2026-02-09,XQJ10000000026251755,订单明细20260329030555.xlsx
云烟(印象),650.0,561.8,0.0,0.0,2026-02-09,XQJ10000000026251755,订单明细20260329030555.xlsx
云烟(印象),650.0,561.8,0.0,0.0,2026-02-09,XQJ10000000026251755,订单明细20260329030555.xlsx
云烟(小熊猫家园),200.0,158.0,1.0,158.0,2026-02-09,XQJ10000000026251755,订单明细20260329030555.xlsx
云烟(小熊猫家园),200.0,158.0,1.0,158.0,2026-02-09,XQJ10000000026251755,订单明细20260329030555.xlsx
云烟(小熊猫家园),200.0,158.0,1.0,158.0,2026-02-09,XQJ10000000026251755,订单明细20260329030555.xlsx
云烟(小熊猫家园),200.0,158.0,1.0,158.0,2026-02-09,XQJ10000000026251755,订单明细20260329030555.xlsx
云烟(小熊猫家园),200.0,158.0,1.0,158.0,2026-02-09,XQJ10000000026251755,订单明细20260329030555.xlsx
云烟(流金印象细支),450.0,381.6,3.0,1144.8,2026-02-09,XQJ10000000026251755,订单明细20260329030555.xlsx
云烟(流金印象细支),450.0,381.6,3.0,1144.8,2026-02-09,XQJ10000000026251755,订单明细20260329030555.xlsx
云烟(流金印象细支),450.0,381.6,3.0,1144.8,2026-02-09,XQJ10000000026251755,订单明细20260329030555.xlsx
云烟(流金印象细支),450.0,381.6,3.0,1144.8,2026-02-09,XQJ10000000026251755,订单明细20260329030555.xlsx
云烟(流金印象细支),450.0,381.6,3.0,1144.8,2026-02-09,XQJ10000000026251755,订单明细20260329030555.xlsx
云烟(硬云龙),150.0,129.3,3.0,387.9,2026-02-09,XQJ10000000026251755,订单明细20260329030555.xlsx
云烟(硬云龙),150.0,129.3,3.0,387.9,2026-02-09,XQJ10000000026251755,订单明细20260329030555.xlsx
云烟(硬云龙),150.0,129.3,3.0,387.9,2026-02-09,XQJ10000000026251755,订单明细20260329030555.xlsx
云烟(硬云龙),150.0,129.3,3.0,387.9,2026-02-09,XQJ10000000026251755,订单明细20260329030555.xlsx
云烟(硬云龙),150.0,129.3,3.0,387.9,2026-02-09,XQJ10000000026251755,订单明细20260329030555.xlsx
云烟(硬苁蓉),130.0,114.5,0.0,0.0,2026-02-09,XQJ10000000026251755,订单明细20260329030555.xlsx
云烟(硬苁蓉),130.0,114.5,0.0,0.0,2026-02-09,XQJ10000000026251755,订单明细20260329030555.xlsx
云烟(硬苁蓉),130.0,114.5,0.0,0.0,2026-02-09,XQJ10000000026251755,订单明细20260329030555.xlsx
云烟(硬苁蓉),130.0,114.5,0.0,0.0,2026-02-09,XQJ10000000026251755,订单明细20260329030555.xlsx
云烟(硬苁蓉),130.0,114.5,0.0,0.0,2026-02-09,XQJ10000000026251755,订单明细20260329030555.xlsx
云烟(神秘花园),320.0,275.6,0.0,0.0,2026-02-09,XQJ10000000026251755,订单明细20260329030555.xlsx
云烟(神秘花园),320.0,275.6,0.0,0.0,2026-02-09,XQJ10000000026251755,订单明细20260329030555.xlsx
云烟(神秘花园),320.0,275.6,0.0,0.0,2026-02-09,XQJ10000000026251755,订单明细20260329030555.xlsx
云烟(神秘花园),320.0,275.6,0.0,0.0,2026-02-09,XQJ10000000026251755,订单明细20260329030555.xlsx
云烟(神秘花园),320.0,275.6,0.0,0.0,2026-02-09,XQJ10000000026251755,订单明细20260329030555.xlsx
云烟(福),120.0,107.06,1.0,107.06,2026-02-09,XQJ10000000026251755,订单明细20260329030555.xlsx
云烟(福),120.0,107.06,1.0,107.06,2026-02-09,XQJ10000000026251755,订单明细20260329030555.xlsx
云烟(福),120.0,107.06,1.0,107.06,2026-02-09,XQJ10000000026251755,订单明细20260329030555.xlsx
云烟(福),120.0,107.06,1.0,107.06,2026-02-09,XQJ10000000026251755,订单明细20260329030555.xlsx
云烟(福),120.0,107.06,1.0,107.06,2026-02-09,XQJ10000000026251755,订单明细20260329030555.xlsx
云烟(紫),130.0,114.5,17.0,1946.5,2026-02-09,XQJ10000000026251755,订单明细20260329030555.xlsx
云烟(紫),130.0,114.5,17.0,1946.5,2026-02-09,XQJ10000000026251755,订单明细20260329030555.xlsx
云烟(紫),130.0,114.5,17.0,1946.5,2026-02-09,XQJ10000000026251755,订单明细20260329030555.xlsx
云烟(紫),130.0,114.5,17.0,1946.5,2026-02-09,XQJ10000000026251755,订单明细20260329030555.xlsx
云烟(紫),130.0,114.5,17.0,1946.5,2026-02-09,XQJ10000000026251755,订单明细20260329030555.xlsx
云烟(细支云龙),150.0,129.3,3.0,387.9,2026-02-09,XQJ10000000026251755,订单明细20260329030555.xlsx
云烟(细支云龙),150.0,129.3,3.0,387.9,2026-02-09,XQJ10000000026251755,订单明细20260329030555.xlsx
云烟(细支云龙),150.0,129.3,3.0,387.9,2026-02-09,XQJ10000000026251755,订单明细20260329030555.xlsx
云烟(细支云龙),150.0,129.3,3.0,387.9,2026-02-09,XQJ10000000026251755,订单明细20260329030555.xlsx
云烟(细支云龙),150.0,129.3,3.0,387.9,2026-02-09,XQJ10000000026251755,订单明细20260329030555.xlsx
云烟(细支大重九),1000.0,848.0,4.0,3392.0,2026-02-09,XQJ10000000026251755,订单明细20260329030555.xlsx
云烟(细支大重九),1000.0,848.0,4.0,3392.0,2026-02-09,XQJ10000000026251755,订单明细20260329030555.xlsx
云烟(细支大重九),1000.0,848.0,4.0,3392.0,2026-02-09,XQJ10000000026251755,订单明细20260329030555.xlsx
云烟(细支大重九),1000.0,848.0,4.0,3392.0,2026-02-09,XQJ10000000026251755,订单明细20260329030555.xlsx
云烟(细支大重九),1000.0,848.0,4.0,3392.0,2026-02-09,XQJ10000000026251755,订单明细20260329030555.xlsx
云烟(细支小重九),,424.0,0.0,0.0,2026-02-09,XQJ10000000026251755,订单明细20260329030555.xlsx
云烟(细支小重九),500.0,424.0,0.0,0.0,2026-02-09,XQJ10000000026251755,订单明细20260329030555.xlsx
云烟(细支小重九),,424.0,0.0,0.0,2026-02-09,XQJ10000000026251755,订单明细20260329030555.xlsx
云烟(细支小重九),500.0,424.0,0.0,0.0,2026-02-09,XQJ10000000026251755,订单明细20260329030555.xlsx
云烟(细支小重九),,424.0,0.0,0.0,2026-02-09,XQJ10000000026251755,订单明细20260329030555.xlsx
云烟(细支小重九),500.0,424.0,0.0,0.0,2026-02-09,XQJ10000000026251755,订单明细20260329030555.xlsx
云烟(细支小重九),,424.0,0.0,0.0,2026-02-09,XQJ10000000026251755,订单明细20260329030555.xlsx
云烟(细支小重九),500.0,424.0,0.0,0.0,2026-02-09,XQJ10000000026251755,订单明细20260329030555.xlsx
云烟(细支小重九),,424.0,0.0,0.0,2026-02-09,XQJ10000000026251755,订单明细20260329030555.xlsx
云烟(细支小重九),500.0,424.0,0.0,0.0,2026-02-09,XQJ10000000026251755,订单明细20260329030555.xlsx
云烟(细支灵感蘑菇),260.0,225.0,1.0,225.0,2026-02-09,XQJ10000000026251755,订单明细20260329030555.xlsx
云烟(细支灵感蘑菇),260.0,225.0,1.0,225.0,2026-02-09,XQJ10000000026251755,订单明细20260329030555.xlsx
云烟(细支灵感蘑菇),260.0,225.0,1.0,225.0,2026-02-09,XQJ10000000026251755,订单明细20260329030555.xlsx
云烟(细支灵感蘑菇),260.0,225.0,1.0,225.0,2026-02-09,XQJ10000000026251755,订单明细20260329030555.xlsx
云烟(细支灵感蘑菇),260.0,225.0,1.0,225.0,2026-02-09,XQJ10000000026251755,订单明细20260329030555.xlsx
云烟(细支珍品),260.0,225.0,0.0,0.0,2026-02-09,XQJ10000000026251755,订单明细20260329030555.xlsx
云烟(细支珍品),260.0,225.0,0.0,0.0,2026-02-09,XQJ10000000026251755,订单明细20260329030555.xlsx
云烟(细支珍品),260.0,225.0,0.0,0.0,2026-02-09,XQJ10000000026251755,订单明细20260329030555.xlsx
云烟(细支珍品),260.0,225.0,0.0,0.0,2026-02-09,XQJ10000000026251755,订单明细20260329030555.xlsx
云烟(细支珍品),260.0,225.0,0.0,0.0,2026-02-09,XQJ10000000026251755,订单明细20260329030555.xlsx
云烟(细支筋斗云),350.0,300.0,0.0,0.0,2026-02-09,XQJ10000000026251755,订单明细20260329030555.xlsx
云烟(细支筋斗云),350.0,300.0,0.0,0.0,2026-02-09,XQJ10000000026251755,订单明细20260329030555.xlsx
云烟(细支筋斗云),350.0,300.0,0.0,0.0,2026-02-09,XQJ10000000026251755,订单明细20260329030555.xlsx
云烟(细支筋斗云),350.0,300.0,0.0,0.0,2026-02-09,XQJ10000000026251755,订单明细20260329030555.xlsx
云烟(细支筋斗云),350.0,300.0,0.0,0.0,2026-02-09,XQJ10000000026251755,订单明细20260329030555.xlsx
云烟(软印象烟庄),370.0,318.0,0.0,0.0,2026-02-09,XQJ10000000026251755,订单明细20260329030555.xlsx
云烟(软印象烟庄),370.0,318.0,0.0,0.0,2026-02-09,XQJ10000000026251755,订单明细20260329030555.xlsx
云烟(软印象烟庄),370.0,318.0,0.0,0.0,2026-02-09,XQJ10000000026251755,订单明细20260329030555.xlsx
云烟(软印象烟庄),370.0,318.0,0.0,0.0,2026-02-09,XQJ10000000026251755,订单明细20260329030555.xlsx
云烟(软印象烟庄),370.0,318.0,0.0,0.0,2026-02-09,XQJ10000000026251755,订单明细20260329030555.xlsx
云烟(软大重九),1000.0,720.8,6.0,4324.8,2026-02-09,XQJ10000000026251755,订单明细20260329030555.xlsx
云烟(软大重九),1000.0,720.8,6.0,4324.8,2026-02-09,XQJ10000000026251755,订单明细20260329030555.xlsx
云烟(软大重九),1000.0,720.8,6.0,4324.8,2026-02-09,XQJ10000000026251755,订单明细20260329030555.xlsx
云烟(软大重九),1000.0,720.8,6.0,4324.8,2026-02-09,XQJ10000000026251755,订单明细20260329030555.xlsx
云烟(软大重九),1000.0,720.8,6.0,4324.8,2026-02-09,XQJ10000000026251755,订单明细20260329030555.xlsx
云烟(软珍品),230.0,206.7,0.0,0.0,2026-02-09,XQJ10000000026251755,订单明细20260329030555.xlsx
云烟(软珍品),230.0,206.7,0.0,0.0,2026-02-09,XQJ10000000026251755,订单明细20260329030555.xlsx
云烟(软珍品),230.0,206.7,0.0,0.0,2026-02-09,XQJ10000000026251755,订单明细20260329030555.xlsx
云烟(软珍品),230.0,206.7,0.0,0.0,2026-02-09,XQJ10000000026251755,订单明细20260329030555.xlsx
云烟(软珍品),230.0,206.7,0.0,0.0,2026-02-09,XQJ10000000026251755,订单明细20260329030555.xlsx
云烟(黑金刚印象),560.0,466.4,0.0,0.0,2026-02-09,XQJ10000000026251755,订单明细20260329030555.xlsx
云烟(黑金刚印象),560.0,466.4,0.0,0.0,2026-02-09,XQJ10000000026251755,订单明细20260329030555.xlsx
云烟(黑金刚印象),560.0,466.4,0.0,0.0,2026-02-09,XQJ10000000026251755,订单明细20260329030555.xlsx
云烟(黑金刚印象),560.0,466.4,0.0,0.0,2026-02-09,XQJ10000000026251755,订单明细20260329030555.xlsx
云烟(黑金刚印象),560.0,466.4,0.0,0.0,2026-02-09,XQJ10000000026251755,订单明细20260329030555.xlsx
人民大会堂(硬红细支),160.0,139.92,1.0,139.92,2026-02-09,XQJ10000000026251755,订单明细20260329030555.xlsx
人民大会堂(硬红细支),160.0,139.92,1.0,139.92,2026-02-09,XQJ10000000026251755,订单明细20260329030555.xlsx
人民大会堂(硬红细支),160.0,139.92,1.0,139.92,2026-02-09,XQJ10000000026251755,订单明细20260329030555.xlsx
人民大会堂(硬红细支),160.0,139.92,1.0,139.92,2026-02-09,XQJ10000000026251755,订单明细20260329030555.xlsx
人民大会堂(硬红细支),160.0,139.92,1.0,139.92,2026-02-09,XQJ10000000026251755,订单明细20260329030555.xlsx
人民大会堂(红细支),260.0,225.0,0.0,0.0,2026-02-09,XQJ10000000026251755,订单明细20260329030555.xlsx
人民大会堂(红细支),260.0,225.0,0.0,0.0,2026-02-09,XQJ10000000026251755,订单明细20260329030555.xlsx
人民大会堂(红细支),260.0,225.0,0.0,0.0,2026-02-09,XQJ10000000026251755,订单明细20260329030555.xlsx
人民大会堂(红细支),260.0,225.0,0.0,0.0,2026-02-09,XQJ10000000026251755,订单明细20260329030555.xlsx
人民大会堂(红细支),260.0,225.0,0.0,0.0,2026-02-09,XQJ10000000026251755,订单明细20260329030555.xlsx
兰州(硬珍品),180.0,155.0,1.0,155.0,2026-02-09,XQJ10000000026251755,订单明细20260329030555.xlsx
兰州(硬珍品),180.0,155.0,1.0,155.0,2026-02-09,XQJ10000000026251755,订单明细20260329030555.xlsx
兰州(硬珍品),180.0,155.0,1.0,155.0,2026-02-09,XQJ10000000026251755,订单明细20260329030555.xlsx
兰州(硬珍品),180.0,155.0,1.0,155.0,2026-02-09,XQJ10000000026251755,订单明细20260329030555.xlsx
兰州(硬珍品),180.0,155.0,1.0,155.0,2026-02-09,XQJ10000000026251755,订单明细20260329030555.xlsx
兰州(黑中支),300.0,263.0,1.0,263.0,2026-02-09,XQJ10000000026251755,订单明细20260329030555.xlsx
兰州(黑中支),300.0,263.0,1.0,263.0,2026-02-09,XQJ10000000026251755,订单明细20260329030555.xlsx
兰州(黑中支),300.0,263.0,1.0,263.0,2026-02-09,XQJ10000000026251755,订单明细20260329030555.xlsx
兰州(黑中支),300.0,263.0,1.0,263.0,2026-02-09,XQJ10000000026251755,订单明细20260329030555.xlsx
兰州(黑中支),300.0,263.0,1.0,263.0,2026-02-09,XQJ10000000026251755,订单明细20260329030555.xlsx
冬虫夏草(双中支),400.0,339.2,0.0,0.0,2026-02-09,XQJ10000000026251755,订单明细20260329030555.xlsx
冬虫夏草(双中支),400.0,339.2,0.0,0.0,2026-02-09,XQJ10000000026251755,订单明细20260329030555.xlsx
冬虫夏草(双中支),400.0,339.2,0.0,0.0,2026-02-09,XQJ10000000026251755,订单明细20260329030555.xlsx
冬虫夏草(双中支),400.0,339.2,0.0,0.0,2026-02-09,XQJ10000000026251755,订单明细20260329030555.xlsx
冬虫夏草(双中支),400.0,339.2,0.0,0.0,2026-02-09,XQJ10000000026251755,订单明细20260329030555.xlsx
冬虫夏草(和润),600.0,424.0,0.0,0.0,2026-02-09,XQJ10000000026251755,订单明细20260329030555.xlsx
冬虫夏草(和润),600.0,424.0,0.0,0.0,2026-02-09,XQJ10000000026251755,订单明细20260329030555.xlsx
冬虫夏草(和润),600.0,424.0,0.0,0.0,2026-02-09,XQJ10000000026251755,订单明细20260329030555.xlsx
冬虫夏草(和润),600.0,424.0,0.0,0.0,2026-02-09,XQJ10000000026251755,订单明细20260329030555.xlsx
冬虫夏草(和润),600.0,424.0,0.0,0.0,2026-02-09,XQJ10000000026251755,订单明细20260329030555.xlsx
利群(休闲细支),1000.0,848.0,0.0,0.0,2026-02-09,XQJ10000000026251755,订单明细20260329030555.xlsx
利群(休闲细支),1000.0,848.0,0.0,0.0,2026-02-09,XQJ10000000026251755,订单明细20260329030555.xlsx
利群(休闲细支),1000.0,848.0,0.0,0.0,2026-02-09,XQJ10000000026251755,订单明细20260329030555.xlsx
利群(休闲细支),1000.0,848.0,0.0,0.0,2026-02-09,XQJ10000000026251755,订单明细20260329030555.xlsx
利群(休闲细支),1000.0,848.0,0.0,0.0,2026-02-09,XQJ10000000026251755,订单明细20260329030555.xlsx
利群(新版),160.0,143.1,0.0,0.0,2026-02-09,XQJ10000000026251755,订单明细20260329030555.xlsx
利群(新版),160.0,143.1,0.0,0.0,2026-02-09,XQJ10000000026251755,订单明细20260329030555.xlsx
利群(新版),160.0,143.1,0.0,0.0,2026-02-09,XQJ10000000026251755,订单明细20260329030555.xlsx
利群(新版),160.0,143.1,0.0,0.0,2026-02-09,XQJ10000000026251755,订单明细20260329030555.xlsx
利群(新版),160.0,143.1,0.0,0.0,2026-02-09,XQJ10000000026251755,订单明细20260329030555.xlsx
利群(江南韵),260.0,225.0,0.0,0.0,2026-02-09,XQJ10000000026251755,订单明细20260329030555.xlsx
利群(江南韵),260.0,225.0,0.0,0.0,2026-02-09,XQJ10000000026251755,订单明细20260329030555.xlsx
利群(江南韵),260.0,225.0,0.0,0.0,2026-02-09,XQJ10000000026251755,订单明细20260329030555.xlsx
利群(江南韵),260.0,225.0,0.0,0.0,2026-02-09,XQJ10000000026251755,订单明细20260329030555.xlsx
利群(江南韵),260.0,225.0,0.0,0.0,2026-02-09,XQJ10000000026251755,订单明细20260329030555.xlsx
利群(西子阳光),310.0,275.6,0.0,0.0,2026-02-09,XQJ10000000026251755,订单明细20260329030555.xlsx
利群(西子阳光),310.0,275.6,0.0,0.0,2026-02-09,XQJ10000000026251755,订单明细20260329030555.xlsx
利群(西子阳光),310.0,275.6,0.0,0.0,2026-02-09,XQJ10000000026251755,订单明细20260329030555.xlsx
利群(西子阳光),310.0,275.6,0.0,0.0,2026-02-09,XQJ10000000026251755,订单明细20260329030555.xlsx
利群(西子阳光),310.0,275.6,0.0,0.0,2026-02-09,XQJ10000000026251755,订单明细20260329030555.xlsx
利群(软蓝),180.0,159.0,1.0,159.0,2026-02-09,XQJ10000000026251755,订单明细20260329030555.xlsx
利群(软蓝),180.0,159.0,1.0,159.0,2026-02-09,XQJ10000000026251755,订单明细20260329030555.xlsx
利群(软蓝),180.0,159.0,1.0,159.0,2026-02-09,XQJ10000000026251755,订单明细20260329030555.xlsx
利群(软蓝),180.0,159.0,1.0,159.0,2026-02-09,XQJ10000000026251755,订单明细20260329030555.xlsx
利群(软蓝),180.0,159.0,1.0,159.0,2026-02-09,XQJ10000000026251755,订单明细20260329030555.xlsx
利群(软长嘴),360.0,318.0,0.0,0.0,2026-02-09,XQJ10000000026251755,订单明细20260329030555.xlsx
利群(软长嘴),360.0,318.0,0.0,0.0,2026-02-09,XQJ10000000026251755,订单明细20260329030555.xlsx
利群(软长嘴),360.0,318.0,0.0,0.0,2026-02-09,XQJ10000000026251755,订单明细20260329030555.xlsx
利群(软长嘴),360.0,318.0,0.0,0.0,2026-02-09,XQJ10000000026251755,订单明细20260329030555.xlsx
利群(软长嘴),360.0,318.0,0.0,0.0,2026-02-09,XQJ10000000026251755,订单明细20260329030555.xlsx
利群(长嘴),220.0,190.8,0.0,0.0,2026-02-09,XQJ10000000026251755,订单明细20260329030555.xlsx
利群(长嘴),220.0,190.8,0.0,0.0,2026-02-09,XQJ10000000026251755,订单明细20260329030555.xlsx
利群(长嘴),220.0,190.8,0.0,0.0,2026-02-09,XQJ10000000026251755,订单明细20260329030555.xlsx
利群(长嘴),220.0,190.8,0.0,0.0,2026-02-09,XQJ10000000026251755,订单明细20260329030555.xlsx
利群(长嘴),220.0,190.8,0.0,0.0,2026-02-09,XQJ10000000026251755,订单明细20260329030555.xlsx
利群(阳光尊中支),400.0,339.2,0.0,0.0,2026-02-09,XQJ10000000026251755,订单明细20260329030555.xlsx
利群(阳光尊中支),400.0,339.2,0.0,0.0,2026-02-09,XQJ10000000026251755,订单明细20260329030555.xlsx
利群(阳光尊中支),400.0,339.2,0.0,0.0,2026-02-09,XQJ10000000026251755,订单明细20260329030555.xlsx
利群(阳光尊中支),400.0,339.2,0.0,0.0,2026-02-09,XQJ10000000026251755,订单明细20260329030555.xlsx
利群(阳光尊中支),400.0,339.2,0.0,0.0,2026-02-09,XQJ10000000026251755,订单明细20260329030555.xlsx
利群(阳光细支),400.0,339.2,0.0,0.0,2026-02-09,XQJ10000000026251755,订单明细20260329030555.xlsx
利群(阳光细支),400.0,339.2,0.0,0.0,2026-02-09,XQJ10000000026251755,订单明细20260329030555.xlsx
利群(阳光细支),400.0,339.2,0.0,0.0,2026-02-09,XQJ10000000026251755,订单明细20260329030555.xlsx
利群(阳光细支),400.0,339.2,0.0,0.0,2026-02-09,XQJ10000000026251755,订单明细20260329030555.xlsx
利群(阳光细支),400.0,339.2,0.0,0.0,2026-02-09,XQJ10000000026251755,订单明细20260329030555.xlsx
南京(十二钗烤烟),280.0,243.8,0.0,0.0,2026-02-09,XQJ10000000026251755,订单明细20260329030555.xlsx
南京(十二钗烤烟),280.0,243.8,0.0,0.0,2026-02-09,XQJ10000000026251755,订单明细20260329030555.xlsx
南京(十二钗烤烟),280.0,243.8,0.0,0.0,2026-02-09,XQJ10000000026251755,订单明细20260329030555.xlsx
南京(十二钗烤烟),280.0,243.8,0.0,0.0,2026-02-09,XQJ10000000026251755,订单明细20260329030555.xlsx
南京(十二钗烤烟),280.0,243.8,0.0,0.0,2026-02-09,XQJ10000000026251755,订单明细20260329030555.xlsx
南京(十二钗薄荷),220.0,188.68,0.0,0.0,2026-02-09,XQJ10000000026251755,订单明细20260329030555.xlsx
南京(十二钗薄荷),220.0,188.68,0.0,0.0,2026-02-09,XQJ10000000026251755,订单明细20260329030555.xlsx
南京(十二钗薄荷),220.0,188.68,0.0,0.0,2026-02-09,XQJ10000000026251755,订单明细20260329030555.xlsx
南京(十二钗薄荷),220.0,188.68,0.0,0.0,2026-02-09,XQJ10000000026251755,订单明细20260329030555.xlsx
南京(十二钗薄荷),220.0,188.68,0.0,0.0,2026-02-09,XQJ10000000026251755,订单明细20260329030555.xlsx
南京(大观园爆冰),300.0,263.0,0.0,0.0,2026-02-09,XQJ10000000026251755,订单明细20260329030555.xlsx
南京(大观园爆冰),300.0,263.0,0.0,0.0,2026-02-09,XQJ10000000026251755,订单明细20260329030555.xlsx
南京(大观园爆冰),300.0,263.0,0.0,0.0,2026-02-09,XQJ10000000026251755,订单明细20260329030555.xlsx
南京(大观园爆冰),300.0,263.0,0.0,0.0,2026-02-09,XQJ10000000026251755,订单明细20260329030555.xlsx
南京(大观园爆冰),300.0,263.0,0.0,0.0,2026-02-09,XQJ10000000026251755,订单明细20260329030555.xlsx
南京(梦都),200.0,175.0,0.0,0.0,2026-02-09,XQJ10000000026251755,订单明细20260329030555.xlsx
南京(梦都),200.0,175.0,0.0,0.0,2026-02-09,XQJ10000000026251755,订单明细20260329030555.xlsx
南京(梦都),200.0,175.0,0.0,0.0,2026-02-09,XQJ10000000026251755,订单明细20260329030555.xlsx
南京(梦都),200.0,175.0,0.0,0.0,2026-02-09,XQJ10000000026251755,订单明细20260329030555.xlsx
南京(梦都),200.0,175.0,0.0,0.0,2026-02-09,XQJ10000000026251755,订单明细20260329030555.xlsx
南京(炫赫门),180.0,155.0,1.0,155.0,2026-02-09,XQJ10000000026251755,订单明细20260329030555.xlsx
南京(炫赫门),180.0,155.0,1.0,155.0,2026-02-09,XQJ10000000026251755,订单明细20260329030555.xlsx
南京(炫赫门),180.0,155.0,1.0,155.0,2026-02-09,XQJ10000000026251755,订单明细20260329030555.xlsx
南京(炫赫门),180.0,155.0,1.0,155.0,2026-02-09,XQJ10000000026251755,订单明细20260329030555.xlsx
南京(炫赫门),180.0,155.0,1.0,155.0,2026-02-09,XQJ10000000026251755,订单明细20260329030555.xlsx
南京(细支九五),1000.0,678.4,0.0,0.0,2026-02-09,XQJ10000000026251755,订单明细20260329030555.xlsx
南京(细支九五),1000.0,678.4,0.0,0.0,2026-02-09,XQJ10000000026251755,订单明细20260329030555.xlsx
南京(细支九五),1000.0,678.4,0.0,0.0,2026-02-09,XQJ10000000026251755,订单明细20260329030555.xlsx
南京(细支九五),1000.0,678.4,0.0,0.0,2026-02-09,XQJ10000000026251755,订单明细20260329030555.xlsx
南京(细支九五),1000.0,678.4,0.0,0.0,2026-02-09,XQJ10000000026251755,订单明细20260329030555.xlsx
南京(软九五),1000.0,720.8,0.0,0.0,2026-02-09,XQJ10000000026251755,订单明细20260329030555.xlsx
南京(软九五),1000.0,720.8,0.0,0.0,2026-02-09,XQJ10000000026251755,订单明细20260329030555.xlsx
南京(软九五),1000.0,720.8,0.0,0.0,2026-02-09,XQJ10000000026251755,订单明细20260329030555.xlsx
南京(软九五),1000.0,720.8,0.0,0.0,2026-02-09,XQJ10000000026251755,订单明细20260329030555.xlsx
南京(软九五),1000.0,720.8,0.0,0.0,2026-02-09,XQJ10000000026251755,订单明细20260329030555.xlsx
南京(雨花石),530.0,455.8,0.0,0.0,2026-02-09,XQJ10000000026251755,订单明细20260329030555.xlsx
南京(雨花石),530.0,455.8,0.0,0.0,2026-02-09,XQJ10000000026251755,订单明细20260329030555.xlsx
南京(雨花石),530.0,455.8,0.0,0.0,2026-02-09,XQJ10000000026251755,订单明细20260329030555.xlsx
南京(雨花石),530.0,455.8,0.0,0.0,2026-02-09,XQJ10000000026251755,订单明细20260329030555.xlsx
南京(雨花石),530.0,455.8,0.0,0.0,2026-02-09,XQJ10000000026251755,订单明细20260329030555.xlsx
双喜(春天˙咖路里),260.0,225.0,0.0,0.0,2026-02-09,XQJ10000000026251755,订单明细20260329030555.xlsx
双喜(春天˙咖路里),260.0,225.0,0.0,0.0,2026-02-09,XQJ10000000026251755,订单明细20260329030555.xlsx
双喜(春天˙咖路里),260.0,225.0,0.0,0.0,2026-02-09,XQJ10000000026251755,订单明细20260329030555.xlsx
双喜(春天˙咖路里),260.0,225.0,0.0,0.0,2026-02-09,XQJ10000000026251755,订单明细20260329030555.xlsx
双喜(春天˙咖路里),260.0,225.0,0.0,0.0,2026-02-09,XQJ10000000026251755,订单明细20260329030555.xlsx
双喜(春天白月光),300.0,263.0,0.0,0.0,2026-02-09,XQJ10000000026251755,订单明细20260329030555.xlsx
双喜(春天白月光),300.0,263.0,0.0,0.0,2026-02-09,XQJ10000000026251755,订单明细20260329030555.xlsx
双喜(春天白月光),300.0,263.0,0.0,0.0,2026-02-09,XQJ10000000026251755,订单明细20260329030555.xlsx
双喜(春天白月光),300.0,263.0,0.0,0.0,2026-02-09,XQJ10000000026251755,订单明细20260329030555.xlsx
双喜(春天白月光),300.0,263.0,0.0,0.0,2026-02-09,XQJ10000000026251755,订单明细20260329030555.xlsx
双喜(硬经典1906),170.0,150.52,0.0,0.0,2026-02-09,XQJ10000000026251755,订单明细20260329030555.xlsx
双喜(硬经典1906),170.0,150.52,0.0,0.0,2026-02-09,XQJ10000000026251755,订单明细20260329030555.xlsx
双喜(硬经典1906),170.0,150.52,0.0,0.0,2026-02-09,XQJ10000000026251755,订单明细20260329030555.xlsx
双喜(硬经典1906),170.0,150.52,0.0,0.0,2026-02-09,XQJ10000000026251755,订单明细20260329030555.xlsx
双喜(硬经典1906),170.0,150.52,0.0,0.0,2026-02-09,XQJ10000000026251755,订单明细20260329030555.xlsx
大华(硬大时代),180.0,143.1,0.0,0.0,2026-02-09,XQJ10000000026251755,订单明细20260329030555.xlsx
大华(硬大时代),180.0,143.1,0.0,0.0,2026-02-09,XQJ10000000026251755,订单明细20260329030555.xlsx
大华(硬大时代),180.0,143.1,0.0,0.0,2026-02-09,XQJ10000000026251755,订单明细20260329030555.xlsx
大华(硬大时代),180.0,143.1,0.0,0.0,2026-02-09,XQJ10000000026251755,订单明细20260329030555.xlsx
大华(硬大时代),180.0,143.1,0.0,0.0,2026-02-09,XQJ10000000026251755,订单明细20260329030555.xlsx
大华(硬开元),280.0,245.0,0.0,0.0,2026-02-09,XQJ10000000026251755,订单明细20260329030555.xlsx
大华(硬开元),280.0,245.0,0.0,0.0,2026-02-09,XQJ10000000026251755,订单明细20260329030555.xlsx
大华(硬开元),280.0,245.0,0.0,0.0,2026-02-09,XQJ10000000026251755,订单明细20260329030555.xlsx
大华(硬开元),280.0,245.0,0.0,0.0,2026-02-09,XQJ10000000026251755,订单明细20260329030555.xlsx
大华(硬开元),280.0,245.0,0.0,0.0,2026-02-09,XQJ10000000026251755,订单明细20260329030555.xlsx
大卫杜夫(经典2号),4750.0,3310.75,0.0,0.0,2026-02-09,XQJ10000000026251755,订单明细20260329030555.xlsx
大卫杜夫(经典2号),4750.0,3310.75,0.0,0.0,2026-02-09,XQJ10000000026251755,订单明细20260329030555.xlsx
大卫杜夫(经典2号),4750.0,3310.75,0.0,0.0,2026-02-09,XQJ10000000026251755,订单明细20260329030555.xlsx
大卫杜夫(经典2号),4750.0,3310.75,0.0,0.0,2026-02-09,XQJ10000000026251755,订单明细20260329030555.xlsx
大卫杜夫(经典2号),4750.0,3310.75,0.0,0.0,2026-02-09,XQJ10000000026251755,订单明细20260329030555.xlsx
大卫杜夫(至暗时刻罗伯斯特),7000.0,4959.0,0.0,0.0,2026-02-09,XQJ10000000026251755,订单明细20260329030555.xlsx
大卫杜夫(至暗时刻罗伯斯特),7000.0,4959.0,0.0,0.0,2026-02-09,XQJ10000000026251755,订单明细20260329030555.xlsx
大卫杜夫(至暗时刻罗伯斯特),7000.0,4959.0,0.0,0.0,2026-02-09,XQJ10000000026251755,订单明细20260329030555.xlsx
大卫杜夫(至暗时刻罗伯斯特),7000.0,4959.0,0.0,0.0,2026-02-09,XQJ10000000026251755,订单明细20260329030555.xlsx
大卫杜夫(至暗时刻罗伯斯特),7000.0,4959.0,0.0,0.0,2026-02-09,XQJ10000000026251755,订单明细20260329030555.xlsx
天子(中支),250.0,201.4,0.0,0.0,2026-02-09,XQJ10000000026251755,订单明细20260329030555.xlsx
天子(中支),250.0,201.4,0.0,0.0,2026-02-09,XQJ10000000026251755,订单明细20260329030555.xlsx
天子(中支),250.0,201.4,0.0,0.0,2026-02-09,XQJ10000000026251755,订单明细20260329030555.xlsx
天子(中支),250.0,201.4,0.0,0.0,2026-02-09,XQJ10000000026251755,订单明细20260329030555.xlsx
天子(中支),250.0,201.4,0.0,0.0,2026-02-09,XQJ10000000026251755,订单明细20260329030555.xlsx
天子(硬珍品龙凤呈祥),210.0,180.2,0.0,0.0,2026-02-09,XQJ10000000026251755,订单明细20260329030555.xlsx
天子(硬珍品龙凤呈祥),210.0,180.2,0.0,0.0,2026-02-09,XQJ10000000026251755,订单明细20260329030555.xlsx
天子(硬珍品龙凤呈祥),210.0,180.2,0.0,0.0,2026-02-09,XQJ10000000026251755,订单明细20260329030555.xlsx
天子(硬珍品龙凤呈祥),210.0,180.2,0.0,0.0,2026-02-09,XQJ10000000026251755,订单明细20260329030555.xlsx
天子(硬珍品龙凤呈祥),210.0,180.2,0.0,0.0,2026-02-09,XQJ10000000026251755,订单明细20260329030555.xlsx
天子(金),200.0,167.48,0.0,0.0,2026-02-09,XQJ10000000026251755,订单明细20260329030555.xlsx
天子(金),200.0,167.48,0.0,0.0,2026-02-09,XQJ10000000026251755,订单明细20260329030555.xlsx
天子(金),200.0,167.48,0.0,0.0,2026-02-09,XQJ10000000026251755,订单明细20260329030555.xlsx
天子(金),200.0,167.48,0.0,0.0,2026-02-09,XQJ10000000026251755,订单明细20260329030555.xlsx
天子(金),200.0,167.48,0.0,0.0,2026-02-09,XQJ10000000026251755,订单明细20260329030555.xlsx
好猫(细支长乐),160.0,139.92,0.0,0.0,2026-02-09,XQJ10000000026251755,订单明细20260329030555.xlsx
好猫(细支长乐),160.0,139.92,0.0,0.0,2026-02-09,XQJ10000000026251755,订单明细20260329030555.xlsx
好猫(细支长乐),160.0,139.92,0.0,0.0,2026-02-09,XQJ10000000026251755,订单明细20260329030555.xlsx
好猫(细支长乐),160.0,139.92,0.0,0.0,2026-02-09,XQJ10000000026251755,订单明细20260329030555.xlsx
好猫(细支长乐),160.0,139.92,0.0,0.0,2026-02-09,XQJ10000000026251755,订单明细20260329030555.xlsx
好猫(长乐九美),200.0,175.0,0.0,0.0,2026-02-09,XQJ10000000026251755,订单明细20260329030555.xlsx
好猫(长乐九美),200.0,175.0,0.0,0.0,2026-02-09,XQJ10000000026251755,订单明细20260329030555.xlsx
好猫(长乐九美),200.0,175.0,0.0,0.0,2026-02-09,XQJ10000000026251755,订单明细20260329030555.xlsx
好猫(长乐九美),200.0,175.0,0.0,0.0,2026-02-09,XQJ10000000026251755,订单明细20260329030555.xlsx
好猫(长乐九美),200.0,175.0,0.0,0.0,2026-02-09,XQJ10000000026251755,订单明细20260329030555.xlsx
威斯(小熊猫),100.0,88.0,0.0,0.0,2026-02-09,XQJ10000000026251755,订单明细20260329030555.xlsx
威斯(小熊猫),100.0,88.0,0.0,0.0,2026-02-09,XQJ10000000026251755,订单明细20260329030555.xlsx
威斯(小熊猫),100.0,88.0,0.0,0.0,2026-02-09,XQJ10000000026251755,订单明细20260329030555.xlsx
威斯(小熊猫),100.0,88.0,0.0,0.0,2026-02-09,XQJ10000000026251755,订单明细20260329030555.xlsx
威斯(小熊猫),100.0,88.0,0.0,0.0,2026-02-09,XQJ10000000026251755,订单明细20260329030555.xlsx
娇子(X),110.0,97.0,1.0,97.0,2026-02-09,XQJ10000000026251755,订单明细20260329030555.xlsx
娇子(X),110.0,97.0,1.0,97.0,2026-02-09,XQJ10000000026251755,订单明细20260329030555.xlsx
娇子(X),110.0,97.0,1.0,97.0,2026-02-09,XQJ10000000026251755,订单明细20260329030555.xlsx
娇子(X),110.0,97.0,1.0,97.0,2026-02-09,XQJ10000000026251755,订单明细20260329030555.xlsx
娇子(X),110.0,97.0,1.0,97.0,2026-02-09,XQJ10000000026251755,订单明细20260329030555.xlsx
娇子(宽窄锦上细支),300.0,263.0,1.0,263.0,2026-02-09,XQJ10000000026251755,订单明细20260329030555.xlsx
娇子(宽窄锦上细支),300.0,263.0,1.0,263.0,2026-02-09,XQJ10000000026251755,订单明细20260329030555.xlsx
娇子(宽窄锦上细支),300.0,263.0,1.0,263.0,2026-02-09,XQJ10000000026251755,订单明细20260329030555.xlsx
娇子(宽窄锦上细支),300.0,263.0,1.0,263.0,2026-02-09,XQJ10000000026251755,订单明细20260329030555.xlsx
娇子(宽窄锦上细支),300.0,263.0,1.0,263.0,2026-02-09,XQJ10000000026251755,订单明细20260329030555.xlsx
娇子(格调细支),150.0,129.3,0.0,0.0,2026-02-09,XQJ10000000026251755,订单明细20260329030555.xlsx
娇子(格调细支),150.0,129.3,0.0,0.0,2026-02-09,XQJ10000000026251755,订单明细20260329030555.xlsx
娇子(格调细支),150.0,129.3,0.0,0.0,2026-02-09,XQJ10000000026251755,订单明细20260329030555.xlsx
娇子(格调细支),150.0,129.3,0.0,0.0,2026-02-09,XQJ10000000026251755,订单明细20260329030555.xlsx
娇子(格调细支),150.0,129.3,0.0,0.0,2026-02-09,XQJ10000000026251755,订单明细20260329030555.xlsx
寂静(红点系列白色罗布图),5200.0,3619.8,0.0,0.0,2026-02-09,XQJ10000000026251755,订单明细20260329030555.xlsx
寂静(红点系列白色罗布图),5200.0,3619.8,0.0,0.0,2026-02-09,XQJ10000000026251755,订单明细20260329030555.xlsx
寂静(红点系列白色罗布图),5200.0,3619.8,0.0,0.0,2026-02-09,XQJ10000000026251755,订单明细20260329030555.xlsx
寂静(红点系列白色罗布图),5200.0,3619.8,0.0,0.0,2026-02-09,XQJ10000000026251755,订单明细20260329030555.xlsx
寂静(红点系列白色罗布图),5200.0,3619.8,0.0,0.0,2026-02-09,XQJ10000000026251755,订单明细20260329030555.xlsx
寂静(红点系列罗步图),3750.0,2681.75,0.0,0.0,2026-02-09,XQJ10000000026251755,订单明细20260329030555.xlsx
寂静(红点系列罗步图),3750.0,2681.75,0.0,0.0,2026-02-09,XQJ10000000026251755,订单明细20260329030555.xlsx
寂静(红点系列罗步图),3750.0,2681.75,0.0,0.0,2026-02-09,XQJ10000000026251755,订单明细20260329030555.xlsx
寂静(红点系列罗步图),3750.0,2681.75,0.0,0.0,2026-02-09,XQJ10000000026251755,订单明细20260329030555.xlsx
寂静(红点系列罗步图),3750.0,2681.75,0.0,0.0,2026-02-09,XQJ10000000026251755,订单明细20260329030555.xlsx
富恩特(唐·卡洛斯罗布图),7375.0,5900.0,0.0,0.0,2026-02-09,XQJ10000000026251755,订单明细20260329030555.xlsx
富恩特(唐·卡洛斯罗布图),7375.0,5900.0,0.0,0.0,2026-02-09,XQJ10000000026251755,订单明细20260329030555.xlsx
富恩特(唐·卡洛斯罗布图),7375.0,5900.0,0.0,0.0,2026-02-09,XQJ10000000026251755,订单明细20260329030555.xlsx
富恩特(唐·卡洛斯罗布图),7375.0,5900.0,0.0,0.0,2026-02-09,XQJ10000000026251755,订单明细20260329030555.xlsx
富恩特(唐·卡洛斯罗布图),7375.0,5900.0,0.0,0.0,2026-02-09,XQJ10000000026251755,订单明细20260329030555.xlsx
富恩特(海明威短篇小说),6375.0,5100.0,0.0,0.0,2026-02-09,XQJ10000000026251755,订单明细20260329030555.xlsx
富恩特(海明威短篇小说),6375.0,5100.0,0.0,0.0,2026-02-09,XQJ10000000026251755,订单明细20260329030555.xlsx
富恩特(海明威短篇小说),6375.0,5100.0,0.0,0.0,2026-02-09,XQJ10000000026251755,订单明细20260329030555.xlsx
富恩特(海明威短篇小说),6375.0,5100.0,0.0,0.0,2026-02-09,XQJ10000000026251755,订单明细20260329030555.xlsx
富恩特(海明威短篇小说),6375.0,5100.0,0.0,0.0,2026-02-09,XQJ10000000026251755,订单明细20260329030555.xlsx
富恩特(热带雨林),3750.0,2896.5,0.0,0.0,2026-02-09,XQJ10000000026251755,订单明细20260329030555.xlsx
富恩特(热带雨林),3750.0,2896.5,0.0,0.0,2026-02-09,XQJ10000000026251755,订单明细20260329030555.xlsx
富恩特(热带雨林),3750.0,2896.5,0.0,0.0,2026-02-09,XQJ10000000026251755,订单明细20260329030555.xlsx
富恩特(热带雨林),3750.0,2896.5,0.0,0.0,2026-02-09,XQJ10000000026251755,订单明细20260329030555.xlsx
富恩特(热带雨林),3750.0,2896.5,0.0,0.0,2026-02-09,XQJ10000000026251755,订单明细20260329030555.xlsx
富恩特(玛瑙56),7375.0,5900.0,0.0,0.0,2026-02-09,XQJ10000000026251755,订单明细20260329030555.xlsx
富恩特(玛瑙56),7375.0,5900.0,0.0,0.0,2026-02-09,XQJ10000000026251755,订单明细20260329030555.xlsx
富恩特(玛瑙56),7375.0,5900.0,0.0,0.0,2026-02-09,XQJ10000000026251755,订单明细20260329030555.xlsx
富恩特(玛瑙56),7375.0,5900.0,0.0,0.0,2026-02-09,XQJ10000000026251755,订单明细20260329030555.xlsx
富恩特(玛瑙56),7375.0,5900.0,0.0,0.0,2026-02-09,XQJ10000000026251755,订单明细20260329030555.xlsx
富恩特(珍藏858),1950.0,1549.3,0.0,0.0,2026-02-09,XQJ10000000026251755,订单明细20260329030555.xlsx
富恩特(珍藏858),1950.0,1549.3,0.0,0.0,2026-02-09,XQJ10000000026251755,订单明细20260329030555.xlsx
富恩特(珍藏858),1950.0,1549.3,0.0,0.0,2026-02-09,XQJ10000000026251755,订单明细20260329030555.xlsx
富恩特(珍藏858),1950.0,1549.3,0.0,0.0,2026-02-09,XQJ10000000026251755,订单明细20260329030555.xlsx
富恩特(珍藏858),1950.0,1549.3,0.0,0.0,2026-02-09,XQJ10000000026251755,订单明细20260329030555.xlsx
将军(大力神),400.0,260.0,0.0,0.0,2026-02-09,XQJ10000000026251755,订单明细20260329030555.xlsx
将军(大力神),400.0,260.0,0.0,0.0,2026-02-09,XQJ10000000026251755,订单明细20260329030555.xlsx
将军(大力神),400.0,260.0,0.0,0.0,2026-02-09,XQJ10000000026251755,订单明细20260329030555.xlsx
将军(大力神),400.0,260.0,0.0,0.0,2026-02-09,XQJ10000000026251755,订单明细20260329030555.xlsx
将军(大力神),400.0,260.0,0.0,0.0,2026-02-09,XQJ10000000026251755,订单明细20260329030555.xlsx
将军(战神),230.0,161.0,0.0,0.0,2026-02-09,XQJ10000000026251755,订单明细20260329030555.xlsx
将军(战神),230.0,161.0,0.0,0.0,2026-02-09,XQJ10000000026251755,订单明细20260329030555.xlsx
将军(战神),230.0,161.0,0.0,0.0,2026-02-09,XQJ10000000026251755,订单明细20260329030555.xlsx
将军(战神),230.0,161.0,0.0,0.0,2026-02-09,XQJ10000000026251755,订单明细20260329030555.xlsx
将军(战神),230.0,161.0,0.0,0.0,2026-02-09,XQJ10000000026251755,订单明细20260329030555.xlsx
将军(战神荣耀),1000.0,720.0,0.0,0.0,2026-02-09,XQJ10000000026251755,订单明细20260329030555.xlsx
将军(战神荣耀),1000.0,720.0,0.0,0.0,2026-02-09,XQJ10000000026251755,订单明细20260329030555.xlsx
将军(战神荣耀),1000.0,720.0,0.0,0.0,2026-02-09,XQJ10000000026251755,订单明细20260329030555.xlsx
将军(战神荣耀),1000.0,720.0,0.0,0.0,2026-02-09,XQJ10000000026251755,订单明细20260329030555.xlsx
将军(战神荣耀),1000.0,720.0,0.0,0.0,2026-02-09,XQJ10000000026251755,订单明细20260329030555.xlsx
工字(红),110.0,86.0,0.0,0.0,2026-02-09,XQJ10000000026251755,订单明细20260329030555.xlsx
工字(红),110.0,86.0,0.0,0.0,2026-02-09,XQJ10000000026251755,订单明细20260329030555.xlsx
工字(红),110.0,86.0,0.0,0.0,2026-02-09,XQJ10000000026251755,订单明细20260329030555.xlsx
工字(红),110.0,86.0,0.0,0.0,2026-02-09,XQJ10000000026251755,订单明细20260329030555.xlsx
工字(红),110.0,86.0,0.0,0.0,2026-02-09,XQJ10000000026251755,订单明细20260329030555.xlsx
帕特加(喜维亚四号),6750.0,4784.0,0.0,0.0,2026-02-09,XQJ10000000026251755,订单明细20260329030555.xlsx
帕特加(喜维亚四号),6750.0,4784.0,0.0,0.0,2026-02-09,XQJ10000000026251755,订单明细20260329030555.xlsx
帕特加(喜维亚四号),6750.0,4784.0,0.0,0.0,2026-02-09,XQJ10000000026251755,订单明细20260329030555.xlsx
帕特加(喜维亚四号),6750.0,4784.0,0.0,0.0,2026-02-09,XQJ10000000026251755,订单明细20260329030555.xlsx
帕特加(喜维亚四号),6750.0,4784.0,0.0,0.0,2026-02-09,XQJ10000000026251755,订单明细20260329030555.xlsx
泰山(3G水蜜桃二代),180.0,136.2,0.0,0.0,2026-02-09,XQJ10000000026251755,订单明细20260329030555.xlsx
泰山(3G水蜜桃二代),180.0,136.2,0.0,0.0,2026-02-09,XQJ10000000026251755,订单明细20260329030555.xlsx
泰山(3G水蜜桃二代),180.0,136.2,0.0,0.0,2026-02-09,XQJ10000000026251755,订单明细20260329030555.xlsx
泰山(3G水蜜桃二代),180.0,136.2,0.0,0.0,2026-02-09,XQJ10000000026251755,订单明细20260329030555.xlsx
泰山(3G水蜜桃二代),180.0,136.2,0.0,0.0,2026-02-09,XQJ10000000026251755,订单明细20260329030555.xlsx
泰山(儒风细支),300.0,263.0,0.0,0.0,2026-02-09,XQJ10000000026251755,订单明细20260329030555.xlsx
泰山(儒风细支),300.0,263.0,0.0,0.0,2026-02-09,XQJ10000000026251755,订单明细20260329030555.xlsx
泰山(儒风细支),300.0,263.0,0.0,0.0,2026-02-09,XQJ10000000026251755,订单明细20260329030555.xlsx
泰山(儒风细支),300.0,263.0,0.0,0.0,2026-02-09,XQJ10000000026251755,订单明细20260329030555.xlsx
泰山(儒风细支),300.0,263.0,0.0,0.0,2026-02-09,XQJ10000000026251755,订单明细20260329030555.xlsx
泰山(巅峰5号),3000.0,1800.0,0.0,0.0,2026-02-09,XQJ10000000026251755,订单明细20260329030555.xlsx
泰山(巅峰5号),3000.0,1800.0,0.0,0.0,2026-02-09,XQJ10000000026251755,订单明细20260329030555.xlsx
泰山(巅峰5号),3000.0,1800.0,0.0,0.0,2026-02-09,XQJ10000000026251755,订单明细20260329030555.xlsx
泰山(巅峰5号),3000.0,1800.0,0.0,0.0,2026-02-09,XQJ10000000026251755,订单明细20260329030555.xlsx
泰山(巅峰5号),3000.0,1800.0,0.0,0.0,2026-02-09,XQJ10000000026251755,订单明细20260329030555.xlsx
泰山(巴哈马),260.0,196.0,0.0,0.0,2026-02-09,XQJ10000000026251755,订单明细20260329030555.xlsx
泰山(巴哈马),260.0,196.0,0.0,0.0,2026-02-09,XQJ10000000026251755,订单明细20260329030555.xlsx
泰山(巴哈马),260.0,196.0,0.0,0.0,2026-02-09,XQJ10000000026251755,订单明细20260329030555.xlsx
泰山(巴哈马),260.0,196.0,0.0,0.0,2026-02-09,XQJ10000000026251755,订单明细20260329030555.xlsx
泰山(巴哈马),260.0,196.0,0.0,0.0,2026-02-09,XQJ10000000026251755,订单明细20260329030555.xlsx
泰山(心悦）,160.0,139.92,2.0,279.84,2026-02-09,XQJ10000000026251755,订单明细20260329030555.xlsx
泰山(心悦）,160.0,139.92,2.0,279.84,2026-02-09,XQJ10000000026251755,订单明细20260329030555.xlsx
泰山(心悦）,160.0,139.92,2.0,279.84,2026-02-09,XQJ10000000026251755,订单明细20260329030555.xlsx
泰山(心悦）,160.0,139.92,2.0,279.84,2026-02-09,XQJ10000000026251755,订单明细20260329030555.xlsx
泰山(心悦）,160.0,139.92,2.0,279.84,2026-02-09,XQJ10000000026251755,订单明细20260329030555.xlsx
泰山(战神2号),1440.0,864.0,0.0,0.0,2026-02-09,XQJ10000000026251755,订单明细20260329030555.xlsx
泰山(战神2号),1440.0,864.0,0.0,0.0,2026-02-09,XQJ10000000026251755,订单明细20260329030555.xlsx
泰山(战神2号),1440.0,864.0,0.0,0.0,2026-02-09,XQJ10000000026251755,订单明细20260329030555.xlsx
泰山(战神2号),1440.0,864.0,0.0,0.0,2026-02-09,XQJ10000000026251755,订单明细20260329030555.xlsx
泰山(战神2号),1440.0,864.0,0.0,0.0,2026-02-09,XQJ10000000026251755,订单明细20260329030555.xlsx
泰山(战神5号),400.0,260.0,0.0,0.0,2026-02-09,XQJ10000000026251755,订单明细20260329030555.xlsx
泰山(战神5号),400.0,260.0,0.0,0.0,2026-02-09,XQJ10000000026251755,订单明细20260329030555.xlsx
泰山(战神5号),400.0,260.0,0.0,0.0,2026-02-09,XQJ10000000026251755,订单明细20260329030555.xlsx
泰山(战神5号),400.0,260.0,0.0,0.0,2026-02-09,XQJ10000000026251755,订单明细20260329030555.xlsx
泰山(战神5号),400.0,260.0,0.0,0.0,2026-02-09,XQJ10000000026251755,订单明细20260329030555.xlsx
泰山(战神6号),1440.0,864.0,0.0,0.0,2026-02-09,XQJ10000000026251755,订单明细20260329030555.xlsx
泰山(战神6号),1440.0,864.0,0.0,0.0,2026-02-09,XQJ10000000026251755,订单明细20260329030555.xlsx
泰山(战神6号),1440.0,864.0,0.0,0.0,2026-02-09,XQJ10000000026251755,订单明细20260329030555.xlsx
泰山(战神6号),1440.0,864.0,0.0,0.0,2026-02-09,XQJ10000000026251755,订单明细20260329030555.xlsx
泰山(战神6号),1440.0,864.0,0.0,0.0,2026-02-09,XQJ10000000026251755,订单明细20260329030555.xlsx
泰山(战神白金),1600.0,960.0,0.0,0.0,2026-02-09,XQJ10000000026251755,订单明细20260329030555.xlsx
泰山(战神白金),1600.0,960.0,0.0,0.0,2026-02-09,XQJ10000000026251755,订单明细20260329030555.xlsx
泰山(战神白金),1600.0,960.0,0.0,0.0,2026-02-09,XQJ10000000026251755,订单明细20260329030555.xlsx
泰山(战神白金),1600.0,960.0,0.0,0.0,2026-02-09,XQJ10000000026251755,订单明细20260329030555.xlsx
泰山(战神白金),1600.0,960.0,0.0,0.0,2026-02-09,XQJ10000000026251755,订单明细20260329030555.xlsx
泰山(战神黑金),2400.0,1440.0,0.0,0.0,2026-02-09,XQJ10000000026251755,订单明细20260329030555.xlsx
泰山(战神黑金),2400.0,1440.0,0.0,0.0,2026-02-09,XQJ10000000026251755,订单明细20260329030555.xlsx
泰山(战神黑金),2400.0,1440.0,0.0,0.0,2026-02-09,XQJ10000000026251755,订单明细20260329030555.xlsx
泰山(战神黑金),2400.0,1440.0,0.0,0.0,2026-02-09,XQJ10000000026251755,订单明细20260329030555.xlsx
泰山(战神黑金),2400.0,1440.0,0.0,0.0,2026-02-09,XQJ10000000026251755,订单明细20260329030555.xlsx
泰山(硬红八喜),65.0,57.24,0.0,0.0,2026-02-09,XQJ10000000026251755,订单明细20260329030555.xlsx
泰山(硬红八喜),65.0,57.24,0.0,0.0,2026-02-09,XQJ10000000026251755,订单明细20260329030555.xlsx
泰山(硬红八喜),65.0,57.24,0.0,0.0,2026-02-09,XQJ10000000026251755,订单明细20260329030555.xlsx
泰山(硬红八喜),65.0,57.24,0.0,0.0,2026-02-09,XQJ10000000026251755,订单明细20260329030555.xlsx
泰山(硬红八喜),65.0,57.24,0.0,0.0,2026-02-09,XQJ10000000026251755,订单明细20260329030555.xlsx
泰山(颜悦),200.0,167.48,1.0,167.48,2026-02-09,XQJ10000000026251755,订单明细20260329030555.xlsx
泰山(颜悦),200.0,167.48,1.0,167.48,2026-02-09,XQJ10000000026251755,订单明细20260329030555.xlsx
泰山(颜悦),200.0,167.48,1.0,167.48,2026-02-09,XQJ10000000026251755,订单明细20260329030555.xlsx
泰山(颜悦),200.0,167.48,1.0,167.48,2026-02-09,XQJ10000000026251755,订单明细20260329030555.xlsx
泰山(颜悦),200.0,167.48,1.0,167.48,2026-02-09,XQJ10000000026251755,订单明细20260329030555.xlsx
潮牌(冠军),1600.0,1091.7,0.0,0.0,2026-02-09,XQJ10000000026251755,订单明细20260329030555.xlsx
潮牌(冠军),1600.0,1091.7,0.0,0.0,2026-02-09,XQJ10000000026251755,订单明细20260329030555.xlsx
潮牌(冠军),1600.0,1091.7,0.0,0.0,2026-02-09,XQJ10000000026251755,订单明细20260329030555.xlsx
潮牌(冠军),1600.0,1091.7,0.0,0.0,2026-02-09,XQJ10000000026251755,订单明细20260329030555.xlsx
潮牌(冠军),1600.0,1091.7,0.0,0.0,2026-02-09,XQJ10000000026251755,订单明细20260329030555.xlsx
熊猫(典藏中支),1200.0,1000.0,0.0,0.0,2026-02-09,XQJ10000000026251755,订单明细20260329030555.xlsx
熊猫(典藏中支),1200.0,1000.0,0.0,0.0,2026-02-09,XQJ10000000026251755,订单明细20260329030555.xlsx
熊猫(典藏中支),1200.0,1000.0,0.0,0.0,2026-02-09,XQJ10000000026251755,订单明细20260329030555.xlsx
熊猫(典藏中支),1200.0,1000.0,0.0,0.0,2026-02-09,XQJ10000000026251755,订单明细20260329030555.xlsx
熊猫(典藏中支),1200.0,1000.0,0.0,0.0,2026-02-09,XQJ10000000026251755,订单明细20260329030555.xlsx
熊猫(硬经典),1000.0,848.0,0.0,0.0,2026-02-09,XQJ10000000026251755,订单明细20260329030555.xlsx
熊猫(硬经典),1000.0,848.0,0.0,0.0,2026-02-09,XQJ10000000026251755,订单明细20260329030555.xlsx
熊猫(硬经典),1000.0,848.0,0.0,0.0,2026-02-09,XQJ10000000026251755,订单明细20260329030555.xlsx
熊猫(硬经典),1000.0,848.0,0.0,0.0,2026-02-09,XQJ10000000026251755,订单明细20260329030555.xlsx
熊猫(硬经典),1000.0,848.0,0.0,0.0,2026-02-09,XQJ10000000026251755,订单明细20260329030555.xlsx
熊猫(经典细支),1000.0,848.0,0.0,0.0,2026-02-09,XQJ10000000026251755,订单明细20260329030555.xlsx
熊猫(经典细支),1000.0,848.0,0.0,0.0,2026-02-09,XQJ10000000026251755,订单明细20260329030555.xlsx
熊猫(经典细支),1000.0,848.0,0.0,0.0,2026-02-09,XQJ10000000026251755,订单明细20260329030555.xlsx
熊猫(经典细支),1000.0,848.0,0.0,0.0,2026-02-09,XQJ10000000026251755,订单明细20260329030555.xlsx
熊猫(经典细支),1000.0,848.0,0.0,0.0,2026-02-09,XQJ10000000026251755,订单明细20260329030555.xlsx
爱喜幻变,240.0,207.97,0.0,0.0,2026-02-09,XQJ10000000026251755,订单明细20260329030555.xlsx
爱喜幻变,240.0,207.97,0.0,0.0,2026-02-09,XQJ10000000026251755,订单明细20260329030555.xlsx
爱喜幻变,240.0,207.97,0.0,0.0,2026-02-09,XQJ10000000026251755,订单明细20260329030555.xlsx
爱喜幻变,240.0,207.97,0.0,0.0,2026-02-09,XQJ10000000026251755,订单明细20260329030555.xlsx
爱喜幻变,240.0,207.97,0.0,0.0,2026-02-09,XQJ10000000026251755,订单明细20260329030555.xlsx
爱喜薄荷,220.0,196.24,0.0,0.0,2026-02-09,XQJ10000000026251755,订单明细20260329030555.xlsx
爱喜薄荷,220.0,196.24,0.0,0.0,2026-02-09,XQJ10000000026251755,订单明细20260329030555.xlsx
爱喜薄荷,220.0,196.24,0.0,0.0,2026-02-09,XQJ10000000026251755,订单明细20260329030555.xlsx
爱喜薄荷,220.0,196.24,0.0,0.0,2026-02-09,XQJ10000000026251755,订单明细20260329030555.xlsx
爱喜薄荷,220.0,196.24,0.0,0.0,2026-02-09,XQJ10000000026251755,订单明细20260329030555.xlsx
牡丹(红中支),200.0,175.0,2.0,350.0,2026-02-09,XQJ10000000026251755,订单明细20260329030555.xlsx
牡丹(红中支),200.0,175.0,2.0,350.0,2026-02-09,XQJ10000000026251755,订单明细20260329030555.xlsx
牡丹(红中支),200.0,175.0,2.0,350.0,2026-02-09,XQJ10000000026251755,订单明细20260329030555.xlsx
牡丹(红中支),200.0,175.0,2.0,350.0,2026-02-09,XQJ10000000026251755,订单明细20260329030555.xlsx
牡丹(红中支),200.0,175.0,2.0,350.0,2026-02-09,XQJ10000000026251755,订单明细20260329030555.xlsx
牡丹(蓝中支),300.0,263.0,0.0,0.0,2026-02-09,XQJ10000000026251755,订单明细20260329030555.xlsx
牡丹(蓝中支),300.0,263.0,0.0,0.0,2026-02-09,XQJ10000000026251755,订单明细20260329030555.xlsx
牡丹(蓝中支),300.0,263.0,0.0,0.0,2026-02-09,XQJ10000000026251755,订单明细20260329030555.xlsx
牡丹(蓝中支),300.0,263.0,0.0,0.0,2026-02-09,XQJ10000000026251755,订单明细20260329030555.xlsx
牡丹(蓝中支),300.0,263.0,0.0,0.0,2026-02-09,XQJ10000000026251755,订单明细20260329030555.xlsx
牡丹(蓝彩细支),300.0,263.0,0.0,0.0,2026-02-09,XQJ10000000026251755,订单明细20260329030555.xlsx
牡丹(蓝彩细支),300.0,263.0,0.0,0.0,2026-02-09,XQJ10000000026251755,订单明细20260329030555.xlsx
牡丹(蓝彩细支),300.0,263.0,0.0,0.0,2026-02-09,XQJ10000000026251755,订单明细20260329030555.xlsx
牡丹(蓝彩细支),300.0,263.0,0.0,0.0,2026-02-09,XQJ10000000026251755,订单明细20260329030555.xlsx
牡丹(蓝彩细支),300.0,263.0,0.0,0.0,2026-02-09,XQJ10000000026251755,订单明细20260329030555.xlsx
牡丹(软),140.0,121.9,2.0,243.8,2026-02-09,XQJ10000000026251755,订单明细20260329030555.xlsx
牡丹(软),140.0,121.9,2.0,243.8,2026-02-09,XQJ10000000026251755,订单明细20260329030555.xlsx
牡丹(软),140.0,121.9,2.0,243.8,2026-02-09,XQJ10000000026251755,订单明细20260329030555.xlsx
牡丹(软),140.0,121.9,2.0,243.8,2026-02-09,XQJ10000000026251755,订单明细20260329030555.xlsx
牡丹(软),140.0,121.9,2.0,243.8,2026-02-09,XQJ10000000026251755,订单明细20260329030555.xlsx
狮牌(加勒比阳光),600.0,452.0,0.0,0.0,2026-02-09,XQJ10000000026251755,订单明细20260329030555.xlsx
狮牌(加勒比阳光),600.0,452.0,0.0,0.0,2026-02-09,XQJ10000000026251755,订单明细20260329030555.xlsx
狮牌(加勒比阳光),600.0,452.0,0.0,0.0,2026-02-09,XQJ10000000026251755,订单明细20260329030555.xlsx
狮牌(加勒比阳光),600.0,452.0,0.0,0.0,2026-02-09,XQJ10000000026251755,订单明细20260329030555.xlsx
狮牌(加勒比阳光),600.0,452.0,0.0,0.0,2026-02-09,XQJ10000000026251755,订单明细20260329030555.xlsx
玉溪(中支和谐),400.0,339.2,0.0,0.0,2026-02-09,XQJ10000000026251755,订单明细20260329030555.xlsx
玉溪(中支和谐),400.0,339.2,0.0,0.0,2026-02-09,XQJ10000000026251755,订单明细20260329030555.xlsx
玉溪(中支和谐),400.0,339.2,0.0,0.0,2026-02-09,XQJ10000000026251755,订单明细20260329030555.xlsx
玉溪(中支和谐),400.0,339.2,0.0,0.0,2026-02-09,XQJ10000000026251755,订单明细20260329030555.xlsx
玉溪(中支和谐),400.0,339.2,0.0,0.0,2026-02-09,XQJ10000000026251755,订单明细20260329030555.xlsx
玉溪(合顺),300.0,263.0,0.0,0.0,2026-02-09,XQJ10000000026251755,订单明细20260329030555.xlsx
玉溪(合顺),300.0,263.0,0.0,0.0,2026-02-09,XQJ10000000026251755,订单明细20260329030555.xlsx
玉溪(合顺),300.0,263.0,0.0,0.0,2026-02-09,XQJ10000000026251755,订单明细20260329030555.xlsx
玉溪(合顺),300.0,263.0,0.0,0.0,2026-02-09,XQJ10000000026251755,订单明细20260329030555.xlsx
玉溪(合顺),300.0,263.0,0.0,0.0,2026-02-09,XQJ10000000026251755,订单明细20260329030555.xlsx
玉溪(硬和谐),400.0,339.2,4.0,1356.8,2026-02-09,XQJ10000000026251755,订单明细20260329030555.xlsx
玉溪(硬和谐),400.0,339.2,4.0,1356.8,2026-02-09,XQJ10000000026251755,订单明细20260329030555.xlsx
玉溪(硬和谐),400.0,339.2,4.0,1356.8,2026-02-09,XQJ10000000026251755,订单明细20260329030555.xlsx
玉溪(硬和谐),400.0,339.2,4.0,1356.8,2026-02-09,XQJ10000000026251755,订单明细20260329030555.xlsx
玉溪(硬和谐),400.0,339.2,4.0,1356.8,2026-02-09,XQJ10000000026251755,订单明细20260329030555.xlsx
玉溪(细支),300.0,263.0,1.0,263.0,2026-02-09,XQJ10000000026251755,订单明细20260329030555.xlsx
玉溪(细支),300.0,263.0,1.0,263.0,2026-02-09,XQJ10000000026251755,订单明细20260329030555.xlsx
玉溪(细支),300.0,263.0,1.0,263.0,2026-02-09,XQJ10000000026251755,订单明细20260329030555.xlsx
玉溪(细支),300.0,263.0,1.0,263.0,2026-02-09,XQJ10000000026251755,订单明细20260329030555.xlsx
玉溪(细支),300.0,263.0,1.0,263.0,2026-02-09,XQJ10000000026251755,订单明细20260329030555.xlsx
玉溪(细支缤果爆),260.0,225.0,0.0,0.0,2026-02-09,XQJ10000000026251755,订单明细20260329030555.xlsx
玉溪(细支缤果爆),260.0,225.0,0.0,0.0,2026-02-09,XQJ10000000026251755,订单明细20260329030555.xlsx
玉溪(细支缤果爆),260.0,225.0,0.0,0.0,2026-02-09,XQJ10000000026251755,订单明细20260329030555.xlsx
玉溪(细支缤果爆),260.0,225.0,0.0,0.0,2026-02-09,XQJ10000000026251755,订单明细20260329030555.xlsx
玉溪(细支缤果爆),260.0,225.0,0.0,0.0,2026-02-09,XQJ10000000026251755,订单明细20260329030555.xlsx
玉溪(细支翡翠),800.0,678.4,1.0,678.4,2026-02-09,XQJ10000000026251755,订单明细20260329030555.xlsx
玉溪(细支翡翠),800.0,678.4,1.0,678.4,2026-02-09,XQJ10000000026251755,订单明细20260329030555.xlsx
玉溪(细支翡翠),800.0,678.4,1.0,678.4,2026-02-09,XQJ10000000026251755,订单明细20260329030555.xlsx
玉溪(细支翡翠),800.0,678.4,1.0,678.4,2026-02-09,XQJ10000000026251755,订单明细20260329030555.xlsx
玉溪(细支翡翠),800.0,678.4,1.0,678.4,2026-02-09,XQJ10000000026251755,订单明细20260329030555.xlsx
玉溪(软),230.0,201.4,0.0,0.0,2026-02-09,XQJ10000000026251755,订单明细20260329030555.xlsx
玉溪(软),230.0,201.4,0.0,0.0,2026-02-09,XQJ10000000026251755,订单明细20260329030555.xlsx
玉溪(软),230.0,201.4,0.0,0.0,2026-02-09,XQJ10000000026251755,订单明细20260329030555.xlsx
玉溪(软),230.0,201.4,0.0,0.0,2026-02-09,XQJ10000000026251755,订单明细20260329030555.xlsx
玉溪(软),230.0,201.4,0.0,0.0,2026-02-09,XQJ10000000026251755,订单明细20260329030555.xlsx
玉溪(软初心),200.0,175.0,1.0,175.0,2026-02-09,XQJ10000000026251755,订单明细20260329030555.xlsx
玉溪(软初心),200.0,175.0,1.0,175.0,2026-02-09,XQJ10000000026251755,订单明细20260329030555.xlsx
玉溪(软初心),200.0,175.0,1.0,175.0,2026-02-09,XQJ10000000026251755,订单明细20260329030555.xlsx
玉溪(软初心),200.0,175.0,1.0,175.0,2026-02-09,XQJ10000000026251755,订单明细20260329030555.xlsx
玉溪(软初心),200.0,175.0,1.0,175.0,2026-02-09,XQJ10000000026251755,订单明细20260329030555.xlsx
玉溪(软境界),800.0,678.4,0.0,0.0,2026-02-09,XQJ10000000026251755,订单明细20260329030555.xlsx
玉溪(软境界),800.0,678.4,0.0,0.0,2026-02-09,XQJ10000000026251755,订单明细20260329030555.xlsx
玉溪(软境界),800.0,678.4,0.0,0.0,2026-02-09,XQJ10000000026251755,订单明细20260329030555.xlsx
玉溪(软境界),800.0,678.4,0.0,0.0,2026-02-09,XQJ10000000026251755,订单明细20260329030555.xlsx
玉溪(软境界),800.0,678.4,0.0,0.0,2026-02-09,XQJ10000000026251755,订单明细20260329030555.xlsx
玉溪(软尚善),280.0,243.8,27.0,6582.6,2026-02-09,XQJ10000000026251755,订单明细20260329030555.xlsx
玉溪(软尚善),280.0,243.8,27.0,6582.6,2026-02-09,XQJ10000000026251755,订单明细20260329030555.xlsx
玉溪(软尚善),280.0,243.8,27.0,6582.6,2026-02-09,XQJ10000000026251755,订单明细20260329030555.xlsx
玉溪(软尚善),280.0,243.8,27.0,6582.6,2026-02-09,XQJ10000000026251755,订单明细20260329030555.xlsx
玉溪(软尚善),280.0,243.8,27.0,6582.6,2026-02-09,XQJ10000000026251755,订单明细20260329030555.xlsx
玉溪(软阿诗玛),200.0,175.0,1.0,175.0,2026-02-09,XQJ10000000026251755,订单明细20260329030555.xlsx
玉溪(软阿诗玛),200.0,175.0,1.0,175.0,2026-02-09,XQJ10000000026251755,订单明细20260329030555.xlsx
玉溪(软阿诗玛),200.0,175.0,1.0,175.0,2026-02-09,XQJ10000000026251755,订单明细20260329030555.xlsx
玉溪(软阿诗玛),200.0,175.0,1.0,175.0,2026-02-09,XQJ10000000026251755,订单明细20260329030555.xlsx
玉溪(软阿诗玛),200.0,175.0,1.0,175.0,2026-02-09,XQJ10000000026251755,订单明细20260329030555.xlsx
玉溪(鑫中支),260.0,225.0,0.0,0.0,2026-02-09,XQJ10000000026251755,订单明细20260329030555.xlsx
玉溪(鑫中支),260.0,225.0,0.0,0.0,2026-02-09,XQJ10000000026251755,订单明细20260329030555.xlsx
玉溪(鑫中支),260.0,225.0,0.0,0.0,2026-02-09,XQJ10000000026251755,订单明细20260329030555.xlsx
玉溪(鑫中支),260.0,225.0,0.0,0.0,2026-02-09,XQJ10000000026251755,订单明细20260329030555.xlsx
玉溪(鑫中支),260.0,225.0,0.0,0.0,2026-02-09,XQJ10000000026251755,订单明细20260329030555.xlsx
王冠(20支),300.0,230.0,0.0,0.0,2026-02-09,XQJ10000000026251755,订单明细20260329030555.xlsx
王冠(20支),300.0,230.0,0.0,0.0,2026-02-09,XQJ10000000026251755,订单明细20260329030555.xlsx
王冠(20支),300.0,230.0,0.0,0.0,2026-02-09,XQJ10000000026251755,订单明细20260329030555.xlsx
王冠(20支),300.0,230.0,0.0,0.0,2026-02-09,XQJ10000000026251755,订单明细20260329030555.xlsx
王冠(20支),300.0,230.0,0.0,0.0,2026-02-09,XQJ10000000026251755,订单明细20260329030555.xlsx
王冠(假日·黄金海岸),540.0,420.0,0.0,0.0,2026-02-09,XQJ10000000026251755,订单明细20260329030555.xlsx
王冠(假日·黄金海岸),540.0,420.0,0.0,0.0,2026-02-09,XQJ10000000026251755,订单明细20260329030555.xlsx
王冠(假日·黄金海岸),540.0,420.0,0.0,0.0,2026-02-09,XQJ10000000026251755,订单明细20260329030555.xlsx
王冠(假日·黄金海岸),540.0,420.0,0.0,0.0,2026-02-09,XQJ10000000026251755,订单明细20260329030555.xlsx
王冠(假日·黄金海岸),540.0,420.0,0.0,0.0,2026-02-09,XQJ10000000026251755,订单明细20260329030555.xlsx
王冠(冰咖MIX),400.0,304.0,0.0,0.0,2026-02-09,XQJ10000000026251755,订单明细20260329030555.xlsx
王冠(冰咖MIX),400.0,304.0,0.0,0.0,2026-02-09,XQJ10000000026251755,订单明细20260329030555.xlsx
王冠(冰咖MIX),400.0,304.0,0.0,0.0,2026-02-09,XQJ10000000026251755,订单明细20260329030555.xlsx
王冠(冰咖MIX),400.0,304.0,0.0,0.0,2026-02-09,XQJ10000000026251755,订单明细20260329030555.xlsx
王冠(冰咖MIX),400.0,304.0,0.0,0.0,2026-02-09,XQJ10000000026251755,订单明细20260329030555.xlsx
王冠(原味1号),60.0,46.0,0.0,0.0,2026-02-09,XQJ10000000026251755,订单明细20260329030555.xlsx
王冠(原味1号),60.0,46.0,0.0,0.0,2026-02-09,XQJ10000000026251755,订单明细20260329030555.xlsx
王冠(原味1号),60.0,46.0,0.0,0.0,2026-02-09,XQJ10000000026251755,订单明细20260329030555.xlsx
王冠(原味1号),60.0,46.0,0.0,0.0,2026-02-09,XQJ10000000026251755,订单明细20260329030555.xlsx
王冠(原味1号),60.0,46.0,0.0,0.0,2026-02-09,XQJ10000000026251755,订单明细20260329030555.xlsx
王冠(原味9号),150.0,120.0,0.0,0.0,2026-02-09,XQJ10000000026251755,订单明细20260329030555.xlsx
王冠(原味9号),150.0,120.0,0.0,0.0,2026-02-09,XQJ10000000026251755,订单明细20260329030555.xlsx
王冠(原味9号),150.0,120.0,0.0,0.0,2026-02-09,XQJ10000000026251755,订单明细20260329030555.xlsx
王冠(原味9号),150.0,120.0,0.0,0.0,2026-02-09,XQJ10000000026251755,订单明细20260329030555.xlsx
王冠(原味9号),150.0,120.0,0.0,0.0,2026-02-09,XQJ10000000026251755,订单明细20260329030555.xlsx
王冠(塑2支全叶卷),130.0,100.0,0.0,0.0,2026-02-09,XQJ10000000026251755,订单明细20260329030555.xlsx
王冠(塑2支全叶卷),130.0,100.0,0.0,0.0,2026-02-09,XQJ10000000026251755,订单明细20260329030555.xlsx
王冠(塑2支全叶卷),130.0,100.0,0.0,0.0,2026-02-09,XQJ10000000026251755,订单明细20260329030555.xlsx
王冠(塑2支全叶卷),130.0,100.0,0.0,0.0,2026-02-09,XQJ10000000026251755,订单明细20260329030555.xlsx
王冠(塑2支全叶卷),130.0,100.0,0.0,0.0,2026-02-09,XQJ10000000026251755,订单明细20260329030555.xlsx
王冠(小国粹),750.0,567.5,0.0,0.0,2026-02-09,XQJ10000000026251755,订单明细20260329030555.xlsx
王冠(小国粹),750.0,567.5,0.0,0.0,2026-02-09,XQJ10000000026251755,订单明细20260329030555.xlsx
王冠(小国粹),750.0,567.5,0.0,0.0,2026-02-09,XQJ10000000026251755,订单明细20260329030555.xlsx
王冠(小国粹),750.0,567.5,0.0,0.0,2026-02-09,XQJ10000000026251755,订单明细20260329030555.xlsx
王冠(小国粹),750.0,567.5,0.0,0.0,2026-02-09,XQJ10000000026251755,订单明细20260329030555.xlsx
王冠(梅兰竹菊),800.0,576.0,0.0,0.0,2026-02-09,XQJ10000000026251755,订单明细20260329030555.xlsx
王冠(梅兰竹菊),800.0,576.0,0.0,0.0,2026-02-09,XQJ10000000026251755,订单明细20260329030555.xlsx
王冠(梅兰竹菊),800.0,576.0,0.0,0.0,2026-02-09,XQJ10000000026251755,订单明细20260329030555.xlsx
王冠(梅兰竹菊),800.0,576.0,0.0,0.0,2026-02-09,XQJ10000000026251755,订单明细20260329030555.xlsx
王冠(梅兰竹菊),800.0,576.0,0.0,0.0,2026-02-09,XQJ10000000026251755,订单明细20260329030555.xlsx
王冠(经典铝2支全叶卷),350.0,262.0,0.0,0.0,2026-02-09,XQJ10000000026251755,订单明细20260329030555.xlsx
王冠(经典铝2支全叶卷),350.0,262.0,0.0,0.0,2026-02-09,XQJ10000000026251755,订单明细20260329030555.xlsx
王冠(经典铝2支全叶卷),350.0,262.0,0.0,0.0,2026-02-09,XQJ10000000026251755,订单明细20260329030555.xlsx
王冠(经典铝2支全叶卷),350.0,262.0,0.0,0.0,2026-02-09,XQJ10000000026251755,订单明细20260329030555.xlsx
王冠(经典铝2支全叶卷),350.0,262.0,0.0,0.0,2026-02-09,XQJ10000000026251755,订单明细20260329030555.xlsx
王冠(茶香之茶马古道),950.0,480.0,0.0,0.0,2026-02-09,XQJ10000000026251755,订单明细20260329030555.xlsx
王冠(茶香之茶马古道),950.0,480.0,0.0,0.0,2026-02-09,XQJ10000000026251755,订单明细20260329030555.xlsx
王冠(茶香之茶马古道),950.0,480.0,0.0,0.0,2026-02-09,XQJ10000000026251755,订单明细20260329030555.xlsx
王冠(茶香之茶马古道),950.0,480.0,0.0,0.0,2026-02-09,XQJ10000000026251755,订单明细20260329030555.xlsx
王冠(茶香之茶马古道),950.0,480.0,0.0,0.0,2026-02-09,XQJ10000000026251755,订单明细20260329030555.xlsx
王冠(蓝色假日),1000.0,755.0,0.0,0.0,2026-02-09,XQJ10000000026251755,订单明细20260329030555.xlsx
王冠(蓝色假日),1000.0,755.0,0.0,0.0,2026-02-09,XQJ10000000026251755,订单明细20260329030555.xlsx
王冠(蓝色假日),1000.0,755.0,0.0,0.0,2026-02-09,XQJ10000000026251755,订单明细20260329030555.xlsx
王冠(蓝色假日),1000.0,755.0,0.0,0.0,2026-02-09,XQJ10000000026251755,订单明细20260329030555.xlsx
王冠(蓝色假日),1000.0,755.0,0.0,0.0,2026-02-09,XQJ10000000026251755,订单明细20260329030555.xlsx
白沙(和天下),1000.0,848.0,0.0,0.0,2026-02-09,XQJ10000000026251755,订单明细20260329030555.xlsx
白沙(和天下),1000.0,848.0,0.0,0.0,2026-02-09,XQJ10000000026251755,订单明细20260329030555.xlsx
白沙(和天下),1000.0,848.0,0.0,0.0,2026-02-09,XQJ10000000026251755,订单明细20260329030555.xlsx
白沙(和天下),1000.0,848.0,0.0,0.0,2026-02-09,XQJ10000000026251755,订单明细20260329030555.xlsx
白沙(和天下),1000.0,848.0,0.0,0.0,2026-02-09,XQJ10000000026251755,订单明细20260329030555.xlsx
白沙(和天下尊品中支),1200.0,1000.0,1.0,1000.0,2026-02-09,XQJ10000000026251755,订单明细20260329030555.xlsx
白沙(和天下尊品中支),1200.0,1000.0,1.0,1000.0,2026-02-09,XQJ10000000026251755,订单明细20260329030555.xlsx
白沙(和天下尊品中支),1200.0,1000.0,1.0,1000.0,2026-02-09,XQJ10000000026251755,订单明细20260329030555.xlsx
白沙(和天下尊品中支),1200.0,1000.0,1.0,1000.0,2026-02-09,XQJ10000000026251755,订单明细20260329030555.xlsx
白沙(和天下尊品中支),1200.0,1000.0,1.0,1000.0,2026-02-09,XQJ10000000026251755,订单明细20260329030555.xlsx
白沙(和天下尊品细支),1000.0,848.0,0.0,0.0,2026-02-09,XQJ10000000026251755,订单明细20260329030555.xlsx
白沙(和天下尊品细支),1000.0,848.0,0.0,0.0,2026-02-09,XQJ10000000026251755,订单明细20260329030555.xlsx
白沙(和天下尊品细支),1000.0,848.0,0.0,0.0,2026-02-09,XQJ10000000026251755,订单明细20260329030555.xlsx
白沙(和天下尊品细支),1000.0,848.0,0.0,0.0,2026-02-09,XQJ10000000026251755,订单明细20260329030555.xlsx
白沙(和天下尊品细支),1000.0,848.0,0.0,0.0,2026-02-09,XQJ10000000026251755,订单明细20260329030555.xlsx
白沙(硬和天下双中支),900.0,763.2,0.0,0.0,2026-02-09,XQJ10000000026251755,订单明细20260329030555.xlsx
白沙(硬和天下双中支),900.0,763.2,0.0,0.0,2026-02-09,XQJ10000000026251755,订单明细20260329030555.xlsx
白沙(硬和天下双中支),900.0,763.2,0.0,0.0,2026-02-09,XQJ10000000026251755,订单明细20260329030555.xlsx
白沙(硬和天下双中支),900.0,763.2,0.0,0.0,2026-02-09,XQJ10000000026251755,订单明细20260329030555.xlsx
白沙(硬和天下双中支),900.0,763.2,0.0,0.0,2026-02-09,XQJ10000000026251755,订单明细20260329030555.xlsx
白沙(硬天天向上细支),160.0,129.3,0.0,0.0,2026-02-09,XQJ10000000026251755,订单明细20260329030555.xlsx
白沙(硬天天向上细支),160.0,129.3,0.0,0.0,2026-02-09,XQJ10000000026251755,订单明细20260329030555.xlsx
白沙(硬天天向上细支),160.0,129.3,0.0,0.0,2026-02-09,XQJ10000000026251755,订单明细20260329030555.xlsx
白沙(硬天天向上细支),160.0,129.3,0.0,0.0,2026-02-09,XQJ10000000026251755,订单明细20260329030555.xlsx
白沙(硬天天向上细支),160.0,129.3,0.0,0.0,2026-02-09,XQJ10000000026251755,订单明细20260329030555.xlsx
白沙(硬细支和天下),1000.0,720.8,0.0,0.0,2026-02-09,XQJ10000000026251755,订单明细20260329030555.xlsx
白沙(硬细支和天下),1000.0,720.8,0.0,0.0,2026-02-09,XQJ10000000026251755,订单明细20260329030555.xlsx
白沙(硬细支和天下),1000.0,720.8,0.0,0.0,2026-02-09,XQJ10000000026251755,订单明细20260329030555.xlsx
白沙(硬细支和天下),1000.0,720.8,0.0,0.0,2026-02-09,XQJ10000000026251755,订单明细20260329030555.xlsx
白沙(硬细支和天下),1000.0,720.8,0.0,0.0,2026-02-09,XQJ10000000026251755,订单明细20260329030555.xlsx
白沙(软和天下),1000.0,720.8,4.0,2883.2,2026-02-09,XQJ10000000026251755,订单明细20260329030555.xlsx
白沙(软和天下),1000.0,720.8,4.0,2883.2,2026-02-09,XQJ10000000026251755,订单明细20260329030555.xlsx
白沙(软和天下),1000.0,720.8,4.0,2883.2,2026-02-09,XQJ10000000026251755,订单明细20260329030555.xlsx
白沙(软和天下),1000.0,720.8,4.0,2883.2,2026-02-09,XQJ10000000026251755,订单明细20260329030555.xlsx
白沙(软和天下),1000.0,720.8,4.0,2883.2,2026-02-09,XQJ10000000026251755,订单明细20260329030555.xlsx
白沙(长丰),70.0,61.5,0.0,0.0,2026-02-09,XQJ10000000026251755,订单明细20260329030555.xlsx
白沙(长丰),70.0,61.5,0.0,0.0,2026-02-09,XQJ10000000026251755,订单明细20260329030555.xlsx
白沙(长丰),70.0,61.5,0.0,0.0,2026-02-09,XQJ10000000026251755,订单明细20260329030555.xlsx
白沙(长丰),70.0,61.5,0.0,0.0,2026-02-09,XQJ10000000026251755,订单明细20260329030555.xlsx
白沙(长丰),70.0,61.5,0.0,0.0,2026-02-09,XQJ10000000026251755,订单明细20260329030555.xlsx
真龙(凌云),150.0,121.9,1.0,121.9,2026-02-09,XQJ10000000026251755,订单明细20260329030555.xlsx
真龙(凌云),150.0,121.9,1.0,121.9,2026-02-09,XQJ10000000026251755,订单明细20260329030555.xlsx
真龙(凌云),150.0,121.9,1.0,121.9,2026-02-09,XQJ10000000026251755,订单明细20260329030555.xlsx
真龙(凌云),150.0,121.9,1.0,121.9,2026-02-09,XQJ10000000026251755,订单明细20260329030555.xlsx
真龙(凌云),150.0,121.9,1.0,121.9,2026-02-09,XQJ10000000026251755,订单明细20260329030555.xlsx
真龙(美人香草),200.0,167.48,1.0,167.48,2026-02-09,XQJ10000000026251755,订单明细20260329030555.xlsx
真龙(美人香草),200.0,167.48,1.0,167.48,2026-02-09,XQJ10000000026251755,订单明细20260329030555.xlsx
真龙(美人香草),200.0,167.48,1.0,167.48,2026-02-09,XQJ10000000026251755,订单明细20260329030555.xlsx
真龙(美人香草),200.0,167.48,1.0,167.48,2026-02-09,XQJ10000000026251755,订单明细20260329030555.xlsx
真龙(美人香草),200.0,167.48,1.0,167.48,2026-02-09,XQJ10000000026251755,订单明细20260329030555.xlsx
真龙(起源),250.0,212.0,0.0,0.0,2026-02-09,XQJ10000000026251755,订单明细20260329030555.xlsx
真龙(起源),250.0,212.0,0.0,0.0,2026-02-09,XQJ10000000026251755,订单明细20260329030555.xlsx
真龙(起源),250.0,212.0,0.0,0.0,2026-02-09,XQJ10000000026251755,订单明细20260329030555.xlsx
真龙(起源),250.0,212.0,0.0,0.0,2026-02-09,XQJ10000000026251755,订单明细20260329030555.xlsx
真龙(起源),250.0,212.0,0.0,0.0,2026-02-09,XQJ10000000026251755,订单明细20260329030555.xlsx
红塔山(硬恭贺新禧),150.0,121.9,3.0,365.7,2026-02-09,XQJ10000000026251755,订单明细20260329030555.xlsx
红塔山(硬恭贺新禧),150.0,121.9,3.0,365.7,2026-02-09,XQJ10000000026251755,订单明细20260329030555.xlsx
红塔山(硬恭贺新禧),150.0,121.9,3.0,365.7,2026-02-09,XQJ10000000026251755,订单明细20260329030555.xlsx
红塔山(硬恭贺新禧),150.0,121.9,3.0,365.7,2026-02-09,XQJ10000000026251755,订单明细20260329030555.xlsx
红塔山(硬恭贺新禧),150.0,121.9,3.0,365.7,2026-02-09,XQJ10000000026251755,订单明细20260329030555.xlsx
红塔山(硬经典),90.0,75.0,0.0,0.0,2026-02-09,XQJ10000000026251755,订单明细20260329030555.xlsx
红塔山(硬经典),90.0,75.0,0.0,0.0,2026-02-09,XQJ10000000026251755,订单明细20260329030555.xlsx
红塔山(硬经典),90.0,75.0,0.0,0.0,2026-02-09,XQJ10000000026251755,订单明细20260329030555.xlsx
红塔山(硬经典),90.0,75.0,0.0,0.0,2026-02-09,XQJ10000000026251755,订单明细20260329030555.xlsx
红塔山(硬经典),90.0,75.0,0.0,0.0,2026-02-09,XQJ10000000026251755,订单明细20260329030555.xlsx
红塔山(硬经典100),110.0,97.0,7.0,679.0,2026-02-09,XQJ10000000026251755,订单明细20260329030555.xlsx
红塔山(硬经典100),110.0,97.0,7.0,679.0,2026-02-09,XQJ10000000026251755,订单明细20260329030555.xlsx
红塔山(硬经典100),110.0,97.0,7.0,679.0,2026-02-09,XQJ10000000026251755,订单明细20260329030555.xlsx
红塔山(硬经典100),110.0,97.0,7.0,679.0,2026-02-09,XQJ10000000026251755,订单明细20260329030555.xlsx
红塔山(硬经典100),110.0,97.0,7.0,679.0,2026-02-09,XQJ10000000026251755,订单明细20260329030555.xlsx
红塔山(细支传奇),180.0,155.0,1.0,155.0,2026-02-09,XQJ10000000026251755,订单明细20260329030555.xlsx
红塔山(细支传奇),180.0,155.0,1.0,155.0,2026-02-09,XQJ10000000026251755,订单明细20260329030555.xlsx
红塔山(细支传奇),180.0,155.0,1.0,155.0,2026-02-09,XQJ10000000026251755,订单明细20260329030555.xlsx
红塔山(细支传奇),180.0,155.0,1.0,155.0,2026-02-09,XQJ10000000026251755,订单明细20260329030555.xlsx
红塔山(细支传奇),180.0,155.0,1.0,155.0,2026-02-09,XQJ10000000026251755,订单明细20260329030555.xlsx
红旗渠(雪茄),50.0,44.5,0.0,0.0,2026-02-09,XQJ10000000026251755,订单明细20260329030555.xlsx
红旗渠(雪茄),50.0,44.5,0.0,0.0,2026-02-09,XQJ10000000026251755,订单明细20260329030555.xlsx
红旗渠(雪茄),50.0,44.5,0.0,0.0,2026-02-09,XQJ10000000026251755,订单明细20260329030555.xlsx
红旗渠(雪茄),50.0,44.5,0.0,0.0,2026-02-09,XQJ10000000026251755,订单明细20260329030555.xlsx
红旗渠(雪茄),50.0,44.5,0.0,0.0,2026-02-09,XQJ10000000026251755,订单明细20260329030555.xlsx
红河(硬88),120.0,97.0,4.0,388.0,2026-02-09,XQJ10000000026251755,订单明细20260329030555.xlsx
红河(硬88),120.0,97.0,4.0,388.0,2026-02-09,XQJ10000000026251755,订单明细20260329030555.xlsx
红河(硬88),120.0,97.0,4.0,388.0,2026-02-09,XQJ10000000026251755,订单明细20260329030555.xlsx
红河(硬88),120.0,97.0,4.0,388.0,2026-02-09,XQJ10000000026251755,订单明细20260329030555.xlsx
红河(硬88),120.0,97.0,4.0,388.0,2026-02-09,XQJ10000000026251755,订单明细20260329030555.xlsx
红河(硬99),140.0,121.9,3.0,365.7,2026-02-09,XQJ10000000026251755,订单明细20260329030555.xlsx
红河(硬99),140.0,121.9,3.0,365.7,2026-02-09,XQJ10000000026251755,订单明细20260329030555.xlsx
红河(硬99),140.0,121.9,3.0,365.7,2026-02-09,XQJ10000000026251755,订单明细20260329030555.xlsx
红河(硬99),140.0,121.9,3.0,365.7,2026-02-09,XQJ10000000026251755,订单明细20260329030555.xlsx
红河(硬99),140.0,121.9,3.0,365.7,2026-02-09,XQJ10000000026251755,订单明细20260329030555.xlsx
红河(软99),130.0,114.48,0.0,0.0,2026-02-09,XQJ10000000026251755,订单明细20260329030555.xlsx
红河(软99),130.0,114.48,0.0,0.0,2026-02-09,XQJ10000000026251755,订单明细20260329030555.xlsx
红河(软99),130.0,114.48,0.0,0.0,2026-02-09,XQJ10000000026251755,订单明细20260329030555.xlsx
红河(软99),130.0,114.48,0.0,0.0,2026-02-09,XQJ10000000026251755,订单明细20260329030555.xlsx
红河(软99),130.0,114.48,0.0,0.0,2026-02-09,XQJ10000000026251755,订单明细20260329030555.xlsx
红河(软甲),65.0,57.2,0.0,0.0,2026-02-09,XQJ10000000026251755,订单明细20260329030555.xlsx
红河(软甲),65.0,57.2,0.0,0.0,2026-02-09,XQJ10000000026251755,订单明细20260329030555.xlsx
红河(软甲),65.0,57.2,0.0,0.0,2026-02-09,XQJ10000000026251755,订单明细20260329030555.xlsx
红河(软甲),65.0,57.2,0.0,0.0,2026-02-09,XQJ10000000026251755,订单明细20260329030555.xlsx
红河(软甲),65.0,57.2,0.0,0.0,2026-02-09,XQJ10000000026251755,订单明细20260329030555.xlsx
罗密欧(丘吉尔银管),11250.0,7958.25,0.0,0.0,2026-02-09,XQJ10000000026251755,订单明细20260329030555.xlsx
罗密欧(丘吉尔银管),11250.0,7958.25,0.0,0.0,2026-02-09,XQJ10000000026251755,订单明细20260329030555.xlsx
罗密欧(丘吉尔银管),11250.0,7958.25,0.0,0.0,2026-02-09,XQJ10000000026251755,订单明细20260329030555.xlsx
罗密欧(丘吉尔银管),11250.0,7958.25,0.0,0.0,2026-02-09,XQJ10000000026251755,订单明细20260329030555.xlsx
罗密欧(丘吉尔银管),11250.0,7958.25,0.0,0.0,2026-02-09,XQJ10000000026251755,订单明细20260329030555.xlsx
罗密欧(银管一号),4000.0,2861.25,0.0,0.0,2026-02-09,XQJ10000000026251755,订单明细20260329030555.xlsx
罗密欧(银管一号),4000.0,2861.25,0.0,0.0,2026-02-09,XQJ10000000026251755,订单明细20260329030555.xlsx
罗密欧(银管一号),4000.0,2861.25,0.0,0.0,2026-02-09,XQJ10000000026251755,订单明细20260329030555.xlsx
罗密欧(银管一号),4000.0,2861.25,0.0,0.0,2026-02-09,XQJ10000000026251755,订单明细20260329030555.xlsx
罗密欧(银管一号),4000.0,2861.25,0.0,0.0,2026-02-09,XQJ10000000026251755,订单明细20260329030555.xlsx
罗密欧(银管三号),3500.0,2414.75,0.0,0.0,2026-02-09,XQJ10000000026251755,订单明细20260329030555.xlsx
罗密欧(银管三号),3500.0,2414.75,0.0,0.0,2026-02-09,XQJ10000000026251755,订单明细20260329030555.xlsx
罗密欧(银管三号),3500.0,2414.75,0.0,0.0,2026-02-09,XQJ10000000026251755,订单明细20260329030555.xlsx
罗密欧(银管三号),3500.0,2414.75,0.0,0.0,2026-02-09,XQJ10000000026251755,订单明细20260329030555.xlsx
罗密欧(银管三号),3500.0,2414.75,0.0,0.0,2026-02-09,XQJ10000000026251755,订单明细20260329030555.xlsx
芙蓉王(品悦细支),260.0,225.0,0.0,0.0,2026-02-09,XQJ10000000026251755,订单明细20260329030555.xlsx
芙蓉王(品悦细支),260.0,225.0,0.0,0.0,2026-02-09,XQJ10000000026251755,订单明细20260329030555.xlsx
芙蓉王(品悦细支),260.0,225.0,0.0,0.0,2026-02-09,XQJ10000000026251755,订单明细20260329030555.xlsx
芙蓉王(品悦细支),260.0,225.0,0.0,0.0,2026-02-09,XQJ10000000026251755,订单明细20260329030555.xlsx
芙蓉王(品悦细支),260.0,225.0,0.0,0.0,2026-02-09,XQJ10000000026251755,订单明细20260329030555.xlsx
芙蓉王(沁爽细支),300.0,263.0,0.0,0.0,2026-02-09,XQJ10000000026251755,订单明细20260329030555.xlsx
芙蓉王(沁爽细支),300.0,263.0,0.0,0.0,2026-02-09,XQJ10000000026251755,订单明细20260329030555.xlsx
芙蓉王(沁爽细支),300.0,263.0,0.0,0.0,2026-02-09,XQJ10000000026251755,订单明细20260329030555.xlsx
芙蓉王(沁爽细支),300.0,263.0,0.0,0.0,2026-02-09,XQJ10000000026251755,订单明细20260329030555.xlsx
芙蓉王(沁爽细支),300.0,263.0,0.0,0.0,2026-02-09,XQJ10000000026251755,订单明细20260329030555.xlsx
芙蓉王(硬),250.0,218.36,3.0,655.08,2026-02-09,XQJ10000000026251755,订单明细20260329030555.xlsx
芙蓉王(硬),250.0,218.36,3.0,655.08,2026-02-09,XQJ10000000026251755,订单明细20260329030555.xlsx
芙蓉王(硬),250.0,218.36,3.0,655.08,2026-02-09,XQJ10000000026251755,订单明细20260329030555.xlsx
芙蓉王(硬),250.0,218.36,3.0,655.08,2026-02-09,XQJ10000000026251755,订单明细20260329030555.xlsx
芙蓉王(硬),250.0,218.36,3.0,655.08,2026-02-09,XQJ10000000026251755,订单明细20260329030555.xlsx
芙蓉王(硬中支),300.0,263.0,1.0,263.0,2026-02-09,XQJ10000000026251755,订单明细20260329030555.xlsx
芙蓉王(硬中支),300.0,263.0,1.0,263.0,2026-02-09,XQJ10000000026251755,订单明细20260329030555.xlsx
芙蓉王(硬中支),300.0,263.0,1.0,263.0,2026-02-09,XQJ10000000026251755,订单明细20260329030555.xlsx
芙蓉王(硬中支),300.0,263.0,1.0,263.0,2026-02-09,XQJ10000000026251755,订单明细20260329030555.xlsx
芙蓉王(硬中支),300.0,263.0,1.0,263.0,2026-02-09,XQJ10000000026251755,订单明细20260329030555.xlsx
芙蓉王(硬闪带细支),350.0,300.0,1.0,300.0,2026-02-09,XQJ10000000026251755,订单明细20260329030555.xlsx
芙蓉王(硬闪带细支),350.0,300.0,1.0,300.0,2026-02-09,XQJ10000000026251755,订单明细20260329030555.xlsx
芙蓉王(硬闪带细支),350.0,300.0,1.0,300.0,2026-02-09,XQJ10000000026251755,订单明细20260329030555.xlsx
芙蓉王(硬闪带细支),350.0,300.0,1.0,300.0,2026-02-09,XQJ10000000026251755,订单明细20260329030555.xlsx
芙蓉王(硬闪带细支),350.0,300.0,1.0,300.0,2026-02-09,XQJ10000000026251755,订单明细20260329030555.xlsx
芙蓉王(绽放),350.0,300.0,0.0,0.0,2026-02-09,XQJ10000000026251755,订单明细20260329030555.xlsx
芙蓉王(绽放),350.0,300.0,0.0,0.0,2026-02-09,XQJ10000000026251755,订单明细20260329030555.xlsx
芙蓉王(绽放),350.0,300.0,0.0,0.0,2026-02-09,XQJ10000000026251755,订单明细20260329030555.xlsx
芙蓉王(绽放),350.0,300.0,0.0,0.0,2026-02-09,XQJ10000000026251755,订单明细20260329030555.xlsx
芙蓉王(绽放),350.0,300.0,0.0,0.0,2026-02-09,XQJ10000000026251755,订单明细20260329030555.xlsx
芙蓉王(绽放细支),400.0,339.2,0.0,0.0,2026-02-09,XQJ10000000026251755,订单明细20260329030555.xlsx
芙蓉王(绽放细支),400.0,339.2,0.0,0.0,2026-02-09,XQJ10000000026251755,订单明细20260329030555.xlsx
芙蓉王(绽放细支),400.0,339.2,0.0,0.0,2026-02-09,XQJ10000000026251755,订单明细20260329030555.xlsx
芙蓉王(绽放细支),400.0,339.2,0.0,0.0,2026-02-09,XQJ10000000026251755,订单明细20260329030555.xlsx
芙蓉王(绽放细支),400.0,339.2,0.0,0.0,2026-02-09,XQJ10000000026251755,订单明细20260329030555.xlsx
芙蓉王(锦绣),500.0,381.6,0.0,0.0,2026-02-09,XQJ10000000026251755,订单明细20260329030555.xlsx
芙蓉王(锦绣),500.0,381.6,0.0,0.0,2026-02-09,XQJ10000000026251755,订单明细20260329030555.xlsx
芙蓉王(锦绣),500.0,381.6,0.0,0.0,2026-02-09,XQJ10000000026251755,订单明细20260329030555.xlsx
芙蓉王(锦绣),500.0,381.6,0.0,0.0,2026-02-09,XQJ10000000026251755,订单明细20260329030555.xlsx
芙蓉王(锦绣),500.0,381.6,0.0,0.0,2026-02-09,XQJ10000000026251755,订单明细20260329030555.xlsx
芙蓉王(锦绣世纪3mg),800.0,678.4,0.0,0.0,2026-02-09,XQJ10000000026251755,订单明细20260329030555.xlsx
芙蓉王(锦绣世纪3mg),800.0,678.4,0.0,0.0,2026-02-09,XQJ10000000026251755,订单明细20260329030555.xlsx
芙蓉王(锦绣世纪3mg),800.0,678.4,0.0,0.0,2026-02-09,XQJ10000000026251755,订单明细20260329030555.xlsx
芙蓉王(锦绣世纪3mg),800.0,678.4,0.0,0.0,2026-02-09,XQJ10000000026251755,订单明细20260329030555.xlsx
芙蓉王(锦绣世纪3mg),800.0,678.4,0.0,0.0,2026-02-09,XQJ10000000026251755,订单明细20260329030555.xlsx
芙蓉王(锦绣细支),500.0,424.0,0.0,0.0,2026-02-09,XQJ10000000026251755,订单明细20260329030555.xlsx
芙蓉王(锦绣细支),500.0,424.0,0.0,0.0,2026-02-09,XQJ10000000026251755,订单明细20260329030555.xlsx
芙蓉王(锦绣细支),500.0,424.0,0.0,0.0,2026-02-09,XQJ10000000026251755,订单明细20260329030555.xlsx
芙蓉王(锦绣细支),500.0,424.0,0.0,0.0,2026-02-09,XQJ10000000026251755,订单明细20260329030555.xlsx
芙蓉王(锦绣细支),500.0,424.0,0.0,0.0,2026-02-09,XQJ10000000026251755,订单明细20260329030555.xlsx
苏烟(软金砂),450.0,381.6,0.0,0.0,2026-02-09,XQJ10000000026251755,订单明细20260329030555.xlsx
苏烟(软金砂),450.0,381.6,0.0,0.0,2026-02-09,XQJ10000000026251755,订单明细20260329030555.xlsx
苏烟(软金砂),450.0,381.6,0.0,0.0,2026-02-09,XQJ10000000026251755,订单明细20260329030555.xlsx
苏烟(软金砂),450.0,381.6,0.0,0.0,2026-02-09,XQJ10000000026251755,订单明细20260329030555.xlsx
苏烟(软金砂),450.0,381.6,0.0,0.0,2026-02-09,XQJ10000000026251755,订单明细20260329030555.xlsx
蒙特(埃德蒙),8250.0,5794.25,0.0,0.0,2026-02-09,XQJ10000000026251755,订单明细20260329030555.xlsx
蒙特(埃德蒙),8250.0,5794.25,0.0,0.0,2026-02-09,XQJ10000000026251755,订单明细20260329030555.xlsx
蒙特(埃德蒙),8250.0,5794.25,0.0,0.0,2026-02-09,XQJ10000000026251755,订单明细20260329030555.xlsx
蒙特(埃德蒙),8250.0,5794.25,0.0,0.0,2026-02-09,XQJ10000000026251755,订单明细20260329030555.xlsx
蒙特(埃德蒙),8250.0,5794.25,0.0,0.0,2026-02-09,XQJ10000000026251755,订单明细20260329030555.xlsx
蒙特利(逍遥二号),6250.0,4399.25,0.0,0.0,2026-02-09,XQJ10000000026251755,订单明细20260329030555.xlsx
蒙特利(逍遥二号),6250.0,4399.25,0.0,0.0,2026-02-09,XQJ10000000026251755,订单明细20260329030555.xlsx
蒙特利(逍遥二号),6250.0,4399.25,0.0,0.0,2026-02-09,XQJ10000000026251755,订单明细20260329030555.xlsx
蒙特利(逍遥二号),6250.0,4399.25,0.0,0.0,2026-02-09,XQJ10000000026251755,订单明细20260329030555.xlsx
蒙特利(逍遥二号),6250.0,4399.25,0.0,0.0,2026-02-09,XQJ10000000026251755,订单明细20260329030555.xlsx
贵烟(喜),160.0,143.1,2.0,286.2,2026-02-09,XQJ10000000026251755,订单明细20260329030555.xlsx
贵烟(喜),160.0,143.1,2.0,286.2,2026-02-09,XQJ10000000026251755,订单明细20260329030555.xlsx
贵烟(喜),160.0,143.1,2.0,286.2,2026-02-09,XQJ10000000026251755,订单明细20260329030555.xlsx
贵烟(喜),160.0,143.1,2.0,286.2,2026-02-09,XQJ10000000026251755,订单明细20260329030555.xlsx
贵烟(喜),160.0,143.1,2.0,286.2,2026-02-09,XQJ10000000026251755,订单明细20260329030555.xlsx
贵烟(山水),260.0,225.0,0.0,0.0,2026-02-09,XQJ10000000026251755,订单明细20260329030555.xlsx
贵烟(山水),260.0,225.0,0.0,0.0,2026-02-09,XQJ10000000026251755,订单明细20260329030555.xlsx
贵烟(山水),260.0,225.0,0.0,0.0,2026-02-09,XQJ10000000026251755,订单明细20260329030555.xlsx
贵烟(山水),260.0,225.0,0.0,0.0,2026-02-09,XQJ10000000026251755,订单明细20260329030555.xlsx
贵烟(山水),260.0,225.0,0.0,0.0,2026-02-09,XQJ10000000026251755,订单明细20260329030555.xlsx
贵烟(硬黄精品),140.0,114.5,2.0,229.0,2026-02-09,XQJ10000000026251755,订单明细20260329030555.xlsx
贵烟(硬黄精品),140.0,114.5,2.0,229.0,2026-02-09,XQJ10000000026251755,订单明细20260329030555.xlsx
贵烟(硬黄精品),140.0,114.5,2.0,229.0,2026-02-09,XQJ10000000026251755,订单明细20260329030555.xlsx
贵烟(硬黄精品),140.0,114.5,2.0,229.0,2026-02-09,XQJ10000000026251755,订单明细20260329030555.xlsx
贵烟(硬黄精品),140.0,114.5,2.0,229.0,2026-02-09,XQJ10000000026251755,订单明细20260329030555.xlsx
贵烟(萃),200.0,158.0,1.0,158.0,2026-02-09,XQJ10000000026251755,订单明细20260329030555.xlsx
贵烟(萃),200.0,158.0,1.0,158.0,2026-02-09,XQJ10000000026251755,订单明细20260329030555.xlsx
贵烟(萃),200.0,158.0,1.0,158.0,2026-02-09,XQJ10000000026251755,订单明细20260329030555.xlsx
贵烟(萃),200.0,158.0,1.0,158.0,2026-02-09,XQJ10000000026251755,订单明细20260329030555.xlsx
贵烟(萃),200.0,158.0,1.0,158.0,2026-02-09,XQJ10000000026251755,订单明细20260329030555.xlsx
贵烟(跨越),250.0,201.4,0.0,0.0,2026-02-09,XQJ10000000026251755,订单明细20260329030555.xlsx
贵烟(跨越),250.0,201.4,0.0,0.0,2026-02-09,XQJ10000000026251755,订单明细20260329030555.xlsx
贵烟(跨越),250.0,201.4,0.0,0.0,2026-02-09,XQJ10000000026251755,订单明细20260329030555.xlsx
贵烟(跨越),250.0,201.4,0.0,0.0,2026-02-09,XQJ10000000026251755,订单明细20260329030555.xlsx
贵烟(跨越),250.0,201.4,0.0,0.0,2026-02-09,XQJ10000000026251755,订单明细20260329030555.xlsx
金圣(吉品),250.0,219.42,0.0,0.0,2026-02-09,XQJ10000000026251755,订单明细20260329030555.xlsx
金圣(吉品),250.0,219.42,0.0,0.0,2026-02-09,XQJ10000000026251755,订单明细20260329030555.xlsx
金圣(吉品),250.0,219.42,0.0,0.0,2026-02-09,XQJ10000000026251755,订单明细20260329030555.xlsx
金圣(吉品),250.0,219.42,0.0,0.0,2026-02-09,XQJ10000000026251755,订单明细20260329030555.xlsx
金圣(吉品),250.0,219.42,0.0,0.0,2026-02-09,XQJ10000000026251755,订单明细20260329030555.xlsx
金圣(青瓷),180.0,158.0,0.0,0.0,2026-02-09,XQJ10000000026251755,订单明细20260329030555.xlsx
金圣(青瓷),180.0,158.0,0.0,0.0,2026-02-09,XQJ10000000026251755,订单明细20260329030555.xlsx
金圣(青瓷),180.0,158.0,0.0,0.0,2026-02-09,XQJ10000000026251755,订单明细20260329030555.xlsx
金圣(青瓷),180.0,158.0,0.0,0.0,2026-02-09,XQJ10000000026251755,订单明细20260329030555.xlsx
金圣(青瓷),180.0,158.0,0.0,0.0,2026-02-09,XQJ10000000026251755,订单明细20260329030555.xlsx
金桥(冰爆),200.0,175.0,0.0,0.0,2026-02-09,XQJ10000000026251755,订单明细20260329030555.xlsx
金桥(冰爆),200.0,175.0,0.0,0.0,2026-02-09,XQJ10000000026251755,订单明细20260329030555.xlsx
金桥(冰爆),200.0,175.0,0.0,0.0,2026-02-09,XQJ10000000026251755,订单明细20260329030555.xlsx
金桥(冰爆),200.0,175.0,0.0,0.0,2026-02-09,XQJ10000000026251755,订单明细20260329030555.xlsx
金桥(冰爆),200.0,175.0,0.0,0.0,2026-02-09,XQJ10000000026251755,订单明细20260329030555.xlsx
金桥(炫影细支),260.0,225.0,1.0,225.0,2026-02-09,XQJ10000000026251755,订单明细20260329030555.xlsx
金桥(炫影细支),260.0,225.0,1.0,225.0,2026-02-09,XQJ10000000026251755,订单明细20260329030555.xlsx
金桥(炫影细支),260.0,225.0,1.0,225.0,2026-02-09,XQJ10000000026251755,订单明细20260329030555.xlsx
金桥(炫影细支),260.0,225.0,1.0,225.0,2026-02-09,XQJ10000000026251755,订单明细20260329030555.xlsx
金桥(炫影细支),260.0,225.0,1.0,225.0,2026-02-09,XQJ10000000026251755,订单明细20260329030555.xlsx
钻石(双中支荷花),450.0,381.6,0.0,0.0,2026-02-09,XQJ10000000026251755,订单明细20260329030555.xlsx
钻石(双中支荷花),450.0,381.6,0.0,0.0,2026-02-09,XQJ10000000026251755,订单明细20260329030555.xlsx
钻石(双中支荷花),450.0,381.6,0.0,0.0,2026-02-09,XQJ10000000026251755,订单明细20260329030555.xlsx
钻石(双中支荷花),450.0,381.6,0.0,0.0,2026-02-09,XQJ10000000026251755,订单明细20260329030555.xlsx
钻石(双中支荷花),450.0,381.6,0.0,0.0,2026-02-09,XQJ10000000026251755,订单明细20260329030555.xlsx
钻石(细支荷花),420.0,360.4,0.0,0.0,2026-02-09,XQJ10000000026251755,订单明细20260329030555.xlsx
钻石(细支荷花),420.0,360.4,0.0,0.0,2026-02-09,XQJ10000000026251755,订单明细20260329030555.xlsx
钻石(细支荷花),420.0,360.4,0.0,0.0,2026-02-09,XQJ10000000026251755,订单明细20260329030555.xlsx
钻石(细支荷花),420.0,360.4,0.0,0.0,2026-02-09,XQJ10000000026251755,订单明细20260329030555.xlsx
钻石(细支荷花),420.0,360.4,0.0,0.0,2026-02-09,XQJ10000000026251755,订单明细20260329030555.xlsx
钻石(荷花),320.0,275.6,0.0,0.0,2026-02-09,XQJ10000000026251755,订单明细20260329030555.xlsx
钻石(荷花),320.0,275.6,0.0,0.0,2026-02-09,XQJ10000000026251755,订单明细20260329030555.xlsx
钻石(荷花),320.0,275.6,0.0,0.0,2026-02-09,XQJ10000000026251755,订单明细20260329030555.xlsx
钻石(荷花),320.0,275.6,0.0,0.0,2026-02-09,XQJ10000000026251755,订单明细20260329030555.xlsx
钻石(荷花),320.0,275.6,0.0,0.0,2026-02-09,XQJ10000000026251755,订单明细20260329030555.xlsx
钻石(荷花小雅90mm细支),550.0,470.0,0.0,0.0,2026-02-09,XQJ10000000026251755,订单明细20260329030555.xlsx
钻石(荷花小雅90mm细支),550.0,470.0,0.0,0.0,2026-02-09,XQJ10000000026251755,订单明细20260329030555.xlsx
钻石(荷花小雅90mm细支),550.0,470.0,0.0,0.0,2026-02-09,XQJ10000000026251755,订单明细20260329030555.xlsx
钻石(荷花小雅90mm细支),550.0,470.0,0.0,0.0,2026-02-09,XQJ10000000026251755,订单明细20260329030555.xlsx
钻石(荷花小雅90mm细支),550.0,470.0,0.0,0.0,2026-02-09,XQJ10000000026251755,订单明细20260329030555.xlsx
钻石(软荷花),500.0,339.2,0.0,0.0,2026-02-09,XQJ10000000026251755,订单明细20260329030555.xlsx
钻石(软荷花),500.0,339.2,0.0,0.0,2026-02-09,XQJ10000000026251755,订单明细20260329030555.xlsx
钻石(软荷花),500.0,339.2,0.0,0.0,2026-02-09,XQJ10000000026251755,订单明细20260329030555.xlsx
钻石(软荷花),500.0,339.2,0.0,0.0,2026-02-09,XQJ10000000026251755,订单明细20260329030555.xlsx
钻石(软荷花),500.0,339.2,0.0,0.0,2026-02-09,XQJ10000000026251755,订单明细20260329030555.xlsx
长城(10支132秘制),1200.0,900.0,0.0,0.0,2026-02-09,XQJ10000000026251755,订单明细20260329030555.xlsx
长城(10支132秘制),1200.0,900.0,0.0,0.0,2026-02-09,XQJ10000000026251755,订单明细20260329030555.xlsx
长城(10支132秘制),1200.0,900.0,0.0,0.0,2026-02-09,XQJ10000000026251755,订单明细20260329030555.xlsx
长城(10支132秘制),1200.0,900.0,0.0,0.0,2026-02-09,XQJ10000000026251755,订单明细20260329030555.xlsx
长城(10支132秘制),1200.0,900.0,0.0,0.0,2026-02-09,XQJ10000000026251755,订单明细20260329030555.xlsx
长城(132奇迹),1000.0,640.0,0.0,0.0,2026-02-09,XQJ10000000026251755,订单明细20260329030555.xlsx
长城(132奇迹),1000.0,640.0,0.0,0.0,2026-02-09,XQJ10000000026251755,订单明细20260329030555.xlsx
长城(132奇迹),1000.0,640.0,0.0,0.0,2026-02-09,XQJ10000000026251755,订单明细20260329030555.xlsx
长城(132奇迹),1000.0,640.0,0.0,0.0,2026-02-09,XQJ10000000026251755,订单明细20260329030555.xlsx
长城(132奇迹),1000.0,640.0,0.0,0.0,2026-02-09,XQJ10000000026251755,订单明细20260329030555.xlsx
长城(132益川老坊3),2500.0,1750.0,0.0,0.0,2026-02-09,XQJ10000000026251755,订单明细20260329030555.xlsx
长城(132益川老坊3),2500.0,1750.0,0.0,0.0,2026-02-09,XQJ10000000026251755,订单明细20260329030555.xlsx
长城(132益川老坊3),2500.0,1750.0,0.0,0.0,2026-02-09,XQJ10000000026251755,订单明细20260329030555.xlsx
长城(132益川老坊3),2500.0,1750.0,0.0,0.0,2026-02-09,XQJ10000000026251755,订单明细20260329030555.xlsx
长城(132益川老坊3),2500.0,1750.0,0.0,0.0,2026-02-09,XQJ10000000026251755,订单明细20260329030555.xlsx
长城(132迷你3号),250.0,187.5,0.0,0.0,2026-02-09,XQJ10000000026251755,订单明细20260329030555.xlsx
长城(132迷你3号),250.0,187.5,0.0,0.0,2026-02-09,XQJ10000000026251755,订单明细20260329030555.xlsx
长城(132迷你3号),250.0,187.5,0.0,0.0,2026-02-09,XQJ10000000026251755,订单明细20260329030555.xlsx
长城(132迷你3号),250.0,187.5,0.0,0.0,2026-02-09,XQJ10000000026251755,订单明细20260329030555.xlsx
长城(132迷你3号),250.0,187.5,0.0,0.0,2026-02-09,XQJ10000000026251755,订单明细20260329030555.xlsx
长城(3号),300.0,230.0,0.0,0.0,2026-02-09,XQJ10000000026251755,订单明细20260329030555.xlsx
长城(3号),300.0,230.0,0.0,0.0,2026-02-09,XQJ10000000026251755,订单明细20260329030555.xlsx
长城(3号),300.0,230.0,0.0,0.0,2026-02-09,XQJ10000000026251755,订单明细20260329030555.xlsx
长城(3号),300.0,230.0,0.0,0.0,2026-02-09,XQJ10000000026251755,订单明细20260329030555.xlsx
长城(3号),300.0,230.0,0.0,0.0,2026-02-09,XQJ10000000026251755,订单明细20260329030555.xlsx
长城(GJ6号),2000.0,1200.0,0.0,0.0,2026-02-09,XQJ10000000026251755,订单明细20260329030555.xlsx
长城(GJ6号),2000.0,1200.0,0.0,0.0,2026-02-09,XQJ10000000026251755,订单明细20260329030555.xlsx
长城(GJ6号),2000.0,1200.0,0.0,0.0,2026-02-09,XQJ10000000026251755,订单明细20260329030555.xlsx
长城(GJ6号),2000.0,1200.0,0.0,0.0,2026-02-09,XQJ10000000026251755,订单明细20260329030555.xlsx
长城(GJ6号),2000.0,1200.0,0.0,0.0,2026-02-09,XQJ10000000026251755,订单明细20260329030555.xlsx
长城(GL3号),3080.0,1680.0,0.0,0.0,2026-02-09,XQJ10000000026251755,订单明细20260329030555.xlsx
长城(GL3号),3080.0,1680.0,0.0,0.0,2026-02-09,XQJ10000000026251755,订单明细20260329030555.xlsx
长城(GL3号),3080.0,1680.0,0.0,0.0,2026-02-09,XQJ10000000026251755,订单明细20260329030555.xlsx
长城(GL3号),3080.0,1680.0,0.0,0.0,2026-02-09,XQJ10000000026251755,订单明细20260329030555.xlsx
长城(GL3号),3080.0,1680.0,0.0,0.0,2026-02-09,XQJ10000000026251755,订单明细20260329030555.xlsx
长城(唯佳金字塔),1700.0,1150.0,0.0,0.0,2026-02-09,XQJ10000000026251755,订单明细20260329030555.xlsx
长城(唯佳金字塔),1700.0,1150.0,0.0,0.0,2026-02-09,XQJ10000000026251755,订单明细20260329030555.xlsx
长城(唯佳金字塔),1700.0,1150.0,0.0,0.0,2026-02-09,XQJ10000000026251755,订单明细20260329030555.xlsx
长城(唯佳金字塔),1700.0,1150.0,0.0,0.0,2026-02-09,XQJ10000000026251755,订单明细20260329030555.xlsx
长城(唯佳金字塔),1700.0,1150.0,0.0,0.0,2026-02-09,XQJ10000000026251755,订单明细20260329030555.xlsx
长城(大号铝管5支),250.0,190.0,0.0,0.0,2026-02-09,XQJ10000000026251755,订单明细20260329030555.xlsx
长城(大号铝管5支),250.0,190.0,0.0,0.0,2026-02-09,XQJ10000000026251755,订单明细20260329030555.xlsx
长城(大号铝管5支),250.0,190.0,0.0,0.0,2026-02-09,XQJ10000000026251755,订单明细20260329030555.xlsx
长城(大号铝管5支),250.0,190.0,0.0,0.0,2026-02-09,XQJ10000000026251755,订单明细20260329030555.xlsx
长城(大号铝管5支),250.0,190.0,0.0,0.0,2026-02-09,XQJ10000000026251755,订单明细20260329030555.xlsx
长城(导师6号),1500.0,1050.0,0.0,0.0,2026-02-09,XQJ10000000026251755,订单明细20260329030555.xlsx
长城(导师6号),1500.0,1050.0,0.0,0.0,2026-02-09,XQJ10000000026251755,订单明细20260329030555.xlsx
长城(导师6号),1500.0,1050.0,0.0,0.0,2026-02-09,XQJ10000000026251755,订单明细20260329030555.xlsx
长城(导师6号),1500.0,1050.0,0.0,0.0,2026-02-09,XQJ10000000026251755,订单明细20260329030555.xlsx
长城(导师6号),1500.0,1050.0,0.0,0.0,2026-02-09,XQJ10000000026251755,订单明细20260329030555.xlsx
长城(揽胜1号),1600.0,1120.0,0.0,0.0,2026-02-09,XQJ10000000026251755,订单明细20260329030555.xlsx
长城(揽胜1号),1600.0,1120.0,0.0,0.0,2026-02-09,XQJ10000000026251755,订单明细20260329030555.xlsx
长城(揽胜1号),1600.0,1120.0,0.0,0.0,2026-02-09,XQJ10000000026251755,订单明细20260329030555.xlsx
长城(揽胜1号),1600.0,1120.0,0.0,0.0,2026-02-09,XQJ10000000026251755,订单明细20260329030555.xlsx
长城(揽胜1号),1600.0,1120.0,0.0,0.0,2026-02-09,XQJ10000000026251755,订单明细20260329030555.xlsx
长城(揽胜3号经典),800.0,600.0,0.0,0.0,2026-02-09,XQJ10000000026251755,订单明细20260329030555.xlsx
长城(揽胜3号经典),800.0,600.0,0.0,0.0,2026-02-09,XQJ10000000026251755,订单明细20260329030555.xlsx
长城(揽胜3号经典),800.0,600.0,0.0,0.0,2026-02-09,XQJ10000000026251755,订单明细20260329030555.xlsx
长城(揽胜3号经典),800.0,600.0,0.0,0.0,2026-02-09,XQJ10000000026251755,订单明细20260329030555.xlsx
长城(揽胜3号经典),800.0,600.0,0.0,0.0,2026-02-09,XQJ10000000026251755,订单明细20260329030555.xlsx
长城(生肖版),1500.0,1120.0,0.0,0.0,2026-02-09,XQJ10000000026251755,订单明细20260329030555.xlsx
长城(生肖版),1500.0,1120.0,0.0,0.0,2026-02-09,XQJ10000000026251755,订单明细20260329030555.xlsx
长城(生肖版),1500.0,1120.0,0.0,0.0,2026-02-09,XQJ10000000026251755,订单明细20260329030555.xlsx
长城(生肖版),1500.0,1120.0,0.0,0.0,2026-02-09,XQJ10000000026251755,订单明细20260329030555.xlsx
长城(生肖版),1500.0,1120.0,0.0,0.0,2026-02-09,XQJ10000000026251755,订单明细20260329030555.xlsx
长城(盛世3号),880.0,616.0,0.0,0.0,2026-02-09,XQJ10000000026251755,订单明细20260329030555.xlsx
长城(盛世3号),880.0,616.0,0.0,0.0,2026-02-09,XQJ10000000026251755,订单明细20260329030555.xlsx
长城(盛世3号),880.0,616.0,0.0,0.0,2026-02-09,XQJ10000000026251755,订单明细20260329030555.xlsx
长城(盛世3号),880.0,616.0,0.0,0.0,2026-02-09,XQJ10000000026251755,订单明细20260329030555.xlsx
长城(盛世3号),880.0,616.0,0.0,0.0,2026-02-09,XQJ10000000026251755,订单明细20260329030555.xlsx
长城(盛世5号),300.0,230.0,0.0,0.0,2026-02-09,XQJ10000000026251755,订单明细20260329030555.xlsx
长城(盛世5号),300.0,230.0,0.0,0.0,2026-02-09,XQJ10000000026251755,订单明细20260329030555.xlsx
长城(盛世5号),300.0,230.0,0.0,0.0,2026-02-09,XQJ10000000026251755,订单明细20260329030555.xlsx
长城(盛世5号),300.0,230.0,0.0,0.0,2026-02-09,XQJ10000000026251755,订单明细20260329030555.xlsx
长城(盛世5号),300.0,230.0,0.0,0.0,2026-02-09,XQJ10000000026251755,订单明细20260329030555.xlsx
长城(盛世6号),840.0,588.0,0.0,0.0,2026-02-09,XQJ10000000026251755,订单明细20260329030555.xlsx
长城(盛世6号),840.0,588.0,0.0,0.0,2026-02-09,XQJ10000000026251755,订单明细20260329030555.xlsx
长城(盛世6号),840.0,588.0,0.0,0.0,2026-02-09,XQJ10000000026251755,订单明细20260329030555.xlsx
长城(盛世6号),840.0,588.0,0.0,0.0,2026-02-09,XQJ10000000026251755,订单明细20260329030555.xlsx
长城(盛世6号),840.0,588.0,0.0,0.0,2026-02-09,XQJ10000000026251755,订单明细20260329030555.xlsx
长城(红色132),200.0,150.0,0.0,0.0,2026-02-09,XQJ10000000026251755,订单明细20260329030555.xlsx
长城(红色132),200.0,150.0,0.0,0.0,2026-02-09,XQJ10000000026251755,订单明细20260329030555.xlsx
长城(红色132),200.0,150.0,0.0,0.0,2026-02-09,XQJ10000000026251755,订单明细20260329030555.xlsx
长城(红色132),200.0,150.0,0.0,0.0,2026-02-09,XQJ10000000026251755,订单明细20260329030555.xlsx
长城(红色132),200.0,150.0,0.0,0.0,2026-02-09,XQJ10000000026251755,订单明细20260329030555.xlsx
长城(经典3号),500.0,380.0,0.0,0.0,2026-02-09,XQJ10000000026251755,订单明细20260329030555.xlsx
长城(经典3号),500.0,380.0,0.0,0.0,2026-02-09,XQJ10000000026251755,订单明细20260329030555.xlsx
长城(经典3号),500.0,380.0,0.0,0.0,2026-02-09,XQJ10000000026251755,订单明细20260329030555.xlsx
长城(经典3号),500.0,380.0,0.0,0.0,2026-02-09,XQJ10000000026251755,订单明细20260329030555.xlsx
长城(经典3号),500.0,380.0,0.0,0.0,2026-02-09,XQJ10000000026251755,订单明细20260329030555.xlsx
长城(迷你香草),260.0,200.0,0.0,0.0,2026-02-09,XQJ10000000026251755,订单明细20260329030555.xlsx
长城(迷你香草),260.0,200.0,0.0,0.0,2026-02-09,XQJ10000000026251755,订单明细20260329030555.xlsx
长城(迷你香草),260.0,200.0,0.0,0.0,2026-02-09,XQJ10000000026251755,订单明细20260329030555.xlsx
长城(迷你香草),260.0,200.0,0.0,0.0,2026-02-09,XQJ10000000026251755,订单明细20260329030555.xlsx
长城(迷你香草),260.0,200.0,0.0,0.0,2026-02-09,XQJ10000000026251755,订单明细20260329030555.xlsx
长城(醇雅薄荷),180.0,158.4,0.0,0.0,2026-02-09,XQJ10000000026251755,订单明细20260329030555.xlsx
长城(醇雅薄荷),180.0,158.4,0.0,0.0,2026-02-09,XQJ10000000026251755,订单明细20260329030555.xlsx
长城(醇雅薄荷),180.0,158.4,0.0,0.0,2026-02-09,XQJ10000000026251755,订单明细20260329030555.xlsx
长城(醇雅薄荷),180.0,158.4,0.0,0.0,2026-02-09,XQJ10000000026251755,订单明细20260329030555.xlsx
长城(醇雅薄荷),180.0,158.4,0.0,0.0,2026-02-09,XQJ10000000026251755,订单明细20260329030555.xlsx
长白山(777),150.0,121.9,0.0,0.0,2026-02-09,XQJ10000000026251755,订单明细20260329030555.xlsx
长白山(777),150.0,121.9,0.0,0.0,2026-02-09,XQJ10000000026251755,订单明细20260329030555.xlsx
长白山(777),150.0,121.9,0.0,0.0,2026-02-09,XQJ10000000026251755,订单明细20260329030555.xlsx
长白山(777),150.0,121.9,0.0,0.0,2026-02-09,XQJ10000000026251755,订单明细20260329030555.xlsx
长白山(777),150.0,121.9,0.0,0.0,2026-02-09,XQJ10000000026251755,订单明细20260329030555.xlsx
长白山(蓝尚),180.0,158.0,1.0,158.0,2026-02-09,XQJ10000000026251755,订单明细20260329030555.xlsx
长白山(蓝尚),180.0,158.0,1.0,158.0,2026-02-09,XQJ10000000026251755,订单明细20260329030555.xlsx
长白山(蓝尚),180.0,158.0,1.0,158.0,2026-02-09,XQJ10000000026251755,订单明细20260329030555.xlsx
长白山(蓝尚),180.0,158.0,1.0,158.0,2026-02-09,XQJ10000000026251755,订单明细20260329030555.xlsx
长白山(蓝尚),180.0,158.0,1.0,158.0,2026-02-09,XQJ10000000026251755,订单明细20260329030555.xlsx
阿里山(天韵),150.0,132.5,0.0,0.0,2026-02-09,XQJ10000000026251755,订单明细20260329030555.xlsx
阿里山(天韵),150.0,132.5,0.0,0.0,2026-02-09,XQJ10000000026251755,订单明细20260329030555.xlsx
阿里山(天韵),150.0,132.5,0.0,0.0,2026-02-09,XQJ10000000026251755,订单明细20260329030555.xlsx
阿里山(天韵),150.0,132.5,0.0,0.0,2026-02-09,XQJ10000000026251755,订单明细20260329030555.xlsx
阿里山(天韵),150.0,132.5,0.0,0.0,2026-02-09,XQJ10000000026251755,订单明细20260329030555.xlsx
高希霸(世纪四),13500.0,9362.75,0.0,0.0,2026-02-09,XQJ10000000026251755,订单明细20260329030555.xlsx
高希霸(世纪四),13500.0,9362.75,0.0,0.0,2026-02-09,XQJ10000000026251755,订单明细20260329030555.xlsx
高希霸(世纪四),13500.0,9362.75,0.0,0.0,2026-02-09,XQJ10000000026251755,订单明细20260329030555.xlsx
高希霸(世纪四),13500.0,9362.75,0.0,0.0,2026-02-09,XQJ10000000026251755,订单明细20260329030555.xlsx
高希霸(世纪四),13500.0,9362.75,0.0,0.0,2026-02-09,XQJ10000000026251755,订单明细20260329030555.xlsx
高希霸(罗布图木盒25支装),13750.0,9604.25,0.0,0.0,2026-02-09,XQJ10000000026251755,订单明细20260329030555.xlsx
高希霸(罗布图木盒25支装),13750.0,9604.25,0.0,0.0,2026-02-09,XQJ10000000026251755,订单明细20260329030555.xlsx
高希霸(罗布图木盒25支装),13750.0,9604.25,0.0,0.0,2026-02-09,XQJ10000000026251755,订单明细20260329030555.xlsx
高希霸(罗布图木盒25支装),13750.0,9604.25,0.0,0.0,2026-02-09,XQJ10000000026251755,订单明细20260329030555.xlsx
高希霸(罗布图木盒25支装),13750.0,9604.25,0.0,0.0,2026-02-09,XQJ10000000026251755,订单明细20260329030555.xlsx
黄山(徽商新概念细支),500.0,339.2,0.0,0.0,2026-02-09,XQJ10000000026251755,订单明细20260329030555.xlsx
黄山(徽商新概念细支),500.0,339.2,0.0,0.0,2026-02-09,XQJ10000000026251755,订单明细20260329030555.xlsx
黄山(徽商新概念细支),500.0,339.2,0.0,0.0,2026-02-09,XQJ10000000026251755,订单明细20260329030555.xlsx
黄山(徽商新概念细支),500.0,339.2,0.0,0.0,2026-02-09,XQJ10000000026251755,订单明细20260329030555.xlsx
黄山(徽商新概念细支),500.0,339.2,0.0,0.0,2026-02-09,XQJ10000000026251755,订单明细20260329030555.xlsx
黄山(新制皖烟),140.0,121.9,0.0,0.0,2026-02-09,XQJ10000000026251755,订单明细20260329030555.xlsx
黄山(新制皖烟),140.0,121.9,0.0,0.0,2026-02-09,XQJ10000000026251755,订单明细20260329030555.xlsx
黄山(新制皖烟),140.0,121.9,0.0,0.0,2026-02-09,XQJ10000000026251755,订单明细20260329030555.xlsx
黄山(新制皖烟),140.0,121.9,0.0,0.0,2026-02-09,XQJ10000000026251755,订单明细20260329030555.xlsx
黄山(新制皖烟),140.0,121.9,0.0,0.0,2026-02-09,XQJ10000000026251755,订单明细20260329030555.xlsx
黄果树(佳品),70.0,61.5,0.0,0.0,2026-02-09,XQJ10000000026251755,订单明细20260329030555.xlsx
黄果树(佳品),70.0,61.5,0.0,0.0,2026-02-09,XQJ10000000026251755,订单明细20260329030555.xlsx
黄果树(佳品),70.0,61.5,0.0,0.0,2026-02-09,XQJ10000000026251755,订单明细20260329030555.xlsx
黄果树(佳品),70.0,61.5,0.0,0.0,2026-02-09,XQJ10000000026251755,订单明细20260329030555.xlsx
黄果树(佳品),70.0,61.5,0.0,0.0,2026-02-09,XQJ10000000026251755,订单明细20260329030555.xlsx
黄金叶(乐途),140.0,121.9,1.0,121.9,2026-02-09,XQJ10000000026251755,订单明细20260329030555.xlsx
黄金叶(乐途),140.0,121.9,1.0,121.9,2026-02-09,XQJ10000000026251755,订单明细20260329030555.xlsx
黄金叶(乐途),140.0,121.9,1.0,121.9,2026-02-09,XQJ10000000026251755,订单明细20260329030555.xlsx
黄金叶(乐途),140.0,121.9,1.0,121.9,2026-02-09,XQJ10000000026251755,订单明细20260329030555.xlsx
黄金叶(乐途),140.0,121.9,1.0,121.9,2026-02-09,XQJ10000000026251755,订单明细20260329030555.xlsx
黄金叶(商鼎),200.0,175.0,1.0,175.0,2026-02-09,XQJ10000000026251755,订单明细20260329030555.xlsx
黄金叶(商鼎),200.0,175.0,1.0,175.0,2026-02-09,XQJ10000000026251755,订单明细20260329030555.xlsx
黄金叶(商鼎),200.0,175.0,1.0,175.0,2026-02-09,XQJ10000000026251755,订单明细20260329030555.xlsx
黄金叶(商鼎),200.0,175.0,1.0,175.0,2026-02-09,XQJ10000000026251755,订单明细20260329030555.xlsx
黄金叶(商鼎),200.0,175.0,1.0,175.0,2026-02-09,XQJ10000000026251755,订单明细20260329030555.xlsx
黄金叶(大成细支),350.0,263.0,1.0,263.0,2026-02-09,XQJ10000000026251755,订单明细20260329030555.xlsx
黄金叶(大成细支),350.0,263.0,1.0,263.0,2026-02-09,XQJ10000000026251755,订单明细20260329030555.xlsx
黄金叶(大成细支),350.0,263.0,1.0,263.0,2026-02-09,XQJ10000000026251755,订单明细20260329030555.xlsx
黄金叶(大成细支),350.0,263.0,1.0,263.0,2026-02-09,XQJ10000000026251755,订单明细20260329030555.xlsx
黄金叶(大成细支),350.0,263.0,1.0,263.0,2026-02-09,XQJ10000000026251755,订单明细20260329030555.xlsx
黄金叶(天叶),1000.0,678.4,0.0,0.0,2026-02-09,XQJ10000000026251755,订单明细20260329030555.xlsx
黄金叶(天叶),1000.0,678.4,0.0,0.0,2026-02-09,XQJ10000000026251755,订单明细20260329030555.xlsx
黄金叶(天叶),1000.0,678.4,0.0,0.0,2026-02-09,XQJ10000000026251755,订单明细20260329030555.xlsx
黄金叶(天叶),1000.0,678.4,0.0,0.0,2026-02-09,XQJ10000000026251755,订单明细20260329030555.xlsx
黄金叶(天叶),1000.0,678.4,0.0,0.0,2026-02-09,XQJ10000000026251755,订单明细20260329030555.xlsx
黄金叶(天叶中支),1200.0,1000.0,0.0,0.0,2026-02-09,XQJ10000000026251755,订单明细20260329030555.xlsx
黄金叶(天叶中支),1200.0,1000.0,0.0,0.0,2026-02-09,XQJ10000000026251755,订单明细20260329030555.xlsx
黄金叶(天叶中支),1200.0,1000.0,0.0,0.0,2026-02-09,XQJ10000000026251755,订单明细20260329030555.xlsx
黄金叶(天叶中支),1200.0,1000.0,0.0,0.0,2026-02-09,XQJ10000000026251755,订单明细20260329030555.xlsx
黄金叶(天叶中支),1200.0,1000.0,0.0,0.0,2026-02-09,XQJ10000000026251755,订单明细20260329030555.xlsx
黄金叶(天叶细支),1000.0,848.0,1.0,848.0,2026-02-09,XQJ10000000026251755,订单明细20260329030555.xlsx
黄金叶(天叶细支),1000.0,848.0,1.0,848.0,2026-02-09,XQJ10000000026251755,订单明细20260329030555.xlsx
黄金叶(天叶细支),1000.0,848.0,1.0,848.0,2026-02-09,XQJ10000000026251755,订单明细20260329030555.xlsx
黄金叶(天叶细支),1000.0,848.0,1.0,848.0,2026-02-09,XQJ10000000026251755,订单明细20260329030555.xlsx
黄金叶(天叶细支),1000.0,848.0,1.0,848.0,2026-02-09,XQJ10000000026251755,订单明细20260329030555.xlsx
黄金叶(天香中支),550.0,424.0,0.0,0.0,2026-02-09,XQJ10000000026251755,订单明细20260329030555.xlsx
黄金叶(天香中支),550.0,424.0,0.0,0.0,2026-02-09,XQJ10000000026251755,订单明细20260329030555.xlsx
黄金叶(天香中支),550.0,424.0,0.0,0.0,2026-02-09,XQJ10000000026251755,订单明细20260329030555.xlsx
黄金叶(天香中支),550.0,424.0,0.0,0.0,2026-02-09,XQJ10000000026251755,订单明细20260329030555.xlsx
黄金叶(天香中支),550.0,424.0,0.0,0.0,2026-02-09,XQJ10000000026251755,订单明细20260329030555.xlsx
黄金叶(天香细支),550.0,455.8,2.0,911.6,2026-02-09,XQJ10000000026251755,订单明细20260329030555.xlsx
黄金叶(天香细支),550.0,455.8,2.0,911.6,2026-02-09,XQJ10000000026251755,订单明细20260329030555.xlsx
黄金叶(天香细支),550.0,455.8,2.0,911.6,2026-02-09,XQJ10000000026251755,订单明细20260329030555.xlsx
黄金叶(天香细支),550.0,455.8,2.0,911.6,2026-02-09,XQJ10000000026251755,订单明细20260329030555.xlsx
黄金叶(天香细支),550.0,455.8,2.0,911.6,2026-02-09,XQJ10000000026251755,订单明细20260329030555.xlsx
黄金叶(浓香细支),300.0,263.0,0.0,0.0,2026-02-09,XQJ10000000026251755,订单明细20260329030555.xlsx
黄金叶(浓香细支),300.0,263.0,0.0,0.0,2026-02-09,XQJ10000000026251755,订单明细20260329030555.xlsx
黄金叶(浓香细支),300.0,263.0,0.0,0.0,2026-02-09,XQJ10000000026251755,订单明细20260329030555.xlsx
黄金叶(浓香细支),300.0,263.0,0.0,0.0,2026-02-09,XQJ10000000026251755,订单明细20260329030555.xlsx
黄金叶(浓香细支),300.0,263.0,0.0,0.0,2026-02-09,XQJ10000000026251755,订单明细20260329030555.xlsx
黄金叶(炫尚),200.0,175.0,0.0,0.0,2026-02-09,XQJ10000000026251755,订单明细20260329030555.xlsx
黄金叶(炫尚),200.0,175.0,0.0,0.0,2026-02-09,XQJ10000000026251755,订单明细20260329030555.xlsx
黄金叶(炫尚),200.0,175.0,0.0,0.0,2026-02-09,XQJ10000000026251755,订单明细20260329030555.xlsx
黄金叶(炫尚),200.0,175.0,0.0,0.0,2026-02-09,XQJ10000000026251755,订单明细20260329030555.xlsx
黄金叶(炫尚),200.0,175.0,0.0,0.0,2026-02-09,XQJ10000000026251755,订单明细20260329030555.xlsx
黄金叶(爱尚),160.0,139.92,0.0,0.0,2026-02-09,XQJ10000000026251755,订单明细20260329030555.xlsx
黄金叶(爱尚),160.0,139.92,0.0,0.0,2026-02-09,XQJ10000000026251755,订单明细20260329030555.xlsx
黄金叶(爱尚),160.0,139.92,0.0,0.0,2026-02-09,XQJ10000000026251755,订单明细20260329030555.xlsx
黄金叶(爱尚),160.0,139.92,0.0,0.0,2026-02-09,XQJ10000000026251755,订单明细20260329030555.xlsx
黄金叶(爱尚),160.0,139.92,0.0,0.0,2026-02-09,XQJ10000000026251755,订单明细20260329030555.xlsx
黄金叶(软天叶),900.0,763.2,0.0,0.0,2026-02-09,XQJ10000000026251755,订单明细20260329030555.xlsx
黄金叶(软天叶),900.0,763.2,0.0,0.0,2026-02-09,XQJ10000000026251755,订单明细20260329030555.xlsx
黄金叶(软天叶),900.0,763.2,0.0,0.0,2026-02-09,XQJ10000000026251755,订单明细20260329030555.xlsx
黄金叶(软天叶),900.0,763.2,0.0,0.0,2026-02-09,XQJ10000000026251755,订单明细20260329030555.xlsx
黄金叶(软天叶),900.0,763.2,0.0,0.0,2026-02-09,XQJ10000000026251755,订单明细20260329030555.xlsx
黄鹤楼(1916雪之梦3号),1800.0,1200.0,0.0,0.0,2026-02-09,XQJ10000000026251755,订单明细20260329030555.xlsx
黄鹤楼(1916雪之梦3号),1800.0,1200.0,0.0,0.0,2026-02-09,XQJ10000000026251755,订单明细20260329030555.xlsx
黄鹤楼(1916雪之梦3号),1800.0,1200.0,0.0,0.0,2026-02-09,XQJ10000000026251755,订单明细20260329030555.xlsx
黄鹤楼(1916雪之梦3号),1800.0,1200.0,0.0,0.0,2026-02-09,XQJ10000000026251755,订单明细20260329030555.xlsx
黄鹤楼(1916雪之梦3号),1800.0,1200.0,0.0,0.0,2026-02-09,XQJ10000000026251755,订单明细20260329030555.xlsx
黄鹤楼(冰咖),260.0,225.0,0.0,0.0,2026-02-09,XQJ10000000026251755,订单明细20260329030555.xlsx
黄鹤楼(冰咖),260.0,225.0,0.0,0.0,2026-02-09,XQJ10000000026251755,订单明细20260329030555.xlsx
黄鹤楼(冰咖),260.0,225.0,0.0,0.0,2026-02-09,XQJ10000000026251755,订单明细20260329030555.xlsx
黄鹤楼(冰咖),260.0,225.0,0.0,0.0,2026-02-09,XQJ10000000026251755,订单明细20260329030555.xlsx
黄鹤楼(冰咖),260.0,225.0,0.0,0.0,2026-02-09,XQJ10000000026251755,订单明细20260329030555.xlsx
黄鹤楼(天下名楼),160.0,139.92,0.0,0.0,2026-02-09,XQJ10000000026251755,订单明细20260329030555.xlsx
黄鹤楼(天下名楼),160.0,139.92,0.0,0.0,2026-02-09,XQJ10000000026251755,订单明细20260329030555.xlsx
黄鹤楼(天下名楼),160.0,139.92,0.0,0.0,2026-02-09,XQJ10000000026251755,订单明细20260329030555.xlsx
黄鹤楼(天下名楼),160.0,139.92,0.0,0.0,2026-02-09,XQJ10000000026251755,订单明细20260329030555.xlsx
黄鹤楼(天下名楼),160.0,139.92,0.0,0.0,2026-02-09,XQJ10000000026251755,订单明细20260329030555.xlsx
黄鹤楼(炫彩),400.0,280.0,0.0,0.0,2026-02-09,XQJ10000000026251755,订单明细20260329030555.xlsx
黄鹤楼(炫彩),400.0,280.0,0.0,0.0,2026-02-09,XQJ10000000026251755,订单明细20260329030555.xlsx
黄鹤楼(炫彩),400.0,280.0,0.0,0.0,2026-02-09,XQJ10000000026251755,订单明细20260329030555.xlsx
黄鹤楼(炫彩),400.0,280.0,0.0,0.0,2026-02-09,XQJ10000000026251755,订单明细20260329030555.xlsx
黄鹤楼(炫彩),400.0,280.0,0.0,0.0,2026-02-09,XQJ10000000026251755,订单明细20260329030555.xlsx
黄鹤楼(硬15细支),1000.0,848.0,0.0,0.0,2026-02-09,XQJ10000000026251755,订单明细20260329030555.xlsx
黄鹤楼(硬15细支),1000.0,848.0,0.0,0.0,2026-02-09,XQJ10000000026251755,订单明细20260329030555.xlsx
黄鹤楼(硬15细支),1000.0,848.0,0.0,0.0,2026-02-09,XQJ10000000026251755,订单明细20260329030555.xlsx
黄鹤楼(硬15细支),1000.0,848.0,0.0,0.0,2026-02-09,XQJ10000000026251755,订单明细20260329030555.xlsx
黄鹤楼(硬15细支),1000.0,848.0,0.0,0.0,2026-02-09,XQJ10000000026251755,订单明细20260329030555.xlsx
黄鹤楼(硬1916),1000.0,848.0,0.0,0.0,2026-02-09,XQJ10000000026251755,订单明细20260329030555.xlsx
黄鹤楼(硬1916),1000.0,848.0,0.0,0.0,2026-02-09,XQJ10000000026251755,订单明细20260329030555.xlsx
黄鹤楼(硬1916),1000.0,848.0,0.0,0.0,2026-02-09,XQJ10000000026251755,订单明细20260329030555.xlsx
黄鹤楼(硬1916),1000.0,848.0,0.0,0.0,2026-02-09,XQJ10000000026251755,订单明细20260329030555.xlsx
黄鹤楼(硬1916),1000.0,848.0,0.0,0.0,2026-02-09,XQJ10000000026251755,订单明细20260329030555.xlsx
黄鹤楼(硬1916如意),1000.0,763.2,0.0,0.0,2026-02-09,XQJ10000000026251755,订单明细20260329030555.xlsx
黄鹤楼(硬1916如意),1000.0,763.2,0.0,0.0,2026-02-09,XQJ10000000026251755,订单明细20260329030555.xlsx
黄鹤楼(硬1916如意),1000.0,763.2,0.0,0.0,2026-02-09,XQJ10000000026251755,订单明细20260329030555.xlsx
黄鹤楼(硬1916如意),1000.0,763.2,0.0,0.0,2026-02-09,XQJ10000000026251755,订单明细20260329030555.xlsx
黄鹤楼(硬1916如意),1000.0,763.2,0.0,0.0,2026-02-09,XQJ10000000026251755,订单明细20260329030555.xlsx
黄鹤楼(硬1916红爆),1000.0,720.8,0.0,0.0,2026-02-09,XQJ10000000026251755,订单明细20260329030555.xlsx
黄鹤楼(硬1916红爆),1000.0,720.8,0.0,0.0,2026-02-09,XQJ10000000026251755,订单明细20260329030555.xlsx
黄鹤楼(硬1916红爆),1000.0,720.8,0.0,0.0,2026-02-09,XQJ10000000026251755,订单明细20260329030555.xlsx
黄鹤楼(硬1916红爆),1000.0,720.8,0.0,0.0,2026-02-09,XQJ10000000026251755,订单明细20260329030555.xlsx
黄鹤楼(硬1916红爆),1000.0,720.8,0.0,0.0,2026-02-09,XQJ10000000026251755,订单明细20260329030555.xlsx
黄鹤楼(硬峡谷情细支),350.0,263.0,0.0,0.0,2026-02-09,XQJ10000000026251755,订单明细20260329030555.xlsx
黄鹤楼(硬峡谷情细支),350.0,263.0,0.0,0.0,2026-02-09,XQJ10000000026251755,订单明细20260329030555.xlsx
黄鹤楼(硬峡谷情细支),350.0,263.0,0.0,0.0,2026-02-09,XQJ10000000026251755,订单明细20260329030555.xlsx
黄鹤楼(硬峡谷情细支),350.0,263.0,0.0,0.0,2026-02-09,XQJ10000000026251755,订单明细20260329030555.xlsx
黄鹤楼(硬峡谷情细支),350.0,263.0,0.0,0.0,2026-02-09,XQJ10000000026251755,订单明细20260329030555.xlsx
黄鹤楼(硬峡谷柔情),400.0,263.0,2.0,526.0,2026-02-09,XQJ10000000026251755,订单明细20260329030555.xlsx
黄鹤楼(硬峡谷柔情),400.0,263.0,2.0,526.0,2026-02-09,XQJ10000000026251755,订单明细20260329030555.xlsx
黄鹤楼(硬峡谷柔情),400.0,263.0,2.0,526.0,2026-02-09,XQJ10000000026251755,订单明细20260329030555.xlsx
黄鹤楼(硬峡谷柔情),400.0,263.0,2.0,526.0,2026-02-09,XQJ10000000026251755,订单明细20260329030555.xlsx
黄鹤楼(硬峡谷柔情),400.0,263.0,2.0,526.0,2026-02-09,XQJ10000000026251755,订单明细20260329030555.xlsx
黄鹤楼(硬平安),1000.0,720.8,0.0,0.0,2026-02-09,XQJ10000000026251755,订单明细20260329030555.xlsx
黄鹤楼(硬平安),1000.0,720.8,0.0,0.0,2026-02-09,XQJ10000000026251755,订单明细20260329030555.xlsx
黄鹤楼(硬平安),1000.0,720.8,0.0,0.0,2026-02-09,XQJ10000000026251755,订单明细20260329030555.xlsx
黄鹤楼(硬平安),1000.0,720.8,0.0,0.0,2026-02-09,XQJ10000000026251755,订单明细20260329030555.xlsx
黄鹤楼(硬平安),1000.0,720.8,0.0,0.0,2026-02-09,XQJ10000000026251755,订单明细20260329030555.xlsx
黄鹤楼(视窗),400.0,300.0,0.0,0.0,2026-02-09,XQJ10000000026251755,订单明细20260329030555.xlsx
黄鹤楼(视窗),400.0,300.0,0.0,0.0,2026-02-09,XQJ10000000026251755,订单明细20260329030555.xlsx
黄鹤楼(视窗),400.0,300.0,0.0,0.0,2026-02-09,XQJ10000000026251755,订单明细20260329030555.xlsx
黄鹤楼(视窗),400.0,300.0,0.0,0.0,2026-02-09,XQJ10000000026251755,订单明细20260329030555.xlsx
黄鹤楼(视窗),400.0,300.0,0.0,0.0,2026-02-09,XQJ10000000026251755,订单明细20260329030555.xlsx
黄鹤楼(软1916),1000.0,848.0,0.0,0.0,2026-02-09,XQJ10000000026251755,订单明细20260329030555.xlsx
黄鹤楼(软1916),1000.0,848.0,0.0,0.0,2026-02-09,XQJ10000000026251755,订单明细20260329030555.xlsx
黄鹤楼(软1916),1000.0,848.0,0.0,0.0,2026-02-09,XQJ10000000026251755,订单明细20260329030555.xlsx
黄鹤楼(软1916),1000.0,848.0,0.0,0.0,2026-02-09,XQJ10000000026251755,订单明细20260329030555.xlsx
黄鹤楼(软1916),1000.0,848.0,0.0,0.0,2026-02-09,XQJ10000000026251755,订单明细20260329030555.xlsx
黄鹤楼(软蓝),190.0,164.3,0.0,0.0,2026-02-09,XQJ10000000026251755,订单明细20260329030555.xlsx
黄鹤楼(软蓝),190.0,164.3,0.0,0.0,2026-02-09,XQJ10000000026251755,订单明细20260329030555.xlsx
黄鹤楼(软蓝),190.0,164.3,0.0,0.0,2026-02-09,XQJ10000000026251755,订单明细20260329030555.xlsx
黄鹤楼(软蓝),190.0,164.3,0.0,0.0,2026-02-09,XQJ10000000026251755,订单明细20260329030555.xlsx
黄鹤楼(软蓝),190.0,164.3,0.0,0.0,2026-02-09,XQJ10000000026251755,订单明细20260329030555.xlsx
黄鹤楼(迷你醇味),240.0,182.4,0.0,0.0,2026-02-09,XQJ10000000026251755,订单明细20260329030555.xlsx
黄鹤楼(迷你醇味),240.0,182.4,0.0,0.0,2026-02-09,XQJ10000000026251755,订单明细20260329030555.xlsx
黄鹤楼(迷你醇味),240.0,182.4,0.0,0.0,2026-02-09,XQJ10000000026251755,订单明细20260329030555.xlsx
黄鹤楼(迷你醇味),240.0,182.4,0.0,0.0,2026-02-09,XQJ10000000026251755,订单明细20260329030555.xlsx
黄鹤楼(迷你醇味),240.0,182.4,0.0,0.0,2026-02-09,XQJ10000000026251755,订单明细20260329030555.xlsx
黄鹤楼(逍遥5号),1200.0,760.0,0.0,0.0,2026-02-09,XQJ10000000026251755,订单明细20260329030555.xlsx
黄鹤楼(逍遥5号),1200.0,760.0,0.0,0.0,2026-02-09,XQJ10000000026251755,订单明细20260329030555.xlsx
黄鹤楼(逍遥5号),1200.0,760.0,0.0,0.0,2026-02-09,XQJ10000000026251755,订单明细20260329030555.xlsx
黄鹤楼(逍遥5号),1200.0,760.0,0.0,0.0,2026-02-09,XQJ10000000026251755,订单明细20260329030555.xlsx
黄鹤楼(逍遥5号),1200.0,760.0,0.0,0.0,2026-02-09,XQJ10000000026251755,订单明细20260329030555.xlsx
黄鹤楼(逍遥6号),1000.0,700.0,0.0,0.0,2026-02-09,XQJ10000000026251755,订单明细20260329030555.xlsx
黄鹤楼(逍遥6号),1000.0,700.0,0.0,0.0,2026-02-09,XQJ10000000026251755,订单明细20260329030555.xlsx
黄鹤楼(逍遥6号),1000.0,700.0,0.0,0.0,2026-02-09,XQJ10000000026251755,订单明细20260329030555.xlsx
黄鹤楼(逍遥6号),1000.0,700.0,0.0,0.0,2026-02-09,XQJ10000000026251755,订单明细20260329030555.xlsx
黄鹤楼(逍遥6号),1000.0,700.0,0.0,0.0,2026-02-09,XQJ10000000026251755,订单明细20260329030555.xlsx
黄鹤楼(逍遥7号),850.0,595.0,0.0,0.0,2026-02-09,XQJ10000000026251755,订单明细20260329030555.xlsx
黄鹤楼(逍遥7号),850.0,595.0,0.0,0.0,2026-02-09,XQJ10000000026251755,订单明细20260329030555.xlsx
黄鹤楼(逍遥7号),850.0,595.0,0.0,0.0,2026-02-09,XQJ10000000026251755,订单明细20260329030555.xlsx
黄鹤楼(逍遥7号),850.0,595.0,0.0,0.0,2026-02-09,XQJ10000000026251755,订单明细20260329030555.xlsx
黄鹤楼(逍遥7号),850.0,595.0,0.0,0.0,2026-02-09,XQJ10000000026251755,订单明细20260329030555.xlsx
黄鹤楼(雪之梦10号),1200.0,744.0,0.0,0.0,2026-02-09,XQJ10000000026251755,订单明细20260329030555.xlsx
黄鹤楼(雪之梦10号),1200.0,744.0,0.0,0.0,2026-02-09,XQJ10000000026251755,订单明细20260329030555.xlsx
黄鹤楼(雪之梦10号),1200.0,744.0,0.0,0.0,2026-02-09,XQJ10000000026251755,订单明细20260329030555.xlsx
黄鹤楼(雪之梦10号),1200.0,744.0,0.0,0.0,2026-02-09,XQJ10000000026251755,订单明细20260329030555.xlsx
黄鹤楼(雪之梦10号),1200.0,744.0,0.0,0.0,2026-02-09,XQJ10000000026251755,订单明细20260329030555.xlsx
黄鹤楼(雪之梦5号),800.0,560.0,0.0,0.0,2026-02-09,XQJ10000000026251755,订单明细20260329030555.xlsx
黄鹤楼(雪之梦5号),800.0,560.0,0.0,0.0,2026-02-09,XQJ10000000026251755,订单明细20260329030555.xlsx
黄鹤楼(雪之梦5号),800.0,560.0,0.0,0.0,2026-02-09,XQJ10000000026251755,订单明细20260329030555.xlsx
黄鹤楼(雪之梦5号),800.0,560.0,0.0,0.0,2026-02-09,XQJ10000000026251755,订单明细20260329030555.xlsx
黄鹤楼(雪之梦5号),800.0,560.0,0.0,0.0,2026-02-09,XQJ10000000026251755,订单明细20260329030555.xlsx
黄鹤楼(雪之梦7号),700.0,460.0,0.0,0.0,2026-02-09,XQJ10000000026251755,订单明细20260329030555.xlsx
黄鹤楼(雪之梦7号),700.0,460.0,0.0,0.0,2026-02-09,XQJ10000000026251755,订单明细20260329030555.xlsx
黄鹤楼(雪之梦7号),700.0,460.0,0.0,0.0,2026-02-09,XQJ10000000026251755,订单明细20260329030555.xlsx
黄鹤楼(雪之梦7号),700.0,460.0,0.0,0.0,2026-02-09,XQJ10000000026251755,订单明细20260329030555.xlsx
黄鹤楼(雪之梦7号),700.0,460.0,0.0,0.0,2026-02-09,XQJ10000000026251755,订单明细20260329030555.xlsx
黄鹤楼(雪之梦8号),500.0,300.0,0.0,0.0,2026-02-09,XQJ10000000026251755,订单明细20260329030555.xlsx
黄鹤楼(雪之梦8号),500.0,300.0,0.0,0.0,2026-02-09,XQJ10000000026251755,订单明细20260329030555.xlsx
黄鹤楼(雪之梦8号),500.0,300.0,0.0,0.0,2026-02-09,XQJ10000000026251755,订单明细20260329030555.xlsx
黄鹤楼(雪之梦8号),500.0,300.0,0.0,0.0,2026-02-09,XQJ10000000026251755,订单明细20260329030555.xlsx
黄鹤楼(雪之梦8号),500.0,300.0,0.0,0.0,2026-02-09,XQJ10000000026251755,订单明细20260329030555.xlsx
黄鹤楼(雪之梦9号),1100.0,700.0,0.0,0.0,2026-02-09,XQJ10000000026251755,订单明细20260329030555.xlsx
黄鹤楼(雪之梦9号),1100.0,700.0,0.0,0.0,2026-02-09,XQJ10000000026251755,订单明细20260329030555.xlsx
黄鹤楼(雪之梦9号),1100.0,700.0,0.0,0.0,2026-02-09,XQJ10000000026251755,订单明细20260329030555.xlsx
黄鹤楼(雪之梦9号),1100.0,700.0,0.0,0.0,2026-02-09,XQJ10000000026251755,订单明细20260329030555.xlsx
黄鹤楼(雪之梦9号),1100.0,700.0,0.0,0.0,2026-02-09,XQJ10000000026251755,订单明细20260329030555.xlsx
黄鹤楼(雪之韵2号),240.0,180.0,0.0,0.0,2026-02-09,XQJ10000000026251755,订单明细20260329030555.xlsx
黄鹤楼(雪之韵2号),240.0,180.0,0.0,0.0,2026-02-09,XQJ10000000026251755,订单明细20260329030555.xlsx
黄鹤楼(雪之韵2号),240.0,180.0,0.0,0.0,2026-02-09,XQJ10000000026251755,订单明细20260329030555.xlsx
黄鹤楼(雪之韵2号),240.0,180.0,0.0,0.0,2026-02-09,XQJ10000000026251755,订单明细20260329030555.xlsx
黄鹤楼(雪之韵2号),240.0,180.0,0.0,0.0,2026-02-09,XQJ10000000026251755,订单明细20260329030555.xlsx
七匹狼(纯境),160.0,143.1,1.0,143.1,2026-02-23,XQJ10000000026275425,订单明细20260329030454.xlsx
七匹狼(纯境),160.0,143.1,1.0,143.1,2026-02-23,XQJ10000000026275425,订单明细20260329030454.xlsx
七匹狼(纯境),160.0,143.1,1.0,143.1,2026-02-23,XQJ10000000026275425,订单明细20260329030454.xlsx
七匹狼(纯境),160.0,143.1,1.0,143.1,2026-02-23,XQJ10000000026275425,订单明细20260329030454.xlsx
七匹狼(纯境),160.0,143.1,1.0,143.1,2026-02-23,XQJ10000000026275425,订单明细20260329030454.xlsx
七匹狼(纯境),160.0,143.1,1.0,143.1,2026-02-23,XQJ10000000026275425,订单明细20260329030454.xlsx
云烟(中支云龙),200.0,175.0,1.0,175.0,2026-02-23,XQJ10000000026275425,订单明细20260329030454.xlsx
云烟(中支云龙),200.0,175.0,1.0,175.0,2026-02-23,XQJ10000000026275425,订单明细20260329030454.xlsx
云烟(中支云龙),200.0,175.0,1.0,175.0,2026-02-23,XQJ10000000026275425,订单明细20260329030454.xlsx
云烟(中支云龙),200.0,175.0,1.0,175.0,2026-02-23,XQJ10000000026275425,订单明细20260329030454.xlsx
云烟(中支云龙),200.0,175.0,1.0,175.0,2026-02-23,XQJ10000000026275425,订单明细20260329030454.xlsx
云烟(中支云龙),200.0,175.0,1.0,175.0,2026-02-23,XQJ10000000026275425,订单明细20260329030454.xlsx
云烟(中支小重九),500.0,424.0,2.0,848.0,2026-02-23,XQJ10000000026275425,订单明细20260329030454.xlsx
云烟(中支小重九),500.0,424.0,2.0,848.0,2026-02-23,XQJ10000000026275425,订单明细20260329030454.xlsx
云烟(中支小重九),500.0,424.0,2.0,848.0,2026-02-23,XQJ10000000026275425,订单明细20260329030454.xlsx
云烟(中支小重九),500.0,424.0,2.0,848.0,2026-02-23,XQJ10000000026275425,订单明细20260329030454.xlsx
云烟(中支小重九),500.0,424.0,2.0,848.0,2026-02-23,XQJ10000000026275425,订单明细20260329030454.xlsx
云烟(中支小重九),500.0,424.0,2.0,848.0,2026-02-23,XQJ10000000026275425,订单明细20260329030454.xlsx
云烟(中支金腰带),300.0,263.0,3.0,789.0,2026-02-23,XQJ10000000026275425,订单明细20260329030454.xlsx
云烟(中支金腰带),300.0,263.0,3.0,789.0,2026-02-23,XQJ10000000026275425,订单明细20260329030454.xlsx
云烟(中支金腰带),300.0,263.0,3.0,789.0,2026-02-23,XQJ10000000026275425,订单明细20260329030454.xlsx
云烟(中支金腰带),300.0,263.0,3.0,789.0,2026-02-23,XQJ10000000026275425,订单明细20260329030454.xlsx
云烟(中支金腰带),300.0,263.0,3.0,789.0,2026-02-23,XQJ10000000026275425,订单明细20260329030454.xlsx
云烟(中支金腰带),300.0,263.0,3.0,789.0,2026-02-23,XQJ10000000026275425,订单明细20260329030454.xlsx
云烟(流金印象细支),450.0,381.6,1.0,381.6,2026-02-23,XQJ10000000026275425,订单明细20260329030454.xlsx
云烟(流金印象细支),450.0,381.6,1.0,381.6,2026-02-23,XQJ10000000026275425,订单明细20260329030454.xlsx
云烟(流金印象细支),450.0,381.6,1.0,381.6,2026-02-23,XQJ10000000026275425,订单明细20260329030454.xlsx
云烟(流金印象细支),450.0,381.6,1.0,381.6,2026-02-23,XQJ10000000026275425,订单明细20260329030454.xlsx
云烟(流金印象细支),450.0,381.6,1.0,381.6,2026-02-23,XQJ10000000026275425,订单明细20260329030454.xlsx
云烟(流金印象细支),450.0,381.6,1.0,381.6,2026-02-23,XQJ10000000026275425,订单明细20260329030454.xlsx
云烟(硬云龙),150.0,129.3,3.0,387.9,2026-02-23,XQJ10000000026275425,订单明细20260329030454.xlsx
云烟(硬云龙),150.0,129.3,3.0,387.9,2026-02-23,XQJ10000000026275425,订单明细20260329030454.xlsx
云烟(硬云龙),150.0,129.3,3.0,387.9,2026-02-23,XQJ10000000026275425,订单明细20260329030454.xlsx
云烟(硬云龙),150.0,129.3,3.0,387.9,2026-02-23,XQJ10000000026275425,订单明细20260329030454.xlsx
云烟(硬云龙),150.0,129.3,3.0,387.9,2026-02-23,XQJ10000000026275425,订单明细20260329030454.xlsx
云烟(硬云龙),150.0,129.3,3.0,387.9,2026-02-23,XQJ10000000026275425,订单明细20260329030454.xlsx
云烟(福),120.0,107.06,3.0,321.18,2026-02-23,XQJ10000000026275425,订单明细20260329030454.xlsx
云烟(福),120.0,107.06,3.0,321.18,2026-02-23,XQJ10000000026275425,订单明细20260329030454.xlsx
云烟(福),120.0,107.06,3.0,321.18,2026-02-23,XQJ10000000026275425,订单明细20260329030454.xlsx
云烟(福),120.0,107.06,3.0,321.18,2026-02-23,XQJ10000000026275425,订单明细20260329030454.xlsx
云烟(福),120.0,107.06,3.0,321.18,2026-02-23,XQJ10000000026275425,订单明细20260329030454.xlsx
云烟(福),120.0,107.06,3.0,321.18,2026-02-23,XQJ10000000026275425,订单明细20260329030454.xlsx
云烟(紫),130.0,114.5,20.0,2290.0,2026-02-23,XQJ10000000026275425,订单明细20260329030454.xlsx
云烟(紫),130.0,114.5,20.0,2290.0,2026-02-23,XQJ10000000026275425,订单明细20260329030454.xlsx
云烟(紫),130.0,114.5,20.0,2290.0,2026-02-23,XQJ10000000026275425,订单明细20260329030454.xlsx
云烟(紫),130.0,114.5,20.0,2290.0,2026-02-23,XQJ10000000026275425,订单明细20260329030454.xlsx
云烟(紫),130.0,114.5,20.0,2290.0,2026-02-23,XQJ10000000026275425,订单明细20260329030454.xlsx
云烟(紫),130.0,114.5,20.0,2290.0,2026-02-23,XQJ10000000026275425,订单明细20260329030454.xlsx
云烟(细支云龙),150.0,129.3,3.0,387.9,2026-02-23,XQJ10000000026275425,订单明细20260329030454.xlsx
云烟(细支云龙),150.0,129.3,3.0,387.9,2026-02-23,XQJ10000000026275425,订单明细20260329030454.xlsx
云烟(细支云龙),150.0,129.3,3.0,387.9,2026-02-23,XQJ10000000026275425,订单明细20260329030454.xlsx
云烟(细支云龙),150.0,129.3,3.0,387.9,2026-02-23,XQJ10000000026275425,订单明细20260329030454.xlsx
云烟(细支云龙),150.0,129.3,3.0,387.9,2026-02-23,XQJ10000000026275425,订单明细20260329030454.xlsx
云烟(细支云龙),150.0,129.3,3.0,387.9,2026-02-23,XQJ10000000026275425,订单明细20260329030454.xlsx
云烟(细支小重九),500.0,424.0,1.0,424.0,2026-02-23,XQJ10000000026275425,订单明细20260329030454.xlsx
云烟(细支小重九),500.0,424.0,1.0,424.0,2026-02-23,XQJ10000000026275425,订单明细20260329030454.xlsx
云烟(细支小重九),500.0,424.0,1.0,424.0,2026-02-23,XQJ10000000026275425,订单明细20260329030454.xlsx
云烟(细支小重九),500.0,424.0,1.0,424.0,2026-02-23,XQJ10000000026275425,订单明细20260329030454.xlsx
云烟(细支小重九),500.0,424.0,1.0,424.0,2026-02-23,XQJ10000000026275425,订单明细20260329030454.xlsx
云烟(细支小重九),500.0,424.0,1.0,424.0,2026-02-23,XQJ10000000026275425,订单明细20260329030454.xlsx
云烟(细支筋斗云),350.0,300.0,1.0,300.0,2026-02-23,XQJ10000000026275425,订单明细20260329030454.xlsx
云烟(细支筋斗云),350.0,300.0,1.0,300.0,2026-02-23,XQJ10000000026275425,订单明细20260329030454.xlsx
云烟(细支筋斗云),350.0,300.0,1.0,300.0,2026-02-23,XQJ10000000026275425,订单明细20260329030454.xlsx
云烟(细支筋斗云),350.0,300.0,1.0,300.0,2026-02-23,XQJ10000000026275425,订单明细20260329030454.xlsx
云烟(细支筋斗云),350.0,300.0,1.0,300.0,2026-02-23,XQJ10000000026275425,订单明细20260329030454.xlsx
云烟(细支筋斗云),350.0,300.0,1.0,300.0,2026-02-23,XQJ10000000026275425,订单明细20260329030454.xlsx
利群(新版),160.0,143.1,2.0,286.2,2026-02-23,XQJ10000000026275425,订单明细20260329030454.xlsx
利群(新版),160.0,143.1,2.0,286.2,2026-02-23,XQJ10000000026275425,订单明细20260329030454.xlsx
利群(新版),160.0,143.1,2.0,286.2,2026-02-23,XQJ10000000026275425,订单明细20260329030454.xlsx
利群(新版),160.0,143.1,2.0,286.2,2026-02-23,XQJ10000000026275425,订单明细20260329030454.xlsx
利群(新版),160.0,143.1,2.0,286.2,2026-02-23,XQJ10000000026275425,订单明细20260329030454.xlsx
利群(新版),160.0,143.1,2.0,286.2,2026-02-23,XQJ10000000026275425,订单明细20260329030454.xlsx
南京(梦都),200.0,175.0,1.0,175.0,2026-02-23,XQJ10000000026275425,订单明细20260329030454.xlsx
南京(梦都),200.0,175.0,1.0,175.0,2026-02-23,XQJ10000000026275425,订单明细20260329030454.xlsx
南京(梦都),200.0,175.0,1.0,175.0,2026-02-23,XQJ10000000026275425,订单明细20260329030454.xlsx
南京(梦都),200.0,175.0,1.0,175.0,2026-02-23,XQJ10000000026275425,订单明细20260329030454.xlsx
南京(梦都),200.0,175.0,1.0,175.0,2026-02-23,XQJ10000000026275425,订单明细20260329030454.xlsx
南京(梦都),200.0,175.0,1.0,175.0,2026-02-23,XQJ10000000026275425,订单明细20260329030454.xlsx
好猫(长乐九美),200.0,175.0,1.0,175.0,2026-02-23,XQJ10000000026275425,订单明细20260329030454.xlsx
好猫(长乐九美),200.0,175.0,1.0,175.0,2026-02-23,XQJ10000000026275425,订单明细20260329030454.xlsx
好猫(长乐九美),200.0,175.0,1.0,175.0,2026-02-23,XQJ10000000026275425,订单明细20260329030454.xlsx
好猫(长乐九美),200.0,175.0,1.0,175.0,2026-02-23,XQJ10000000026275425,订单明细20260329030454.xlsx
好猫(长乐九美),200.0,175.0,1.0,175.0,2026-02-23,XQJ10000000026275425,订单明细20260329030454.xlsx
好猫(长乐九美),200.0,175.0,1.0,175.0,2026-02-23,XQJ10000000026275425,订单明细20260329030454.xlsx
娇子(X),110.0,97.0,1.0,97.0,2026-02-23,XQJ10000000026275425,订单明细20260329030454.xlsx
娇子(X),110.0,97.0,1.0,97.0,2026-02-23,XQJ10000000026275425,订单明细20260329030454.xlsx
娇子(X),110.0,97.0,1.0,97.0,2026-02-23,XQJ10000000026275425,订单明细20260329030454.xlsx
娇子(X),110.0,97.0,1.0,97.0,2026-02-23,XQJ10000000026275425,订单明细20260329030454.xlsx
娇子(X),110.0,97.0,1.0,97.0,2026-02-23,XQJ10000000026275425,订单明细20260329030454.xlsx
娇子(X),110.0,97.0,1.0,97.0,2026-02-23,XQJ10000000026275425,订单明细20260329030454.xlsx
娇子(格调细支),150.0,129.3,1.0,129.3,2026-02-23,XQJ10000000026275425,订单明细20260329030454.xlsx
娇子(格调细支),150.0,129.3,1.0,129.3,2026-02-23,XQJ10000000026275425,订单明细20260329030454.xlsx
娇子(格调细支),150.0,129.3,1.0,129.3,2026-02-23,XQJ10000000026275425,订单明细20260329030454.xlsx
娇子(格调细支),150.0,129.3,1.0,129.3,2026-02-23,XQJ10000000026275425,订单明细20260329030454.xlsx
娇子(格调细支),150.0,129.3,1.0,129.3,2026-02-23,XQJ10000000026275425,订单明细20260329030454.xlsx
娇子(格调细支),150.0,129.3,1.0,129.3,2026-02-23,XQJ10000000026275425,订单明细20260329030454.xlsx
泰山(心悦）,160.0,139.92,1.0,139.92,2026-02-23,XQJ10000000026275425,订单明细20260329030454.xlsx
泰山(心悦）,160.0,139.92,1.0,139.92,2026-02-23,XQJ10000000026275425,订单明细20260329030454.xlsx
泰山(心悦）,160.0,139.92,1.0,139.92,2026-02-23,XQJ10000000026275425,订单明细20260329030454.xlsx
泰山(心悦）,160.0,139.92,1.0,139.92,2026-02-23,XQJ10000000026275425,订单明细20260329030454.xlsx
泰山(心悦）,160.0,139.92,1.0,139.92,2026-02-23,XQJ10000000026275425,订单明细20260329030454.xlsx
泰山(心悦）,160.0,139.92,1.0,139.92,2026-02-23,XQJ10000000026275425,订单明细20260329030454.xlsx
玉溪(硬和谐),400.0,339.2,1.0,339.2,2026-02-23,XQJ10000000026275425,订单明细20260329030454.xlsx
玉溪(硬和谐),400.0,339.2,1.0,339.2,2026-02-23,XQJ10000000026275425,订单明细20260329030454.xlsx
玉溪(硬和谐),400.0,339.2,1.0,339.2,2026-02-23,XQJ10000000026275425,订单明细20260329030454.xlsx
玉溪(硬和谐),400.0,339.2,1.0,339.2,2026-02-23,XQJ10000000026275425,订单明细20260329030454.xlsx
玉溪(硬和谐),400.0,339.2,1.0,339.2,2026-02-23,XQJ10000000026275425,订单明细20260329030454.xlsx
玉溪(硬和谐),400.0,339.2,1.0,339.2,2026-02-23,XQJ10000000026275425,订单明细20260329030454.xlsx
玉溪(细支缤果爆),260.0,225.0,1.0,225.0,2026-02-23,XQJ10000000026275425,订单明细20260329030454.xlsx
玉溪(细支缤果爆),260.0,225.0,1.0,225.0,2026-02-23,XQJ10000000026275425,订单明细20260329030454.xlsx
玉溪(细支缤果爆),260.0,225.0,1.0,225.0,2026-02-23,XQJ10000000026275425,订单明细20260329030454.xlsx
玉溪(细支缤果爆),260.0,225.0,1.0,225.0,2026-02-23,XQJ10000000026275425,订单明细20260329030454.xlsx
玉溪(细支缤果爆),260.0,225.0,1.0,225.0,2026-02-23,XQJ10000000026275425,订单明细20260329030454.xlsx
玉溪(细支缤果爆),260.0,225.0,1.0,225.0,2026-02-23,XQJ10000000026275425,订单明细20260329030454.xlsx
玉溪(软初心),200.0,175.0,1.0,175.0,2026-02-23,XQJ10000000026275425,订单明细20260329030454.xlsx
玉溪(软初心),200.0,175.0,1.0,175.0,2026-02-23,XQJ10000000026275425,订单明细20260329030454.xlsx
玉溪(软初心),200.0,175.0,1.0,175.0,2026-02-23,XQJ10000000026275425,订单明细20260329030454.xlsx
玉溪(软初心),200.0,175.0,1.0,175.0,2026-02-23,XQJ10000000026275425,订单明细20260329030454.xlsx
玉溪(软初心),200.0,175.0,1.0,175.0,2026-02-23,XQJ10000000026275425,订单明细20260329030454.xlsx
玉溪(软初心),200.0,175.0,1.0,175.0,2026-02-23,XQJ10000000026275425,订单明细20260329030454.xlsx
玉溪(软尚善),280.0,243.8,23.0,5607.4,2026-02-23,XQJ10000000026275425,订单明细20260329030454.xlsx
玉溪(软尚善),280.0,243.8,23.0,5607.4,2026-02-23,XQJ10000000026275425,订单明细20260329030454.xlsx
玉溪(软尚善),280.0,243.8,23.0,5607.4,2026-02-23,XQJ10000000026275425,订单明细20260329030454.xlsx
玉溪(软尚善),280.0,243.8,23.0,5607.4,2026-02-23,XQJ10000000026275425,订单明细20260329030454.xlsx
玉溪(软尚善),280.0,243.8,23.0,5607.4,2026-02-23,XQJ10000000026275425,订单明细20260329030454.xlsx
玉溪(软尚善),280.0,243.8,23.0,5607.4,2026-02-23,XQJ10000000026275425,订单明细20260329030454.xlsx
玉溪(软阿诗玛),200.0,175.0,1.0,175.0,2026-02-23,XQJ10000000026275425,订单明细20260329030454.xlsx
玉溪(软阿诗玛),200.0,175.0,1.0,175.0,2026-02-23,XQJ10000000026275425,订单明细20260329030454.xlsx
玉溪(软阿诗玛),200.0,175.0,1.0,175.0,2026-02-23,XQJ10000000026275425,订单明细20260329030454.xlsx
玉溪(软阿诗玛),200.0,175.0,1.0,175.0,2026-02-23,XQJ10000000026275425,订单明细20260329030454.xlsx
玉溪(软阿诗玛),200.0,175.0,1.0,175.0,2026-02-23,XQJ10000000026275425,订单明细20260329030454.xlsx
玉溪(软阿诗玛),200.0,175.0,1.0,175.0,2026-02-23,XQJ10000000026275425,订单明细20260329030454.xlsx
白沙(硬天天向上细支),160.0,129.3,1.0,129.3,2026-02-23,XQJ10000000026275425,订单明细20260329030454.xlsx
白沙(硬天天向上细支),160.0,129.3,1.0,129.3,2026-02-23,XQJ10000000026275425,订单明细20260329030454.xlsx
白沙(硬天天向上细支),160.0,129.3,1.0,129.3,2026-02-23,XQJ10000000026275425,订单明细20260329030454.xlsx
白沙(硬天天向上细支),160.0,129.3,1.0,129.3,2026-02-23,XQJ10000000026275425,订单明细20260329030454.xlsx
白沙(硬天天向上细支),160.0,129.3,1.0,129.3,2026-02-23,XQJ10000000026275425,订单明细20260329030454.xlsx
白沙(硬天天向上细支),160.0,129.3,1.0,129.3,2026-02-23,XQJ10000000026275425,订单明细20260329030454.xlsx
红塔山(硬恭贺新禧),150.0,121.9,3.0,365.7,2026-02-23,XQJ10000000026275425,订单明细20260329030454.xlsx
红塔山(硬恭贺新禧),150.0,121.9,3.0,365.7,2026-02-23,XQJ10000000026275425,订单明细20260329030454.xlsx
红塔山(硬恭贺新禧),150.0,121.9,3.0,365.7,2026-02-23,XQJ10000000026275425,订单明细20260329030454.xlsx
红塔山(硬恭贺新禧),150.0,121.9,3.0,365.7,2026-02-23,XQJ10000000026275425,订单明细20260329030454.xlsx
红塔山(硬恭贺新禧),150.0,121.9,3.0,365.7,2026-02-23,XQJ10000000026275425,订单明细20260329030454.xlsx
红塔山(硬恭贺新禧),150.0,121.9,3.0,365.7,2026-02-23,XQJ10000000026275425,订单明细20260329030454.xlsx
红塔山(硬经典),90.0,75.0,3.0,225.0,2026-02-23,XQJ10000000026275425,订单明细20260329030454.xlsx
红塔山(硬经典),90.0,75.0,3.0,225.0,2026-02-23,XQJ10000000026275425,订单明细20260329030454.xlsx
红塔山(硬经典),90.0,75.0,3.0,225.0,2026-02-23,XQJ10000000026275425,订单明细20260329030454.xlsx
红塔山(硬经典),90.0,75.0,3.0,225.0,2026-02-23,XQJ10000000026275425,订单明细20260329030454.xlsx
红塔山(硬经典),90.0,75.0,3.0,225.0,2026-02-23,XQJ10000000026275425,订单明细20260329030454.xlsx
红塔山(硬经典),90.0,75.0,3.0,225.0,2026-02-23,XQJ10000000026275425,订单明细20260329030454.xlsx
红塔山(硬经典100),110.0,97.0,2.0,194.0,2026-02-23,XQJ10000000026275425,订单明细20260329030454.xlsx
红塔山(硬经典100),110.0,97.0,2.0,194.0,2026-02-23,XQJ10000000026275425,订单明细20260329030454.xlsx
红塔山(硬经典100),110.0,97.0,2.0,194.0,2026-02-23,XQJ10000000026275425,订单明细20260329030454.xlsx
红塔山(硬经典100),110.0,97.0,2.0,194.0,2026-02-23,XQJ10000000026275425,订单明细20260329030454.xlsx
红塔山(硬经典100),110.0,97.0,2.0,194.0,2026-02-23,XQJ10000000026275425,订单明细20260329030454.xlsx
红塔山(硬经典100),110.0,97.0,2.0,194.0,2026-02-23,XQJ10000000026275425,订单明细20260329030454.xlsx
红河(硬88),120.0,97.0,9.0,873.0,2026-02-23,XQJ10000000026275425,订单明细20260329030454.xlsx
红河(硬88),120.0,97.0,9.0,873.0,2026-02-23,XQJ10000000026275425,订单明细20260329030454.xlsx
红河(硬88),120.0,97.0,9.0,873.0,2026-02-23,XQJ10000000026275425,订单明细20260329030454.xlsx
红河(硬88),120.0,97.0,9.0,873.0,2026-02-23,XQJ10000000026275425,订单明细20260329030454.xlsx
红河(硬88),120.0,97.0,9.0,873.0,2026-02-23,XQJ10000000026275425,订单明细20260329030454.xlsx
红河(硬88),120.0,97.0,9.0,873.0,2026-02-23,XQJ10000000026275425,订单明细20260329030454.xlsx
红河(硬99),140.0,121.9,3.0,365.7,2026-02-23,XQJ10000000026275425,订单明细20260329030454.xlsx
红河(硬99),140.0,121.9,3.0,365.7,2026-02-23,XQJ10000000026275425,订单明细20260329030454.xlsx
红河(硬99),140.0,121.9,3.0,365.7,2026-02-23,XQJ10000000026275425,订单明细20260329030454.xlsx
红河(硬99),140.0,121.9,3.0,365.7,2026-02-23,XQJ10000000026275425,订单明细20260329030454.xlsx
红河(硬99),140.0,121.9,3.0,365.7,2026-02-23,XQJ10000000026275425,订单明细20260329030454.xlsx
红河(硬99),140.0,121.9,3.0,365.7,2026-02-23,XQJ10000000026275425,订单明细20260329030454.xlsx
芙蓉王(硬),250.0,218.36,3.0,655.08,2026-02-23,XQJ10000000026275425,订单明细20260329030454.xlsx
芙蓉王(硬),250.0,218.36,3.0,655.08,2026-02-23,XQJ10000000026275425,订单明细20260329030454.xlsx
芙蓉王(硬),250.0,218.36,3.0,655.08,2026-02-23,XQJ10000000026275425,订单明细20260329030454.xlsx
芙蓉王(硬),250.0,218.36,3.0,655.08,2026-02-23,XQJ10000000026275425,订单明细20260329030454.xlsx
芙蓉王(硬),250.0,218.36,3.0,655.08,2026-02-23,XQJ10000000026275425,订单明细20260329030454.xlsx
芙蓉王(硬),250.0,218.36,3.0,655.08,2026-02-23,XQJ10000000026275425,订单明细20260329030454.xlsx
芙蓉王(锦绣),500.0,381.6,1.0,381.6,2026-02-23,XQJ10000000026275425,订单明细20260329030454.xlsx
芙蓉王(锦绣),500.0,381.6,1.0,381.6,2026-02-23,XQJ10000000026275425,订单明细20260329030454.xlsx
芙蓉王(锦绣),500.0,381.6,1.0,381.6,2026-02-23,XQJ10000000026275425,订单明细20260329030454.xlsx
芙蓉王(锦绣),500.0,381.6,1.0,381.6,2026-02-23,XQJ10000000026275425,订单明细20260329030454.xlsx
芙蓉王(锦绣),500.0,381.6,1.0,381.6,2026-02-23,XQJ10000000026275425,订单明细20260329030454.xlsx
芙蓉王(锦绣),500.0,381.6,1.0,381.6,2026-02-23,XQJ10000000026275425,订单明细20260329030454.xlsx
黄山(新制皖烟),140.0,121.9,1.0,121.9,2026-02-23,XQJ10000000026275425,订单明细20260329030454.xlsx
黄山(新制皖烟),140.0,121.9,1.0,121.9,2026-02-23,XQJ10000000026275425,订单明细20260329030454.xlsx
黄山(新制皖烟),140.0,121.9,1.0,121.9,2026-02-23,XQJ10000000026275425,订单明细20260329030454.xlsx
黄山(新制皖烟),140.0,121.9,1.0,121.9,2026-02-23,XQJ10000000026275425,订单明细20260329030454.xlsx
黄山(新制皖烟),140.0,121.9,1.0,121.9,2026-02-23,XQJ10000000026275425,订单明细20260329030454.xlsx
黄山(新制皖烟),140.0,121.9,1.0,121.9,2026-02-23,XQJ10000000026275425,订单明细20260329030454.xlsx
黄金叶(商鼎),200.0,175.0,1.0,175.0,2026-02-23,XQJ10000000026275425,订单明细20260329030454.xlsx
黄金叶(商鼎),200.0,175.0,1.0,175.0,2026-02-23,XQJ10000000026275425,订单明细20260329030454.xlsx
黄金叶(商鼎),200.0,175.0,1.0,175.0,2026-02-23,XQJ10000000026275425,订单明细20260329030454.xlsx
黄金叶(商鼎),200.0,175.0,1.0,175.0,2026-02-23,XQJ10000000026275425,订单明细20260329030454.xlsx
黄金叶(商鼎),200.0,175.0,1.0,175.0,2026-02-23,XQJ10000000026275425,订单明细20260329030454.xlsx
黄金叶(商鼎),200.0,175.0,1.0,175.0,2026-02-23,XQJ10000000026275425,订单明细20260329030454.xlsx
七匹狼(纯境),160.0,143.1,1.0,143.1,2026-02-23,XQJ10000000026275425,订单明细20260329030516.xlsx
七匹狼(纯境),160.0,143.1,1.0,143.1,2026-02-23,XQJ10000000026275425,订单明细20260329030516.xlsx
七匹狼(纯境),160.0,143.1,1.0,143.1,2026-02-23,XQJ10000000026275425,订单明细20260329030516.xlsx
七匹狼(纯境),160.0,143.1,1.0,143.1,2026-02-23,XQJ10000000026275425,订单明细20260329030516.xlsx
七匹狼(纯境),160.0,143.1,1.0,143.1,2026-02-23,XQJ10000000026275425,订单明细20260329030516.xlsx
云烟(中支云龙),200.0,175.0,1.0,175.0,2026-02-23,XQJ10000000026275425,订单明细20260329030516.xlsx
云烟(中支云龙),200.0,175.0,1.0,175.0,2026-02-23,XQJ10000000026275425,订单明细20260329030516.xlsx
云烟(中支云龙),200.0,175.0,1.0,175.0,2026-02-23,XQJ10000000026275425,订单明细20260329030516.xlsx
云烟(中支云龙),200.0,175.0,1.0,175.0,2026-02-23,XQJ10000000026275425,订单明细20260329030516.xlsx
云烟(中支云龙),200.0,175.0,1.0,175.0,2026-02-23,XQJ10000000026275425,订单明细20260329030516.xlsx
云烟(中支小重九),500.0,424.0,2.0,848.0,2026-02-23,XQJ10000000026275425,订单明细20260329030516.xlsx
云烟(中支小重九),500.0,424.0,2.0,848.0,2026-02-23,XQJ10000000026275425,订单明细20260329030516.xlsx
云烟(中支小重九),500.0,424.0,2.0,848.0,2026-02-23,XQJ10000000026275425,订单明细20260329030516.xlsx
云烟(中支小重九),500.0,424.0,2.0,848.0,2026-02-23,XQJ10000000026275425,订单明细20260329030516.xlsx
云烟(中支小重九),500.0,424.0,2.0,848.0,2026-02-23,XQJ10000000026275425,订单明细20260329030516.xlsx
云烟(中支金腰带),300.0,263.0,3.0,789.0,2026-02-23,XQJ10000000026275425,订单明细20260329030516.xlsx
云烟(中支金腰带),300.0,263.0,3.0,789.0,2026-02-23,XQJ10000000026275425,订单明细20260329030516.xlsx
云烟(中支金腰带),300.0,263.0,3.0,789.0,2026-02-23,XQJ10000000026275425,订单明细20260329030516.xlsx
云烟(中支金腰带),300.0,263.0,3.0,789.0,2026-02-23,XQJ10000000026275425,订单明细20260329030516.xlsx
云烟(中支金腰带),300.0,263.0,3.0,789.0,2026-02-23,XQJ10000000026275425,订单明细20260329030516.xlsx
云烟(流金印象细支),450.0,381.6,1.0,381.6,2026-02-23,XQJ10000000026275425,订单明细20260329030516.xlsx
云烟(流金印象细支),450.0,381.6,1.0,381.6,2026-02-23,XQJ10000000026275425,订单明细20260329030516.xlsx
云烟(流金印象细支),450.0,381.6,1.0,381.6,2026-02-23,XQJ10000000026275425,订单明细20260329030516.xlsx
云烟(流金印象细支),450.0,381.6,1.0,381.6,2026-02-23,XQJ10000000026275425,订单明细20260329030516.xlsx
云烟(流金印象细支),450.0,381.6,1.0,381.6,2026-02-23,XQJ10000000026275425,订单明细20260329030516.xlsx
云烟(硬云龙),150.0,129.3,3.0,387.9,2026-02-23,XQJ10000000026275425,订单明细20260329030516.xlsx
云烟(硬云龙),150.0,129.3,3.0,387.9,2026-02-23,XQJ10000000026275425,订单明细20260329030516.xlsx
云烟(硬云龙),150.0,129.3,3.0,387.9,2026-02-23,XQJ10000000026275425,订单明细20260329030516.xlsx
云烟(硬云龙),150.0,129.3,3.0,387.9,2026-02-23,XQJ10000000026275425,订单明细20260329030516.xlsx
云烟(硬云龙),150.0,129.3,3.0,387.9,2026-02-23,XQJ10000000026275425,订单明细20260329030516.xlsx
云烟(福),120.0,107.06,3.0,321.18,2026-02-23,XQJ10000000026275425,订单明细20260329030516.xlsx
云烟(福),120.0,107.06,3.0,321.18,2026-02-23,XQJ10000000026275425,订单明细20260329030516.xlsx
云烟(福),120.0,107.06,3.0,321.18,2026-02-23,XQJ10000000026275425,订单明细20260329030516.xlsx
云烟(福),120.0,107.06,3.0,321.18,2026-02-23,XQJ10000000026275425,订单明细20260329030516.xlsx
云烟(福),120.0,107.06,3.0,321.18,2026-02-23,XQJ10000000026275425,订单明细20260329030516.xlsx
云烟(紫),130.0,114.5,20.0,2290.0,2026-02-23,XQJ10000000026275425,订单明细20260329030516.xlsx
云烟(紫),130.0,114.5,20.0,2290.0,2026-02-23,XQJ10000000026275425,订单明细20260329030516.xlsx
云烟(紫),130.0,114.5,20.0,2290.0,2026-02-23,XQJ10000000026275425,订单明细20260329030516.xlsx
云烟(紫),130.0,114.5,20.0,2290.0,2026-02-23,XQJ10000000026275425,订单明细20260329030516.xlsx
云烟(紫),130.0,114.5,20.0,2290.0,2026-02-23,XQJ10000000026275425,订单明细20260329030516.xlsx
云烟(细支云龙),150.0,129.3,3.0,387.9,2026-02-23,XQJ10000000026275425,订单明细20260329030516.xlsx
云烟(细支云龙),150.0,129.3,3.0,387.9,2026-02-23,XQJ10000000026275425,订单明细20260329030516.xlsx
云烟(细支云龙),150.0,129.3,3.0,387.9,2026-02-23,XQJ10000000026275425,订单明细20260329030516.xlsx
云烟(细支云龙),150.0,129.3,3.0,387.9,2026-02-23,XQJ10000000026275425,订单明细20260329030516.xlsx
云烟(细支云龙),150.0,129.3,3.0,387.9,2026-02-23,XQJ10000000026275425,订单明细20260329030516.xlsx
云烟(细支小重九),500.0,424.0,1.0,424.0,2026-02-23,XQJ10000000026275425,订单明细20260329030516.xlsx
云烟(细支小重九),500.0,424.0,1.0,424.0,2026-02-23,XQJ10000000026275425,订单明细20260329030516.xlsx
云烟(细支小重九),500.0,424.0,1.0,424.0,2026-02-23,XQJ10000000026275425,订单明细20260329030516.xlsx
云烟(细支小重九),500.0,424.0,1.0,424.0,2026-02-23,XQJ10000000026275425,订单明细20260329030516.xlsx
云烟(细支小重九),500.0,424.0,1.0,424.0,2026-02-23,XQJ10000000026275425,订单明细20260329030516.xlsx
云烟(细支筋斗云),350.0,300.0,1.0,300.0,2026-02-23,XQJ10000000026275425,订单明细20260329030516.xlsx
云烟(细支筋斗云),350.0,300.0,1.0,300.0,2026-02-23,XQJ10000000026275425,订单明细20260329030516.xlsx
云烟(细支筋斗云),350.0,300.0,1.0,300.0,2026-02-23,XQJ10000000026275425,订单明细20260329030516.xlsx
云烟(细支筋斗云),350.0,300.0,1.0,300.0,2026-02-23,XQJ10000000026275425,订单明细20260329030516.xlsx
云烟(细支筋斗云),350.0,300.0,1.0,300.0,2026-02-23,XQJ10000000026275425,订单明细20260329030516.xlsx
利群(新版),160.0,143.1,2.0,286.2,2026-02-23,XQJ10000000026275425,订单明细20260329030516.xlsx
利群(新版),160.0,143.1,2.0,286.2,2026-02-23,XQJ10000000026275425,订单明细20260329030516.xlsx
利群(新版),160.0,143.1,2.0,286.2,2026-02-23,XQJ10000000026275425,订单明细20260329030516.xlsx
利群(新版),160.0,143.1,2.0,286.2,2026-02-23,XQJ10000000026275425,订单明细20260329030516.xlsx
利群(新版),160.0,143.1,2.0,286.2,2026-02-23,XQJ10000000026275425,订单明细20260329030516.xlsx
南京(梦都),200.0,175.0,1.0,175.0,2026-02-23,XQJ10000000026275425,订单明细20260329030516.xlsx
南京(梦都),200.0,175.0,1.0,175.0,2026-02-23,XQJ10000000026275425,订单明细20260329030516.xlsx
南京(梦都),200.0,175.0,1.0,175.0,2026-02-23,XQJ10000000026275425,订单明细20260329030516.xlsx
南京(梦都),200.0,175.0,1.0,175.0,2026-02-23,XQJ10000000026275425,订单明细20260329030516.xlsx
南京(梦都),200.0,175.0,1.0,175.0,2026-02-23,XQJ10000000026275425,订单明细20260329030516.xlsx
好猫(长乐九美),200.0,175.0,1.0,175.0,2026-02-23,XQJ10000000026275425,订单明细20260329030516.xlsx
好猫(长乐九美),200.0,175.0,1.0,175.0,2026-02-23,XQJ10000000026275425,订单明细20260329030516.xlsx
好猫(长乐九美),200.0,175.0,1.0,175.0,2026-02-23,XQJ10000000026275425,订单明细20260329030516.xlsx
好猫(长乐九美),200.0,175.0,1.0,175.0,2026-02-23,XQJ10000000026275425,订单明细20260329030516.xlsx
好猫(长乐九美),200.0,175.0,1.0,175.0,2026-02-23,XQJ10000000026275425,订单明细20260329030516.xlsx
娇子(X),110.0,97.0,1.0,97.0,2026-02-23,XQJ10000000026275425,订单明细20260329030516.xlsx
娇子(X),110.0,97.0,1.0,97.0,2026-02-23,XQJ10000000026275425,订单明细20260329030516.xlsx
娇子(X),110.0,97.0,1.0,97.0,2026-02-23,XQJ10000000026275425,订单明细20260329030516.xlsx
娇子(X),110.0,97.0,1.0,97.0,2026-02-23,XQJ10000000026275425,订单明细20260329030516.xlsx
娇子(X),110.0,97.0,1.0,97.0,2026-02-23,XQJ10000000026275425,订单明细20260329030516.xlsx
娇子(格调细支),150.0,129.3,1.0,129.3,2026-02-23,XQJ10000000026275425,订单明细20260329030516.xlsx
娇子(格调细支),150.0,129.3,1.0,129.3,2026-02-23,XQJ10000000026275425,订单明细20260329030516.xlsx
娇子(格调细支),150.0,129.3,1.0,129.3,2026-02-23,XQJ10000000026275425,订单明细20260329030516.xlsx
娇子(格调细支),150.0,129.3,1.0,129.3,2026-02-23,XQJ10000000026275425,订单明细20260329030516.xlsx
娇子(格调细支),150.0,129.3,1.0,129.3,2026-02-23,XQJ10000000026275425,订单明细20260329030516.xlsx
泰山(心悦）,160.0,139.92,1.0,139.92,2026-02-23,XQJ10000000026275425,订单明细20260329030516.xlsx
泰山(心悦）,160.0,139.92,1.0,139.92,2026-02-23,XQJ10000000026275425,订单明细20260329030516.xlsx
泰山(心悦）,160.0,139.92,1.0,139.92,2026-02-23,XQJ10000000026275425,订单明细20260329030516.xlsx
泰山(心悦）,160.0,139.92,1.0,139.92,2026-02-23,XQJ10000000026275425,订单明细20260329030516.xlsx
泰山(心悦）,160.0,139.92,1.0,139.92,2026-02-23,XQJ10000000026275425,订单明细20260329030516.xlsx
玉溪(硬和谐),400.0,339.2,1.0,339.2,2026-02-23,XQJ10000000026275425,订单明细20260329030516.xlsx
玉溪(硬和谐),400.0,339.2,1.0,339.2,2026-02-23,XQJ10000000026275425,订单明细20260329030516.xlsx
玉溪(硬和谐),400.0,339.2,1.0,339.2,2026-02-23,XQJ10000000026275425,订单明细20260329030516.xlsx
玉溪(硬和谐),400.0,339.2,1.0,339.2,2026-02-23,XQJ10000000026275425,订单明细20260329030516.xlsx
玉溪(硬和谐),400.0,339.2,1.0,339.2,2026-02-23,XQJ10000000026275425,订单明细20260329030516.xlsx
玉溪(细支缤果爆),260.0,225.0,1.0,225.0,2026-02-23,XQJ10000000026275425,订单明细20260329030516.xlsx
玉溪(细支缤果爆),260.0,225.0,1.0,225.0,2026-02-23,XQJ10000000026275425,订单明细20260329030516.xlsx
玉溪(细支缤果爆),260.0,225.0,1.0,225.0,2026-02-23,XQJ10000000026275425,订单明细20260329030516.xlsx
玉溪(细支缤果爆),260.0,225.0,1.0,225.0,2026-02-23,XQJ10000000026275425,订单明细20260329030516.xlsx
玉溪(细支缤果爆),260.0,225.0,1.0,225.0,2026-02-23,XQJ10000000026275425,订单明细20260329030516.xlsx
玉溪(软初心),200.0,175.0,1.0,175.0,2026-02-23,XQJ10000000026275425,订单明细20260329030516.xlsx
玉溪(软初心),200.0,175.0,1.0,175.0,2026-02-23,XQJ10000000026275425,订单明细20260329030516.xlsx
玉溪(软初心),200.0,175.0,1.0,175.0,2026-02-23,XQJ10000000026275425,订单明细20260329030516.xlsx
玉溪(软初心),200.0,175.0,1.0,175.0,2026-02-23,XQJ10000000026275425,订单明细20260329030516.xlsx
玉溪(软初心),200.0,175.0,1.0,175.0,2026-02-23,XQJ10000000026275425,订单明细20260329030516.xlsx
玉溪(软尚善),280.0,243.8,23.0,5607.4,2026-02-23,XQJ10000000026275425,订单明细20260329030516.xlsx
玉溪(软尚善),280.0,243.8,23.0,5607.4,2026-02-23,XQJ10000000026275425,订单明细20260329030516.xlsx
玉溪(软尚善),280.0,243.8,23.0,5607.4,2026-02-23,XQJ10000000026275425,订单明细20260329030516.xlsx
玉溪(软尚善),280.0,243.8,23.0,5607.4,2026-02-23,XQJ10000000026275425,订单明细20260329030516.xlsx
玉溪(软尚善),280.0,243.8,23.0,5607.4,2026-02-23,XQJ10000000026275425,订单明细20260329030516.xlsx
玉溪(软阿诗玛),200.0,175.0,1.0,175.0,2026-02-23,XQJ10000000026275425,订单明细20260329030516.xlsx
玉溪(软阿诗玛),200.0,175.0,1.0,175.0,2026-02-23,XQJ10000000026275425,订单明细20260329030516.xlsx
玉溪(软阿诗玛),200.0,175.0,1.0,175.0,2026-02-23,XQJ10000000026275425,订单明细20260329030516.xlsx
玉溪(软阿诗玛),200.0,175.0,1.0,175.0,2026-02-23,XQJ10000000026275425,订单明细20260329030516.xlsx
玉溪(软阿诗玛),200.0,175.0,1.0,175.0,2026-02-23,XQJ10000000026275425,订单明细20260329030516.xlsx
白沙(硬天天向上细支),160.0,129.3,1.0,129.3,2026-02-23,XQJ10000000026275425,订单明细20260329030516.xlsx
白沙(硬天天向上细支),160.0,129.3,1.0,129.3,2026-02-23,XQJ10000000026275425,订单明细20260329030516.xlsx
白沙(硬天天向上细支),160.0,129.3,1.0,129.3,2026-02-23,XQJ10000000026275425,订单明细20260329030516.xlsx
白沙(硬天天向上细支),160.0,129.3,1.0,129.3,2026-02-23,XQJ10000000026275425,订单明细20260329030516.xlsx
白沙(硬天天向上细支),160.0,129.3,1.0,129.3,2026-02-23,XQJ10000000026275425,订单明细20260329030516.xlsx
红塔山(硬恭贺新禧),150.0,121.9,3.0,365.7,2026-02-23,XQJ10000000026275425,订单明细20260329030516.xlsx
红塔山(硬恭贺新禧),150.0,121.9,3.0,365.7,2026-02-23,XQJ10000000026275425,订单明细20260329030516.xlsx
红塔山(硬恭贺新禧),150.0,121.9,3.0,365.7,2026-02-23,XQJ10000000026275425,订单明细20260329030516.xlsx
红塔山(硬恭贺新禧),150.0,121.9,3.0,365.7,2026-02-23,XQJ10000000026275425,订单明细20260329030516.xlsx
红塔山(硬恭贺新禧),150.0,121.9,3.0,365.7,2026-02-23,XQJ10000000026275425,订单明细20260329030516.xlsx
红塔山(硬经典),90.0,75.0,3.0,225.0,2026-02-23,XQJ10000000026275425,订单明细20260329030516.xlsx
红塔山(硬经典),90.0,75.0,3.0,225.0,2026-02-23,XQJ10000000026275425,订单明细20260329030516.xlsx
红塔山(硬经典),90.0,75.0,3.0,225.0,2026-02-23,XQJ10000000026275425,订单明细20260329030516.xlsx
红塔山(硬经典),90.0,75.0,3.0,225.0,2026-02-23,XQJ10000000026275425,订单明细20260329030516.xlsx
红塔山(硬经典),90.0,75.0,3.0,225.0,2026-02-23,XQJ10000000026275425,订单明细20260329030516.xlsx
红塔山(硬经典100),110.0,97.0,2.0,194.0,2026-02-23,XQJ10000000026275425,订单明细20260329030516.xlsx
红塔山(硬经典100),110.0,97.0,2.0,194.0,2026-02-23,XQJ10000000026275425,订单明细20260329030516.xlsx
红塔山(硬经典100),110.0,97.0,2.0,194.0,2026-02-23,XQJ10000000026275425,订单明细20260329030516.xlsx
红塔山(硬经典100),110.0,97.0,2.0,194.0,2026-02-23,XQJ10000000026275425,订单明细20260329030516.xlsx
红塔山(硬经典100),110.0,97.0,2.0,194.0,2026-02-23,XQJ10000000026275425,订单明细20260329030516.xlsx
红河(硬88),120.0,97.0,9.0,873.0,2026-02-23,XQJ10000000026275425,订单明细20260329030516.xlsx
红河(硬88),120.0,97.0,9.0,873.0,2026-02-23,XQJ10000000026275425,订单明细20260329030516.xlsx
红河(硬88),120.0,97.0,9.0,873.0,2026-02-23,XQJ10000000026275425,订单明细20260329030516.xlsx
红河(硬88),120.0,97.0,9.0,873.0,2026-02-23,XQJ10000000026275425,订单明细20260329030516.xlsx
红河(硬88),120.0,97.0,9.0,873.0,2026-02-23,XQJ10000000026275425,订单明细20260329030516.xlsx
红河(硬99),140.0,121.9,3.0,365.7,2026-02-23,XQJ10000000026275425,订单明细20260329030516.xlsx
红河(硬99),140.0,121.9,3.0,365.7,2026-02-23,XQJ10000000026275425,订单明细20260329030516.xlsx
红河(硬99),140.0,121.9,3.0,365.7,2026-02-23,XQJ10000000026275425,订单明细20260329030516.xlsx
红河(硬99),140.0,121.9,3.0,365.7,2026-02-23,XQJ10000000026275425,订单明细20260329030516.xlsx
红河(硬99),140.0,121.9,3.0,365.7,2026-02-23,XQJ10000000026275425,订单明细20260329030516.xlsx
芙蓉王(硬),250.0,218.36,3.0,655.08,2026-02-23,XQJ10000000026275425,订单明细20260329030516.xlsx
芙蓉王(硬),250.0,218.36,3.0,655.08,2026-02-23,XQJ10000000026275425,订单明细20260329030516.xlsx
芙蓉王(硬),250.0,218.36,3.0,655.08,2026-02-23,XQJ10000000026275425,订单明细20260329030516.xlsx
芙蓉王(硬),250.0,218.36,3.0,655.08,2026-02-23,XQJ10000000026275425,订单明细20260329030516.xlsx
芙蓉王(硬),250.0,218.36,3.0,655.08,2026-02-23,XQJ10000000026275425,订单明细20260329030516.xlsx
芙蓉王(锦绣),500.0,381.6,1.0,381.6,2026-02-23,XQJ10000000026275425,订单明细20260329030516.xlsx
芙蓉王(锦绣),500.0,381.6,1.0,381.6,2026-02-23,XQJ10000000026275425,订单明细20260329030516.xlsx
芙蓉王(锦绣),500.0,381.6,1.0,381.6,2026-02-23,XQJ10000000026275425,订单明细20260329030516.xlsx
芙蓉王(锦绣),500.0,381.6,1.0,381.6,2026-02-23,XQJ10000000026275425,订单明细20260329030516.xlsx
芙蓉王(锦绣),500.0,381.6,1.0,381.6,2026-02-23,XQJ10000000026275425,订单明细20260329030516.xlsx
黄山(新制皖烟),140.0,121.9,1.0,121.9,2026-02-23,XQJ10000000026275425,订单明细20260329030516.xlsx
黄山(新制皖烟),140.0,121.9,1.0,121.9,2026-02-23,XQJ10000000026275425,订单明细20260329030516.xlsx
黄山(新制皖烟),140.0,121.9,1.0,121.9,2026-02-23,XQJ10000000026275425,订单明细20260329030516.xlsx
黄山(新制皖烟),140.0,121.9,1.0,121.9,2026-02-23,XQJ10000000026275425,订单明细20260329030516.xlsx
黄山(新制皖烟),140.0,121.9,1.0,121.9,2026-02-23,XQJ10000000026275425,订单明细20260329030516.xlsx
黄金叶(商鼎),200.0,175.0,1.0,175.0,2026-02-23,XQJ10000000026275425,订单明细20260329030516.xlsx
黄金叶(商鼎),200.0,175.0,1.0,175.0,2026-02-23,XQJ10000000026275425,订单明细20260329030516.xlsx
黄金叶(商鼎),200.0,175.0,1.0,175.0,2026-02-23,XQJ10000000026275425,订单明细20260329030516.xlsx
黄金叶(商鼎),200.0,175.0,1.0,175.0,2026-02-23,XQJ10000000026275425,订单明细20260329030516.xlsx
黄金叶(商鼎),200.0,175.0,1.0,175.0,2026-02-23,XQJ10000000026275425,订单明细20260329030516.xlsx
三沙(细支),260.0,225.0,1.0,225.0,2026-03-02,XQJ10000000026298912,订单明细20260329030446.xlsx
三沙(细支),260.0,225.0,1.0,225.0,2026-03-02,XQJ10000000026298912,订单明细20260329030446.xlsx
三沙(细支),260.0,225.0,1.0,225.0,2026-03-02,XQJ10000000026298912,订单明细20260329030446.xlsx
三沙(细支),260.0,225.0,1.0,225.0,2026-03-02,XQJ10000000026298912,订单明细20260329030446.xlsx
三沙(细支),260.0,225.0,1.0,225.0,2026-03-02,XQJ10000000026298912,订单明细20260329030446.xlsx
三沙(细支),260.0,225.0,1.0,225.0,2026-03-02,XQJ10000000026298912,订单明细20260329030446.xlsx
云烟(中支云龙),200.0,175.0,1.0,175.0,2026-03-02,XQJ10000000026298912,订单明细20260329030446.xlsx
云烟(中支云龙),200.0,175.0,1.0,175.0,2026-03-02,XQJ10000000026298912,订单明细20260329030446.xlsx
云烟(中支云龙),200.0,175.0,1.0,175.0,2026-03-02,XQJ10000000026298912,订单明细20260329030446.xlsx
云烟(中支云龙),200.0,175.0,1.0,175.0,2026-03-02,XQJ10000000026298912,订单明细20260329030446.xlsx
云烟(中支云龙),200.0,175.0,1.0,175.0,2026-03-02,XQJ10000000026298912,订单明细20260329030446.xlsx
云烟(中支云龙),200.0,175.0,1.0,175.0,2026-03-02,XQJ10000000026298912,订单明细20260329030446.xlsx
云烟(中支大重九),1000.0,848.0,1.0,848.0,2026-03-02,XQJ10000000026298912,订单明细20260329030446.xlsx
云烟(中支大重九),1000.0,848.0,1.0,848.0,2026-03-02,XQJ10000000026298912,订单明细20260329030446.xlsx
云烟(中支大重九),1000.0,848.0,1.0,848.0,2026-03-02,XQJ10000000026298912,订单明细20260329030446.xlsx
云烟(中支大重九),1000.0,848.0,1.0,848.0,2026-03-02,XQJ10000000026298912,订单明细20260329030446.xlsx
云烟(中支大重九),1000.0,848.0,1.0,848.0,2026-03-02,XQJ10000000026298912,订单明细20260329030446.xlsx
云烟(中支大重九),1000.0,848.0,1.0,848.0,2026-03-02,XQJ10000000026298912,订单明细20260329030446.xlsx
云烟(中支小重九),500.0,424.0,2.0,848.0,2026-03-02,XQJ10000000026298912,订单明细20260329030446.xlsx
云烟(中支小重九),500.0,424.0,2.0,848.0,2026-03-02,XQJ10000000026298912,订单明细20260329030446.xlsx
云烟(中支小重九),500.0,424.0,2.0,848.0,2026-03-02,XQJ10000000026298912,订单明细20260329030446.xlsx
云烟(中支小重九),500.0,424.0,2.0,848.0,2026-03-02,XQJ10000000026298912,订单明细20260329030446.xlsx
云烟(中支小重九),500.0,424.0,2.0,848.0,2026-03-02,XQJ10000000026298912,订单明细20260329030446.xlsx
云烟(中支小重九),500.0,424.0,2.0,848.0,2026-03-02,XQJ10000000026298912,订单明细20260329030446.xlsx
云烟(中支金腰带),300.0,263.0,1.0,263.0,2026-03-02,XQJ10000000026298912,订单明细20260329030446.xlsx
云烟(中支金腰带),300.0,263.0,1.0,263.0,2026-03-02,XQJ10000000026298912,订单明细20260329030446.xlsx
云烟(中支金腰带),300.0,263.0,1.0,263.0,2026-03-02,XQJ10000000026298912,订单明细20260329030446.xlsx
云烟(中支金腰带),300.0,263.0,1.0,263.0,2026-03-02,XQJ10000000026298912,订单明细20260329030446.xlsx
云烟(中支金腰带),300.0,263.0,1.0,263.0,2026-03-02,XQJ10000000026298912,订单明细20260329030446.xlsx
云烟(中支金腰带),300.0,263.0,1.0,263.0,2026-03-02,XQJ10000000026298912,订单明细20260329030446.xlsx
云烟(流金印象细支),450.0,381.6,1.0,381.6,2026-03-02,XQJ10000000026298912,订单明细20260329030446.xlsx
云烟(流金印象细支),450.0,381.6,1.0,381.6,2026-03-02,XQJ10000000026298912,订单明细20260329030446.xlsx
云烟(流金印象细支),450.0,381.6,1.0,381.6,2026-03-02,XQJ10000000026298912,订单明细20260329030446.xlsx
云烟(流金印象细支),450.0,381.6,1.0,381.6,2026-03-02,XQJ10000000026298912,订单明细20260329030446.xlsx
云烟(流金印象细支),450.0,381.6,1.0,381.6,2026-03-02,XQJ10000000026298912,订单明细20260329030446.xlsx
云烟(流金印象细支),450.0,381.6,1.0,381.6,2026-03-02,XQJ10000000026298912,订单明细20260329030446.xlsx
云烟(硬云龙),150.0,129.3,6.0,775.8,2026-03-02,XQJ10000000026298912,订单明细20260329030446.xlsx
云烟(硬云龙),150.0,129.3,6.0,775.8,2026-03-02,XQJ10000000026298912,订单明细20260329030446.xlsx
云烟(硬云龙),150.0,129.3,6.0,775.8,2026-03-02,XQJ10000000026298912,订单明细20260329030446.xlsx
云烟(硬云龙),150.0,129.3,6.0,775.8,2026-03-02,XQJ10000000026298912,订单明细20260329030446.xlsx
云烟(硬云龙),150.0,129.3,6.0,775.8,2026-03-02,XQJ10000000026298912,订单明细20260329030446.xlsx
云烟(硬云龙),150.0,129.3,6.0,775.8,2026-03-02,XQJ10000000026298912,订单明细20260329030446.xlsx
云烟(紫),130.0,114.5,12.0,1374.0,2026-03-02,XQJ10000000026298912,订单明细20260329030446.xlsx
云烟(紫),130.0,114.5,12.0,1374.0,2026-03-02,XQJ10000000026298912,订单明细20260329030446.xlsx
云烟(紫),130.0,114.5,12.0,1374.0,2026-03-02,XQJ10000000026298912,订单明细20260329030446.xlsx
云烟(紫),130.0,114.5,12.0,1374.0,2026-03-02,XQJ10000000026298912,订单明细20260329030446.xlsx
云烟(紫),130.0,114.5,12.0,1374.0,2026-03-02,XQJ10000000026298912,订单明细20260329030446.xlsx
云烟(紫),130.0,114.5,12.0,1374.0,2026-03-02,XQJ10000000026298912,订单明细20260329030446.xlsx
云烟(细支云龙),150.0,129.3,6.0,775.8,2026-03-02,XQJ10000000026298912,订单明细20260329030446.xlsx
云烟(细支云龙),150.0,129.3,6.0,775.8,2026-03-02,XQJ10000000026298912,订单明细20260329030446.xlsx
云烟(细支云龙),150.0,129.3,6.0,775.8,2026-03-02,XQJ10000000026298912,订单明细20260329030446.xlsx
云烟(细支云龙),150.0,129.3,6.0,775.8,2026-03-02,XQJ10000000026298912,订单明细20260329030446.xlsx
云烟(细支云龙),150.0,129.3,6.0,775.8,2026-03-02,XQJ10000000026298912,订单明细20260329030446.xlsx
云烟(细支云龙),150.0,129.3,6.0,775.8,2026-03-02,XQJ10000000026298912,订单明细20260329030446.xlsx
云烟(细支大重九),1000.0,848.0,4.0,3392.0,2026-03-02,XQJ10000000026298912,订单明细20260329030446.xlsx
云烟(细支大重九),1000.0,848.0,4.0,3392.0,2026-03-02,XQJ10000000026298912,订单明细20260329030446.xlsx
云烟(细支大重九),1000.0,848.0,4.0,3392.0,2026-03-02,XQJ10000000026298912,订单明细20260329030446.xlsx
云烟(细支大重九),1000.0,848.0,4.0,3392.0,2026-03-02,XQJ10000000026298912,订单明细20260329030446.xlsx
云烟(细支大重九),1000.0,848.0,4.0,3392.0,2026-03-02,XQJ10000000026298912,订单明细20260329030446.xlsx
云烟(细支大重九),1000.0,848.0,4.0,3392.0,2026-03-02,XQJ10000000026298912,订单明细20260329030446.xlsx
云烟(细支珍品),260.0,225.0,5.0,1125.0,2026-03-02,XQJ10000000026298912,订单明细20260329030446.xlsx
云烟(细支珍品),260.0,225.0,5.0,1125.0,2026-03-02,XQJ10000000026298912,订单明细20260329030446.xlsx
云烟(细支珍品),260.0,225.0,5.0,1125.0,2026-03-02,XQJ10000000026298912,订单明细20260329030446.xlsx
云烟(细支珍品),260.0,225.0,5.0,1125.0,2026-03-02,XQJ10000000026298912,订单明细20260329030446.xlsx
云烟(细支珍品),260.0,225.0,5.0,1125.0,2026-03-02,XQJ10000000026298912,订单明细20260329030446.xlsx
云烟(细支珍品),260.0,225.0,5.0,1125.0,2026-03-02,XQJ10000000026298912,订单明细20260329030446.xlsx
云烟(软大重九),1000.0,720.8,5.0,3604.0,2026-03-02,XQJ10000000026298912,订单明细20260329030446.xlsx
云烟(软大重九),1000.0,720.8,5.0,3604.0,2026-03-02,XQJ10000000026298912,订单明细20260329030446.xlsx
云烟(软大重九),1000.0,720.8,5.0,3604.0,2026-03-02,XQJ10000000026298912,订单明细20260329030446.xlsx
云烟(软大重九),1000.0,720.8,5.0,3604.0,2026-03-02,XQJ10000000026298912,订单明细20260329030446.xlsx
云烟(软大重九),1000.0,720.8,5.0,3604.0,2026-03-02,XQJ10000000026298912,订单明细20260329030446.xlsx
云烟(软大重九),1000.0,720.8,5.0,3604.0,2026-03-02,XQJ10000000026298912,订单明细20260329030446.xlsx
云烟(软珍品),230.0,206.7,0.0,0.0,2026-03-02,XQJ10000000026298912,订单明细20260329030446.xlsx
云烟(软珍品),230.0,206.7,0.0,0.0,2026-03-02,XQJ10000000026298912,订单明细20260329030446.xlsx
云烟(软珍品),230.0,206.7,0.0,0.0,2026-03-02,XQJ10000000026298912,订单明细20260329030446.xlsx
云烟(软珍品),230.0,206.7,0.0,0.0,2026-03-02,XQJ10000000026298912,订单明细20260329030446.xlsx
云烟(软珍品),230.0,206.7,0.0,0.0,2026-03-02,XQJ10000000026298912,订单明细20260329030446.xlsx
云烟(软珍品),230.0,206.7,0.0,0.0,2026-03-02,XQJ10000000026298912,订单明细20260329030446.xlsx
利群(新版),160.0,143.1,1.0,143.1,2026-03-02,XQJ10000000026298912,订单明细20260329030446.xlsx
利群(新版),160.0,143.1,1.0,143.1,2026-03-02,XQJ10000000026298912,订单明细20260329030446.xlsx
利群(新版),160.0,143.1,1.0,143.1,2026-03-02,XQJ10000000026298912,订单明细20260329030446.xlsx
利群(新版),160.0,143.1,1.0,143.1,2026-03-02,XQJ10000000026298912,订单明细20260329030446.xlsx
利群(新版),160.0,143.1,1.0,143.1,2026-03-02,XQJ10000000026298912,订单明细20260329030446.xlsx
利群(新版),160.0,143.1,1.0,143.1,2026-03-02,XQJ10000000026298912,订单明细20260329030446.xlsx
南京(炫赫门),180.0,155.0,1.0,155.0,2026-03-02,XQJ10000000026298912,订单明细20260329030446.xlsx
南京(炫赫门),180.0,155.0,1.0,155.0,2026-03-02,XQJ10000000026298912,订单明细20260329030446.xlsx
南京(炫赫门),180.0,155.0,1.0,155.0,2026-03-02,XQJ10000000026298912,订单明细20260329030446.xlsx
南京(炫赫门),180.0,155.0,1.0,155.0,2026-03-02,XQJ10000000026298912,订单明细20260329030446.xlsx
南京(炫赫门),180.0,155.0,1.0,155.0,2026-03-02,XQJ10000000026298912,订单明细20260329030446.xlsx
南京(炫赫门),180.0,155.0,1.0,155.0,2026-03-02,XQJ10000000026298912,订单明细20260329030446.xlsx
双喜(春天˙咖路里),260.0,225.0,1.0,225.0,2026-03-02,XQJ10000000026298912,订单明细20260329030446.xlsx
双喜(春天˙咖路里),260.0,225.0,1.0,225.0,2026-03-02,XQJ10000000026298912,订单明细20260329030446.xlsx
双喜(春天˙咖路里),260.0,225.0,1.0,225.0,2026-03-02,XQJ10000000026298912,订单明细20260329030446.xlsx
双喜(春天˙咖路里),260.0,225.0,1.0,225.0,2026-03-02,XQJ10000000026298912,订单明细20260329030446.xlsx
双喜(春天˙咖路里),260.0,225.0,1.0,225.0,2026-03-02,XQJ10000000026298912,订单明细20260329030446.xlsx
双喜(春天˙咖路里),260.0,225.0,1.0,225.0,2026-03-02,XQJ10000000026298912,订单明细20260329030446.xlsx
娇子(X),110.0,97.0,3.0,291.0,2026-03-02,XQJ10000000026298912,订单明细20260329030446.xlsx
娇子(X),110.0,97.0,3.0,291.0,2026-03-02,XQJ10000000026298912,订单明细20260329030446.xlsx
娇子(X),110.0,97.0,3.0,291.0,2026-03-02,XQJ10000000026298912,订单明细20260329030446.xlsx
娇子(X),110.0,97.0,3.0,291.0,2026-03-02,XQJ10000000026298912,订单明细20260329030446.xlsx
娇子(X),110.0,97.0,3.0,291.0,2026-03-02,XQJ10000000026298912,订单明细20260329030446.xlsx
娇子(X),110.0,97.0,3.0,291.0,2026-03-02,XQJ10000000026298912,订单明细20260329030446.xlsx
娇子(宽窄锦上细支),300.0,263.0,1.0,263.0,2026-03-02,XQJ10000000026298912,订单明细20260329030446.xlsx
娇子(宽窄锦上细支),300.0,263.0,1.0,263.0,2026-03-02,XQJ10000000026298912,订单明细20260329030446.xlsx
娇子(宽窄锦上细支),300.0,263.0,1.0,263.0,2026-03-02,XQJ10000000026298912,订单明细20260329030446.xlsx
娇子(宽窄锦上细支),300.0,263.0,1.0,263.0,2026-03-02,XQJ10000000026298912,订单明细20260329030446.xlsx
娇子(宽窄锦上细支),300.0,263.0,1.0,263.0,2026-03-02,XQJ10000000026298912,订单明细20260329030446.xlsx
娇子(宽窄锦上细支),300.0,263.0,1.0,263.0,2026-03-02,XQJ10000000026298912,订单明细20260329030446.xlsx
泰山(心悦）,160.0,139.92,0.0,0.0,2026-03-02,XQJ10000000026298912,订单明细20260329030446.xlsx
泰山(心悦）,160.0,139.92,0.0,0.0,2026-03-02,XQJ10000000026298912,订单明细20260329030446.xlsx
泰山(心悦）,160.0,139.92,0.0,0.0,2026-03-02,XQJ10000000026298912,订单明细20260329030446.xlsx
泰山(心悦）,160.0,139.92,0.0,0.0,2026-03-02,XQJ10000000026298912,订单明细20260329030446.xlsx
泰山(心悦）,160.0,139.92,0.0,0.0,2026-03-02,XQJ10000000026298912,订单明细20260329030446.xlsx
泰山(心悦）,160.0,139.92,0.0,0.0,2026-03-02,XQJ10000000026298912,订单明细20260329030446.xlsx
泰山(颜悦),200.0,167.48,1.0,167.48,2026-03-02,XQJ10000000026298912,订单明细20260329030446.xlsx
泰山(颜悦),200.0,167.48,1.0,167.48,2026-03-02,XQJ10000000026298912,订单明细20260329030446.xlsx
泰山(颜悦),200.0,167.48,1.0,167.48,2026-03-02,XQJ10000000026298912,订单明细20260329030446.xlsx
泰山(颜悦),200.0,167.48,1.0,167.48,2026-03-02,XQJ10000000026298912,订单明细20260329030446.xlsx
泰山(颜悦),200.0,167.48,1.0,167.48,2026-03-02,XQJ10000000026298912,订单明细20260329030446.xlsx
泰山(颜悦),200.0,167.48,1.0,167.48,2026-03-02,XQJ10000000026298912,订单明细20260329030446.xlsx
牡丹(蓝中支),300.0,263.0,1.0,263.0,2026-03-02,XQJ10000000026298912,订单明细20260329030446.xlsx
牡丹(蓝中支),300.0,263.0,1.0,263.0,2026-03-02,XQJ10000000026298912,订单明细20260329030446.xlsx
牡丹(蓝中支),300.0,263.0,1.0,263.0,2026-03-02,XQJ10000000026298912,订单明细20260329030446.xlsx
牡丹(蓝中支),300.0,263.0,1.0,263.0,2026-03-02,XQJ10000000026298912,订单明细20260329030446.xlsx
牡丹(蓝中支),300.0,263.0,1.0,263.0,2026-03-02,XQJ10000000026298912,订单明细20260329030446.xlsx
牡丹(蓝中支),300.0,263.0,1.0,263.0,2026-03-02,XQJ10000000026298912,订单明细20260329030446.xlsx
玉溪(合顺),300.0,263.0,0.0,0.0,2026-03-02,XQJ10000000026298912,订单明细20260329030446.xlsx
玉溪(合顺),300.0,263.0,0.0,0.0,2026-03-02,XQJ10000000026298912,订单明细20260329030446.xlsx
玉溪(合顺),300.0,263.0,0.0,0.0,2026-03-02,XQJ10000000026298912,订单明细20260329030446.xlsx
玉溪(合顺),300.0,263.0,0.0,0.0,2026-03-02,XQJ10000000026298912,订单明细20260329030446.xlsx
玉溪(合顺),300.0,263.0,0.0,0.0,2026-03-02,XQJ10000000026298912,订单明细20260329030446.xlsx
玉溪(合顺),300.0,263.0,0.0,0.0,2026-03-02,XQJ10000000026298912,订单明细20260329030446.xlsx
玉溪(硬和谐),400.0,339.2,5.0,1696.0,2026-03-02,XQJ10000000026298912,订单明细20260329030446.xlsx
玉溪(硬和谐),400.0,339.2,5.0,1696.0,2026-03-02,XQJ10000000026298912,订单明细20260329030446.xlsx
玉溪(硬和谐),400.0,339.2,5.0,1696.0,2026-03-02,XQJ10000000026298912,订单明细20260329030446.xlsx
玉溪(硬和谐),400.0,339.2,5.0,1696.0,2026-03-02,XQJ10000000026298912,订单明细20260329030446.xlsx
玉溪(硬和谐),400.0,339.2,5.0,1696.0,2026-03-02,XQJ10000000026298912,订单明细20260329030446.xlsx
玉溪(硬和谐),400.0,339.2,5.0,1696.0,2026-03-02,XQJ10000000026298912,订单明细20260329030446.xlsx
玉溪(细支),300.0,263.0,2.0,526.0,2026-03-02,XQJ10000000026298912,订单明细20260329030446.xlsx
玉溪(细支),300.0,263.0,2.0,526.0,2026-03-02,XQJ10000000026298912,订单明细20260329030446.xlsx
玉溪(细支),300.0,263.0,2.0,526.0,2026-03-02,XQJ10000000026298912,订单明细20260329030446.xlsx
玉溪(细支),300.0,263.0,2.0,526.0,2026-03-02,XQJ10000000026298912,订单明细20260329030446.xlsx
玉溪(细支),300.0,263.0,2.0,526.0,2026-03-02,XQJ10000000026298912,订单明细20260329030446.xlsx
玉溪(细支),300.0,263.0,2.0,526.0,2026-03-02,XQJ10000000026298912,订单明细20260329030446.xlsx
玉溪(软初心),200.0,175.0,1.0,175.0,2026-03-02,XQJ10000000026298912,订单明细20260329030446.xlsx
玉溪(软初心),200.0,175.0,1.0,175.0,2026-03-02,XQJ10000000026298912,订单明细20260329030446.xlsx
玉溪(软初心),200.0,175.0,1.0,175.0,2026-03-02,XQJ10000000026298912,订单明细20260329030446.xlsx
玉溪(软初心),200.0,175.0,1.0,175.0,2026-03-02,XQJ10000000026298912,订单明细20260329030446.xlsx
玉溪(软初心),200.0,175.0,1.0,175.0,2026-03-02,XQJ10000000026298912,订单明细20260329030446.xlsx
玉溪(软初心),200.0,175.0,1.0,175.0,2026-03-02,XQJ10000000026298912,订单明细20260329030446.xlsx
玉溪(软尚善),280.0,243.8,15.0,3657.0,2026-03-02,XQJ10000000026298912,订单明细20260329030446.xlsx
玉溪(软尚善),280.0,243.8,15.0,3657.0,2026-03-02,XQJ10000000026298912,订单明细20260329030446.xlsx
玉溪(软尚善),280.0,243.8,15.0,3657.0,2026-03-02,XQJ10000000026298912,订单明细20260329030446.xlsx
玉溪(软尚善),280.0,243.8,15.0,3657.0,2026-03-02,XQJ10000000026298912,订单明细20260329030446.xlsx
玉溪(软尚善),280.0,243.8,15.0,3657.0,2026-03-02,XQJ10000000026298912,订单明细20260329030446.xlsx
玉溪(软尚善),280.0,243.8,15.0,3657.0,2026-03-02,XQJ10000000026298912,订单明细20260329030446.xlsx
玉溪(软阿诗玛),200.0,175.0,1.0,175.0,2026-03-02,XQJ10000000026298912,订单明细20260329030446.xlsx
玉溪(软阿诗玛),200.0,175.0,1.0,175.0,2026-03-02,XQJ10000000026298912,订单明细20260329030446.xlsx
玉溪(软阿诗玛),200.0,175.0,1.0,175.0,2026-03-02,XQJ10000000026298912,订单明细20260329030446.xlsx
玉溪(软阿诗玛),200.0,175.0,1.0,175.0,2026-03-02,XQJ10000000026298912,订单明细20260329030446.xlsx
玉溪(软阿诗玛),200.0,175.0,1.0,175.0,2026-03-02,XQJ10000000026298912,订单明细20260329030446.xlsx
玉溪(软阿诗玛),200.0,175.0,1.0,175.0,2026-03-02,XQJ10000000026298912,订单明细20260329030446.xlsx
玉溪(鑫中支),260.0,225.0,1.0,225.0,2026-03-02,XQJ10000000026298912,订单明细20260329030446.xlsx
玉溪(鑫中支),260.0,225.0,1.0,225.0,2026-03-02,XQJ10000000026298912,订单明细20260329030446.xlsx
玉溪(鑫中支),260.0,225.0,1.0,225.0,2026-03-02,XQJ10000000026298912,订单明细20260329030446.xlsx
玉溪(鑫中支),260.0,225.0,1.0,225.0,2026-03-02,XQJ10000000026298912,订单明细20260329030446.xlsx
玉溪(鑫中支),260.0,225.0,1.0,225.0,2026-03-02,XQJ10000000026298912,订单明细20260329030446.xlsx
玉溪(鑫中支),260.0,225.0,1.0,225.0,2026-03-02,XQJ10000000026298912,订单明细20260329030446.xlsx
白沙(和天下),1000.0,848.0,1.0,848.0,2026-03-02,XQJ10000000026298912,订单明细20260329030446.xlsx
白沙(和天下),1000.0,848.0,1.0,848.0,2026-03-02,XQJ10000000026298912,订单明细20260329030446.xlsx
白沙(和天下),1000.0,848.0,1.0,848.0,2026-03-02,XQJ10000000026298912,订单明细20260329030446.xlsx
白沙(和天下),1000.0,848.0,1.0,848.0,2026-03-02,XQJ10000000026298912,订单明细20260329030446.xlsx
白沙(和天下),1000.0,848.0,1.0,848.0,2026-03-02,XQJ10000000026298912,订单明细20260329030446.xlsx
白沙(和天下),1000.0,848.0,1.0,848.0,2026-03-02,XQJ10000000026298912,订单明细20260329030446.xlsx
白沙(硬和天下双中支),900.0,763.2,1.0,763.2,2026-03-02,XQJ10000000026298912,订单明细20260329030446.xlsx
白沙(硬和天下双中支),900.0,763.2,1.0,763.2,2026-03-02,XQJ10000000026298912,订单明细20260329030446.xlsx
白沙(硬和天下双中支),900.0,763.2,1.0,763.2,2026-03-02,XQJ10000000026298912,订单明细20260329030446.xlsx
白沙(硬和天下双中支),900.0,763.2,1.0,763.2,2026-03-02,XQJ10000000026298912,订单明细20260329030446.xlsx
白沙(硬和天下双中支),900.0,763.2,1.0,763.2,2026-03-02,XQJ10000000026298912,订单明细20260329030446.xlsx
白沙(硬和天下双中支),900.0,763.2,1.0,763.2,2026-03-02,XQJ10000000026298912,订单明细20260329030446.xlsx
白沙(硬细支和天下),1000.0,720.8,2.0,1441.6,2026-03-02,XQJ10000000026298912,订单明细20260329030446.xlsx
白沙(硬细支和天下),1000.0,720.8,2.0,1441.6,2026-03-02,XQJ10000000026298912,订单明细20260329030446.xlsx
白沙(硬细支和天下),1000.0,720.8,2.0,1441.6,2026-03-02,XQJ10000000026298912,订单明细20260329030446.xlsx
白沙(硬细支和天下),1000.0,720.8,2.0,1441.6,2026-03-02,XQJ10000000026298912,订单明细20260329030446.xlsx
白沙(硬细支和天下),1000.0,720.8,2.0,1441.6,2026-03-02,XQJ10000000026298912,订单明细20260329030446.xlsx
白沙(硬细支和天下),1000.0,720.8,2.0,1441.6,2026-03-02,XQJ10000000026298912,订单明细20260329030446.xlsx
真龙(美人香草),200.0,167.48,1.0,167.48,2026-03-02,XQJ10000000026298912,订单明细20260329030446.xlsx
真龙(美人香草),200.0,167.48,1.0,167.48,2026-03-02,XQJ10000000026298912,订单明细20260329030446.xlsx
真龙(美人香草),200.0,167.48,1.0,167.48,2026-03-02,XQJ10000000026298912,订单明细20260329030446.xlsx
真龙(美人香草),200.0,167.48,1.0,167.48,2026-03-02,XQJ10000000026298912,订单明细20260329030446.xlsx
真龙(美人香草),200.0,167.48,1.0,167.48,2026-03-02,XQJ10000000026298912,订单明细20260329030446.xlsx
真龙(美人香草),200.0,167.48,1.0,167.48,2026-03-02,XQJ10000000026298912,订单明细20260329030446.xlsx
红塔山(硬恭贺新禧),150.0,121.9,2.0,243.8,2026-03-02,XQJ10000000026298912,订单明细20260329030446.xlsx
红塔山(硬恭贺新禧),150.0,121.9,2.0,243.8,2026-03-02,XQJ10000000026298912,订单明细20260329030446.xlsx
红塔山(硬恭贺新禧),150.0,121.9,2.0,243.8,2026-03-02,XQJ10000000026298912,订单明细20260329030446.xlsx
红塔山(硬恭贺新禧),150.0,121.9,2.0,243.8,2026-03-02,XQJ10000000026298912,订单明细20260329030446.xlsx
红塔山(硬恭贺新禧),150.0,121.9,2.0,243.8,2026-03-02,XQJ10000000026298912,订单明细20260329030446.xlsx
红塔山(硬恭贺新禧),150.0,121.9,2.0,243.8,2026-03-02,XQJ10000000026298912,订单明细20260329030446.xlsx
红塔山(硬经典),90.0,75.0,2.0,150.0,2026-03-02,XQJ10000000026298912,订单明细20260329030446.xlsx
红塔山(硬经典),90.0,75.0,2.0,150.0,2026-03-02,XQJ10000000026298912,订单明细20260329030446.xlsx
红塔山(硬经典),90.0,75.0,2.0,150.0,2026-03-02,XQJ10000000026298912,订单明细20260329030446.xlsx
红塔山(硬经典),90.0,75.0,2.0,150.0,2026-03-02,XQJ10000000026298912,订单明细20260329030446.xlsx
红塔山(硬经典),90.0,75.0,2.0,150.0,2026-03-02,XQJ10000000026298912,订单明细20260329030446.xlsx
红塔山(硬经典),90.0,75.0,2.0,150.0,2026-03-02,XQJ10000000026298912,订单明细20260329030446.xlsx
红塔山(硬经典100),110.0,97.0,3.0,291.0,2026-03-02,XQJ10000000026298912,订单明细20260329030446.xlsx
红塔山(硬经典100),110.0,97.0,3.0,291.0,2026-03-02,XQJ10000000026298912,订单明细20260329030446.xlsx
红塔山(硬经典100),110.0,97.0,3.0,291.0,2026-03-02,XQJ10000000026298912,订单明细20260329030446.xlsx
红塔山(硬经典100),110.0,97.0,3.0,291.0,2026-03-02,XQJ10000000026298912,订单明细20260329030446.xlsx
红塔山(硬经典100),110.0,97.0,3.0,291.0,2026-03-02,XQJ10000000026298912,订单明细20260329030446.xlsx
红塔山(硬经典100),110.0,97.0,3.0,291.0,2026-03-02,XQJ10000000026298912,订单明细20260329030446.xlsx
红塔山(细支传奇),180.0,155.0,3.0,465.0,2026-03-02,XQJ10000000026298912,订单明细20260329030446.xlsx
红塔山(细支传奇),180.0,155.0,3.0,465.0,2026-03-02,XQJ10000000026298912,订单明细20260329030446.xlsx
红塔山(细支传奇),180.0,155.0,3.0,465.0,2026-03-02,XQJ10000000026298912,订单明细20260329030446.xlsx
红塔山(细支传奇),180.0,155.0,3.0,465.0,2026-03-02,XQJ10000000026298912,订单明细20260329030446.xlsx
红塔山(细支传奇),180.0,155.0,3.0,465.0,2026-03-02,XQJ10000000026298912,订单明细20260329030446.xlsx
红塔山(细支传奇),180.0,155.0,3.0,465.0,2026-03-02,XQJ10000000026298912,订单明细20260329030446.xlsx
红河(硬88),120.0,97.0,4.0,388.0,2026-03-02,XQJ10000000026298912,订单明细20260329030446.xlsx
红河(硬88),120.0,97.0,4.0,388.0,2026-03-02,XQJ10000000026298912,订单明细20260329030446.xlsx
红河(硬88),120.0,97.0,4.0,388.0,2026-03-02,XQJ10000000026298912,订单明细20260329030446.xlsx
红河(硬88),120.0,97.0,4.0,388.0,2026-03-02,XQJ10000000026298912,订单明细20260329030446.xlsx
红河(硬88),120.0,97.0,4.0,388.0,2026-03-02,XQJ10000000026298912,订单明细20260329030446.xlsx
红河(硬88),120.0,97.0,4.0,388.0,2026-03-02,XQJ10000000026298912,订单明细20260329030446.xlsx
红河(硬99),140.0,121.9,2.0,243.8,2026-03-02,XQJ10000000026298912,订单明细20260329030446.xlsx
红河(硬99),140.0,121.9,2.0,243.8,2026-03-02,XQJ10000000026298912,订单明细20260329030446.xlsx
红河(硬99),140.0,121.9,2.0,243.8,2026-03-02,XQJ10000000026298912,订单明细20260329030446.xlsx
红河(硬99),140.0,121.9,2.0,243.8,2026-03-02,XQJ10000000026298912,订单明细20260329030446.xlsx
红河(硬99),140.0,121.9,2.0,243.8,2026-03-02,XQJ10000000026298912,订单明细20260329030446.xlsx
红河(硬99),140.0,121.9,2.0,243.8,2026-03-02,XQJ10000000026298912,订单明细20260329030446.xlsx
红河(软99),130.0,114.48,0.0,0.0,2026-03-02,XQJ10000000026298912,订单明细20260329030446.xlsx
红河(软99),130.0,114.48,0.0,0.0,2026-03-02,XQJ10000000026298912,订单明细20260329030446.xlsx
红河(软99),130.0,114.48,0.0,0.0,2026-03-02,XQJ10000000026298912,订单明细20260329030446.xlsx
红河(软99),130.0,114.48,0.0,0.0,2026-03-02,XQJ10000000026298912,订单明细20260329030446.xlsx
红河(软99),130.0,114.48,0.0,0.0,2026-03-02,XQJ10000000026298912,订单明细20260329030446.xlsx
红河(软99),130.0,114.48,0.0,0.0,2026-03-02,XQJ10000000026298912,订单明细20260329030446.xlsx
芙蓉王(硬),250.0,218.36,12.0,2620.32,2026-03-02,XQJ10000000026298912,订单明细20260329030446.xlsx
芙蓉王(硬),250.0,218.36,12.0,2620.32,2026-03-02,XQJ10000000026298912,订单明细20260329030446.xlsx
芙蓉王(硬),250.0,218.36,12.0,2620.32,2026-03-02,XQJ10000000026298912,订单明细20260329030446.xlsx
芙蓉王(硬),250.0,218.36,12.0,2620.32,2026-03-02,XQJ10000000026298912,订单明细20260329030446.xlsx
芙蓉王(硬),250.0,218.36,12.0,2620.32,2026-03-02,XQJ10000000026298912,订单明细20260329030446.xlsx
芙蓉王(硬),250.0,218.36,12.0,2620.32,2026-03-02,XQJ10000000026298912,订单明细20260329030446.xlsx
贵烟(喜),160.0,143.1,0.0,0.0,2026-03-02,XQJ10000000026298912,订单明细20260329030446.xlsx
贵烟(喜),160.0,143.1,0.0,0.0,2026-03-02,XQJ10000000026298912,订单明细20260329030446.xlsx
贵烟(喜),160.0,143.1,0.0,0.0,2026-03-02,XQJ10000000026298912,订单明细20260329030446.xlsx
贵烟(喜),160.0,143.1,0.0,0.0,2026-03-02,XQJ10000000026298912,订单明细20260329030446.xlsx
贵烟(喜),160.0,143.1,0.0,0.0,2026-03-02,XQJ10000000026298912,订单明细20260329030446.xlsx
贵烟(喜),160.0,143.1,0.0,0.0,2026-03-02,XQJ10000000026298912,订单明细20260329030446.xlsx
贵烟(山水),260.0,225.0,1.0,225.0,2026-03-02,XQJ10000000026298912,订单明细20260329030446.xlsx
贵烟(山水),260.0,225.0,1.0,225.0,2026-03-02,XQJ10000000026298912,订单明细20260329030446.xlsx
贵烟(山水),260.0,225.0,1.0,225.0,2026-03-02,XQJ10000000026298912,订单明细20260329030446.xlsx
贵烟(山水),260.0,225.0,1.0,225.0,2026-03-02,XQJ10000000026298912,订单明细20260329030446.xlsx
贵烟(山水),260.0,225.0,1.0,225.0,2026-03-02,XQJ10000000026298912,订单明细20260329030446.xlsx
贵烟(山水),260.0,225.0,1.0,225.0,2026-03-02,XQJ10000000026298912,订单明细20260329030446.xlsx
贵烟(硬黄精品),140.0,114.5,1.0,114.5,2026-03-02,XQJ10000000026298912,订单明细20260329030446.xlsx
贵烟(硬黄精品),140.0,114.5,1.0,114.5,2026-03-02,XQJ10000000026298912,订单明细20260329030446.xlsx
贵烟(硬黄精品),140.0,114.5,1.0,114.5,2026-03-02,XQJ10000000026298912,订单明细20260329030446.xlsx
贵烟(硬黄精品),140.0,114.5,1.0,114.5,2026-03-02,XQJ10000000026298912,订单明细20260329030446.xlsx
贵烟(硬黄精品),140.0,114.5,1.0,114.5,2026-03-02,XQJ10000000026298912,订单明细20260329030446.xlsx
贵烟(硬黄精品),140.0,114.5,1.0,114.5,2026-03-02,XQJ10000000026298912,订单明细20260329030446.xlsx
贵烟(萃),200.0,158.0,0.0,0.0,2026-03-02,XQJ10000000026298912,订单明细20260329030446.xlsx
贵烟(萃),200.0,158.0,0.0,0.0,2026-03-02,XQJ10000000026298912,订单明细20260329030446.xlsx
贵烟(萃),200.0,158.0,0.0,0.0,2026-03-02,XQJ10000000026298912,订单明细20260329030446.xlsx
贵烟(萃),200.0,158.0,0.0,0.0,2026-03-02,XQJ10000000026298912,订单明细20260329030446.xlsx
贵烟(萃),200.0,158.0,0.0,0.0,2026-03-02,XQJ10000000026298912,订单明细20260329030446.xlsx
贵烟(萃),200.0,158.0,0.0,0.0,2026-03-02,XQJ10000000026298912,订单明细20260329030446.xlsx
金桥(炫影细支),260.0,225.0,1.0,225.0,2026-03-02,XQJ10000000026298912,订单明细20260329030446.xlsx
金桥(炫影细支),260.0,225.0,1.0,225.0,2026-03-02,XQJ10000000026298912,订单明细20260329030446.xlsx
金桥(炫影细支),260.0,225.0,1.0,225.0,2026-03-02,XQJ10000000026298912,订单明细20260329030446.xlsx
金桥(炫影细支),260.0,225.0,1.0,225.0,2026-03-02,XQJ10000000026298912,订单明细20260329030446.xlsx
金桥(炫影细支),260.0,225.0,1.0,225.0,2026-03-02,XQJ10000000026298912,订单明细20260329030446.xlsx
金桥(炫影细支),260.0,225.0,1.0,225.0,2026-03-02,XQJ10000000026298912,订单明细20260329030446.xlsx
钻石(荷花),320.0,275.6,1.0,275.6,2026-03-02,XQJ10000000026298912,订单明细20260329030446.xlsx
钻石(荷花),320.0,275.6,1.0,275.6,2026-03-02,XQJ10000000026298912,订单明细20260329030446.xlsx
钻石(荷花),320.0,275.6,1.0,275.6,2026-03-02,XQJ10000000026298912,订单明细20260329030446.xlsx
钻石(荷花),320.0,275.6,1.0,275.6,2026-03-02,XQJ10000000026298912,订单明细20260329030446.xlsx
钻石(荷花),320.0,275.6,1.0,275.6,2026-03-02,XQJ10000000026298912,订单明细20260329030446.xlsx
钻石(荷花),320.0,275.6,1.0,275.6,2026-03-02,XQJ10000000026298912,订单明细20260329030446.xlsx
钻石(软荷花),500.0,339.2,1.0,339.2,2026-03-02,XQJ10000000026298912,订单明细20260329030446.xlsx
钻石(软荷花),500.0,339.2,1.0,339.2,2026-03-02,XQJ10000000026298912,订单明细20260329030446.xlsx
钻石(软荷花),500.0,339.2,1.0,339.2,2026-03-02,XQJ10000000026298912,订单明细20260329030446.xlsx
钻石(软荷花),500.0,339.2,1.0,339.2,2026-03-02,XQJ10000000026298912,订单明细20260329030446.xlsx
钻石(软荷花),500.0,339.2,1.0,339.2,2026-03-02,XQJ10000000026298912,订单明细20260329030446.xlsx
钻石(软荷花),500.0,339.2,1.0,339.2,2026-03-02,XQJ10000000026298912,订单明细20260329030446.xlsx
长白山(蓝尚),180.0,158.0,0.0,0.0,2026-03-02,XQJ10000000026298912,订单明细20260329030446.xlsx
长白山(蓝尚),180.0,158.0,0.0,0.0,2026-03-02,XQJ10000000026298912,订单明细20260329030446.xlsx
长白山(蓝尚),180.0,158.0,0.0,0.0,2026-03-02,XQJ10000000026298912,订单明细20260329030446.xlsx
长白山(蓝尚),180.0,158.0,0.0,0.0,2026-03-02,XQJ10000000026298912,订单明细20260329030446.xlsx
长白山(蓝尚),180.0,158.0,0.0,0.0,2026-03-02,XQJ10000000026298912,订单明细20260329030446.xlsx
长白山(蓝尚),180.0,158.0,0.0,0.0,2026-03-02,XQJ10000000026298912,订单明细20260329030446.xlsx
黄金叶(乐途),140.0,121.9,1.0,121.9,2026-03-02,XQJ10000000026298912,订单明细20260329030446.xlsx
黄金叶(乐途),140.0,121.9,1.0,121.9,2026-03-02,XQJ10000000026298912,订单明细20260329030446.xlsx
黄金叶(乐途),140.0,121.9,1.0,121.9,2026-03-02,XQJ10000000026298912,订单明细20260329030446.xlsx
黄金叶(乐途),140.0,121.9,1.0,121.9,2026-03-02,XQJ10000000026298912,订单明细20260329030446.xlsx
黄金叶(乐途),140.0,121.9,1.0,121.9,2026-03-02,XQJ10000000026298912,订单明细20260329030446.xlsx
黄金叶(乐途),140.0,121.9,1.0,121.9,2026-03-02,XQJ10000000026298912,订单明细20260329030446.xlsx
黄金叶(商鼎),200.0,175.0,1.0,175.0,2026-03-02,XQJ10000000026298912,订单明细20260329030446.xlsx
黄金叶(商鼎),200.0,175.0,1.0,175.0,2026-03-02,XQJ10000000026298912,订单明细20260329030446.xlsx
黄金叶(商鼎),200.0,175.0,1.0,175.0,2026-03-02,XQJ10000000026298912,订单明细20260329030446.xlsx
黄金叶(商鼎),200.0,175.0,1.0,175.0,2026-03-02,XQJ10000000026298912,订单明细20260329030446.xlsx
黄金叶(商鼎),200.0,175.0,1.0,175.0,2026-03-02,XQJ10000000026298912,订单明细20260329030446.xlsx
黄金叶(商鼎),200.0,175.0,1.0,175.0,2026-03-02,XQJ10000000026298912,订单明细20260329030446.xlsx
黄金叶(天香细支),550.0,455.8,1.0,455.8,2026-03-02,XQJ10000000026298912,订单明细20260329030446.xlsx
黄金叶(天香细支),550.0,455.8,1.0,455.8,2026-03-02,XQJ10000000026298912,订单明细20260329030446.xlsx
黄金叶(天香细支),550.0,455.8,1.0,455.8,2026-03-02,XQJ10000000026298912,订单明细20260329030446.xlsx
黄金叶(天香细支),550.0,455.8,1.0,455.8,2026-03-02,XQJ10000000026298912,订单明细20260329030446.xlsx
黄金叶(天香细支),550.0,455.8,1.0,455.8,2026-03-02,XQJ10000000026298912,订单明细20260329030446.xlsx
黄金叶(天香细支),550.0,455.8,1.0,455.8,2026-03-02,XQJ10000000026298912,订单明细20260329030446.xlsx
七匹狼(纯境),160.0,143.1,1.0,143.1,2026-03-09,XQJ10000000026322528,订单明细20260329030442.xlsx
七匹狼(纯境),160.0,143.1,1.0,143.1,2026-03-09,XQJ10000000026322528,订单明细20260329030442.xlsx
七匹狼(纯境),160.0,143.1,1.0,143.1,2026-03-09,XQJ10000000026322528,订单明细20260329030442.xlsx
七匹狼(纯境),160.0,143.1,1.0,143.1,2026-03-09,XQJ10000000026322528,订单明细20260329030442.xlsx
七匹狼(纯境),160.0,143.1,1.0,143.1,2026-03-09,XQJ10000000026322528,订单明细20260329030442.xlsx
七匹狼(纯境),160.0,143.1,1.0,143.1,2026-03-09,XQJ10000000026322528,订单明细20260329030442.xlsx
七匹狼(银中支),230.0,201.4,0.0,0.0,2026-03-09,XQJ10000000026322528,订单明细20260329030442.xlsx
七匹狼(银中支),230.0,201.4,0.0,0.0,2026-03-09,XQJ10000000026322528,订单明细20260329030442.xlsx
七匹狼(银中支),230.0,201.4,0.0,0.0,2026-03-09,XQJ10000000026322528,订单明细20260329030442.xlsx
七匹狼(银中支),230.0,201.4,0.0,0.0,2026-03-09,XQJ10000000026322528,订单明细20260329030442.xlsx
七匹狼(银中支),230.0,201.4,0.0,0.0,2026-03-09,XQJ10000000026322528,订单明细20260329030442.xlsx
七匹狼(银中支),230.0,201.4,0.0,0.0,2026-03-09,XQJ10000000026322528,订单明细20260329030442.xlsx
中华(双中支),500.0,424.0,1.0,424.0,2026-03-09,XQJ10000000026322528,订单明细20260329030442.xlsx
中华(双中支),500.0,424.0,1.0,424.0,2026-03-09,XQJ10000000026322528,订单明细20260329030442.xlsx
中华(双中支),500.0,424.0,1.0,424.0,2026-03-09,XQJ10000000026322528,订单明细20260329030442.xlsx
中华(双中支),500.0,424.0,1.0,424.0,2026-03-09,XQJ10000000026322528,订单明细20260329030442.xlsx
中华(双中支),500.0,424.0,1.0,424.0,2026-03-09,XQJ10000000026322528,订单明细20260329030442.xlsx
中华(双中支),500.0,424.0,1.0,424.0,2026-03-09,XQJ10000000026322528,订单明细20260329030442.xlsx
中南海(冰耀中支),230.0,201.4,1.0,201.4,2026-03-09,XQJ10000000026322528,订单明细20260329030442.xlsx
中南海(冰耀中支),230.0,201.4,1.0,201.4,2026-03-09,XQJ10000000026322528,订单明细20260329030442.xlsx
中南海(冰耀中支),230.0,201.4,1.0,201.4,2026-03-09,XQJ10000000026322528,订单明细20260329030442.xlsx
中南海(冰耀中支),230.0,201.4,1.0,201.4,2026-03-09,XQJ10000000026322528,订单明细20260329030442.xlsx
中南海(冰耀中支),230.0,201.4,1.0,201.4,2026-03-09,XQJ10000000026322528,订单明细20260329030442.xlsx
中南海(冰耀中支),230.0,201.4,1.0,201.4,2026-03-09,XQJ10000000026322528,订单明细20260329030442.xlsx
云烟(中支小重九),500.0,424.0,2.0,848.0,2026-03-09,XQJ10000000026322528,订单明细20260329030442.xlsx
云烟(中支小重九),500.0,424.0,2.0,848.0,2026-03-09,XQJ10000000026322528,订单明细20260329030442.xlsx
云烟(中支小重九),500.0,424.0,2.0,848.0,2026-03-09,XQJ10000000026322528,订单明细20260329030442.xlsx
云烟(中支小重九),500.0,424.0,2.0,848.0,2026-03-09,XQJ10000000026322528,订单明细20260329030442.xlsx
云烟(中支小重九),500.0,424.0,2.0,848.0,2026-03-09,XQJ10000000026322528,订单明细20260329030442.xlsx
云烟(中支小重九),500.0,424.0,2.0,848.0,2026-03-09,XQJ10000000026322528,订单明细20260329030442.xlsx
云烟(中支金腰带),300.0,263.0,1.0,263.0,2026-03-09,XQJ10000000026322528,订单明细20260329030442.xlsx
云烟(中支金腰带),300.0,263.0,1.0,263.0,2026-03-09,XQJ10000000026322528,订单明细20260329030442.xlsx
云烟(中支金腰带),300.0,263.0,1.0,263.0,2026-03-09,XQJ10000000026322528,订单明细20260329030442.xlsx
云烟(中支金腰带),300.0,263.0,1.0,263.0,2026-03-09,XQJ10000000026322528,订单明细20260329030442.xlsx
云烟(中支金腰带),300.0,263.0,1.0,263.0,2026-03-09,XQJ10000000026322528,订单明细20260329030442.xlsx
云烟(中支金腰带),300.0,263.0,1.0,263.0,2026-03-09,XQJ10000000026322528,订单明细20260329030442.xlsx
云烟(小熊猫家园),200.0,158.0,0.0,0.0,2026-03-09,XQJ10000000026322528,订单明细20260329030442.xlsx
云烟(小熊猫家园),200.0,158.0,0.0,0.0,2026-03-09,XQJ10000000026322528,订单明细20260329030442.xlsx
云烟(小熊猫家园),200.0,158.0,0.0,0.0,2026-03-09,XQJ10000000026322528,订单明细20260329030442.xlsx
云烟(小熊猫家园),200.0,158.0,0.0,0.0,2026-03-09,XQJ10000000026322528,订单明细20260329030442.xlsx
云烟(小熊猫家园),200.0,158.0,0.0,0.0,2026-03-09,XQJ10000000026322528,订单明细20260329030442.xlsx
云烟(小熊猫家园),200.0,158.0,0.0,0.0,2026-03-09,XQJ10000000026322528,订单明细20260329030442.xlsx
云烟(流金印象细支),450.0,381.6,1.0,381.6,2026-03-09,XQJ10000000026322528,订单明细20260329030442.xlsx
云烟(流金印象细支),450.0,381.6,1.0,381.6,2026-03-09,XQJ10000000026322528,订单明细20260329030442.xlsx
云烟(流金印象细支),450.0,381.6,1.0,381.6,2026-03-09,XQJ10000000026322528,订单明细20260329030442.xlsx
云烟(流金印象细支),450.0,381.6,1.0,381.6,2026-03-09,XQJ10000000026322528,订单明细20260329030442.xlsx
云烟(流金印象细支),450.0,381.6,1.0,381.6,2026-03-09,XQJ10000000026322528,订单明细20260329030442.xlsx
云烟(流金印象细支),450.0,381.6,1.0,381.6,2026-03-09,XQJ10000000026322528,订单明细20260329030442.xlsx
云烟(硬云龙),150.0,129.3,10.0,1293.0,2026-03-09,XQJ10000000026322528,订单明细20260329030442.xlsx
云烟(硬云龙),150.0,129.3,10.0,1293.0,2026-03-09,XQJ10000000026322528,订单明细20260329030442.xlsx
云烟(硬云龙),150.0,129.3,10.0,1293.0,2026-03-09,XQJ10000000026322528,订单明细20260329030442.xlsx
云烟(硬云龙),150.0,129.3,10.0,1293.0,2026-03-09,XQJ10000000026322528,订单明细20260329030442.xlsx
云烟(硬云龙),150.0,129.3,10.0,1293.0,2026-03-09,XQJ10000000026322528,订单明细20260329030442.xlsx
云烟(硬云龙),150.0,129.3,10.0,1293.0,2026-03-09,XQJ10000000026322528,订单明细20260329030442.xlsx
云烟(神秘花园),320.0,275.6,1.0,275.6,2026-03-09,XQJ10000000026322528,订单明细20260329030442.xlsx
云烟(神秘花园),320.0,275.6,1.0,275.6,2026-03-09,XQJ10000000026322528,订单明细20260329030442.xlsx
云烟(神秘花园),320.0,275.6,1.0,275.6,2026-03-09,XQJ10000000026322528,订单明细20260329030442.xlsx
云烟(神秘花园),320.0,275.6,1.0,275.6,2026-03-09,XQJ10000000026322528,订单明细20260329030442.xlsx
云烟(神秘花园),320.0,275.6,1.0,275.6,2026-03-09,XQJ10000000026322528,订单明细20260329030442.xlsx
云烟(神秘花园),320.0,275.6,1.0,275.6,2026-03-09,XQJ10000000026322528,订单明细20260329030442.xlsx
云烟(福),120.0,107.06,2.0,214.12,2026-03-09,XQJ10000000026322528,订单明细20260329030442.xlsx
云烟(福),120.0,107.06,2.0,214.12,2026-03-09,XQJ10000000026322528,订单明细20260329030442.xlsx
云烟(福),120.0,107.06,2.0,214.12,2026-03-09,XQJ10000000026322528,订单明细20260329030442.xlsx
云烟(福),120.0,107.06,2.0,214.12,2026-03-09,XQJ10000000026322528,订单明细20260329030442.xlsx
云烟(福),120.0,107.06,2.0,214.12,2026-03-09,XQJ10000000026322528,订单明细20260329030442.xlsx
云烟(福),120.0,107.06,2.0,214.12,2026-03-09,XQJ10000000026322528,订单明细20260329030442.xlsx
云烟(紫),130.0,114.5,0.0,0.0,2026-03-09,XQJ10000000026322528,订单明细20260329030442.xlsx
云烟(紫),130.0,114.5,0.0,0.0,2026-03-09,XQJ10000000026322528,订单明细20260329030442.xlsx
云烟(紫),130.0,114.5,0.0,0.0,2026-03-09,XQJ10000000026322528,订单明细20260329030442.xlsx
云烟(紫),130.0,114.5,0.0,0.0,2026-03-09,XQJ10000000026322528,订单明细20260329030442.xlsx
云烟(紫),130.0,114.5,0.0,0.0,2026-03-09,XQJ10000000026322528,订单明细20260329030442.xlsx
云烟(紫),130.0,114.5,0.0,0.0,2026-03-09,XQJ10000000026322528,订单明细20260329030442.xlsx
云烟(细支云龙),150.0,129.3,10.0,1293.0,2026-03-09,XQJ10000000026322528,订单明细20260329030442.xlsx
云烟(细支云龙),150.0,129.3,10.0,1293.0,2026-03-09,XQJ10000000026322528,订单明细20260329030442.xlsx
云烟(细支云龙),150.0,129.3,10.0,1293.0,2026-03-09,XQJ10000000026322528,订单明细20260329030442.xlsx
云烟(细支云龙),150.0,129.3,10.0,1293.0,2026-03-09,XQJ10000000026322528,订单明细20260329030442.xlsx
云烟(细支云龙),150.0,129.3,10.0,1293.0,2026-03-09,XQJ10000000026322528,订单明细20260329030442.xlsx
云烟(细支云龙),150.0,129.3,10.0,1293.0,2026-03-09,XQJ10000000026322528,订单明细20260329030442.xlsx
云烟(细支大重九),1000.0,848.0,1.0,848.0,2026-03-09,XQJ10000000026322528,订单明细20260329030442.xlsx
云烟(细支大重九),1000.0,848.0,1.0,848.0,2026-03-09,XQJ10000000026322528,订单明细20260329030442.xlsx
云烟(细支大重九),1000.0,848.0,1.0,848.0,2026-03-09,XQJ10000000026322528,订单明细20260329030442.xlsx
云烟(细支大重九),1000.0,848.0,1.0,848.0,2026-03-09,XQJ10000000026322528,订单明细20260329030442.xlsx
云烟(细支大重九),1000.0,848.0,1.0,848.0,2026-03-09,XQJ10000000026322528,订单明细20260329030442.xlsx
云烟(细支大重九),1000.0,848.0,1.0,848.0,2026-03-09,XQJ10000000026322528,订单明细20260329030442.xlsx
云烟(细支小重九),500.0,424.0,1.0,424.0,2026-03-09,XQJ10000000026322528,订单明细20260329030442.xlsx
云烟(细支小重九),500.0,424.0,1.0,424.0,2026-03-09,XQJ10000000026322528,订单明细20260329030442.xlsx
云烟(细支小重九),500.0,424.0,1.0,424.0,2026-03-09,XQJ10000000026322528,订单明细20260329030442.xlsx
云烟(细支小重九),500.0,424.0,1.0,424.0,2026-03-09,XQJ10000000026322528,订单明细20260329030442.xlsx
云烟(细支小重九),500.0,424.0,1.0,424.0,2026-03-09,XQJ10000000026322528,订单明细20260329030442.xlsx
云烟(细支小重九),500.0,424.0,1.0,424.0,2026-03-09,XQJ10000000026322528,订单明细20260329030442.xlsx
云烟(细支灵感蘑菇),260.0,225.0,1.0,225.0,2026-03-09,XQJ10000000026322528,订单明细20260329030442.xlsx
云烟(细支灵感蘑菇),260.0,225.0,1.0,225.0,2026-03-09,XQJ10000000026322528,订单明细20260329030442.xlsx
云烟(细支灵感蘑菇),260.0,225.0,1.0,225.0,2026-03-09,XQJ10000000026322528,订单明细20260329030442.xlsx
云烟(细支灵感蘑菇),260.0,225.0,1.0,225.0,2026-03-09,XQJ10000000026322528,订单明细20260329030442.xlsx
云烟(细支灵感蘑菇),260.0,225.0,1.0,225.0,2026-03-09,XQJ10000000026322528,订单明细20260329030442.xlsx
云烟(细支灵感蘑菇),260.0,225.0,1.0,225.0,2026-03-09,XQJ10000000026322528,订单明细20260329030442.xlsx
云烟(细支珍品),260.0,225.0,15.0,3375.0,2026-03-09,XQJ10000000026322528,订单明细20260329030442.xlsx
云烟(细支珍品),260.0,225.0,15.0,3375.0,2026-03-09,XQJ10000000026322528,订单明细20260329030442.xlsx
云烟(细支珍品),260.0,225.0,15.0,3375.0,2026-03-09,XQJ10000000026322528,订单明细20260329030442.xlsx
云烟(细支珍品),260.0,225.0,15.0,3375.0,2026-03-09,XQJ10000000026322528,订单明细20260329030442.xlsx
云烟(细支珍品),260.0,225.0,15.0,3375.0,2026-03-09,XQJ10000000026322528,订单明细20260329030442.xlsx
云烟(细支珍品),260.0,225.0,15.0,3375.0,2026-03-09,XQJ10000000026322528,订单明细20260329030442.xlsx
云烟(软印象烟庄),370.0,318.0,0.0,0.0,2026-03-09,XQJ10000000026322528,订单明细20260329030442.xlsx
云烟(软印象烟庄),370.0,318.0,0.0,0.0,2026-03-09,XQJ10000000026322528,订单明细20260329030442.xlsx
云烟(软印象烟庄),370.0,318.0,0.0,0.0,2026-03-09,XQJ10000000026322528,订单明细20260329030442.xlsx
云烟(软印象烟庄),370.0,318.0,0.0,0.0,2026-03-09,XQJ10000000026322528,订单明细20260329030442.xlsx
云烟(软印象烟庄),370.0,318.0,0.0,0.0,2026-03-09,XQJ10000000026322528,订单明细20260329030442.xlsx
云烟(软印象烟庄),370.0,318.0,0.0,0.0,2026-03-09,XQJ10000000026322528,订单明细20260329030442.xlsx
云烟(软大重九),1000.0,720.8,3.0,2162.4,2026-03-09,XQJ10000000026322528,订单明细20260329030442.xlsx
云烟(软大重九),1000.0,720.8,3.0,2162.4,2026-03-09,XQJ10000000026322528,订单明细20260329030442.xlsx
云烟(软大重九),1000.0,720.8,3.0,2162.4,2026-03-09,XQJ10000000026322528,订单明细20260329030442.xlsx
云烟(软大重九),1000.0,720.8,3.0,2162.4,2026-03-09,XQJ10000000026322528,订单明细20260329030442.xlsx
云烟(软大重九),1000.0,720.8,3.0,2162.4,2026-03-09,XQJ10000000026322528,订单明细20260329030442.xlsx
云烟(软大重九),1000.0,720.8,3.0,2162.4,2026-03-09,XQJ10000000026322528,订单明细20260329030442.xlsx
云烟(软珍品),230.0,206.7,0.0,0.0,2026-03-09,XQJ10000000026322528,订单明细20260329030442.xlsx
云烟(软珍品),230.0,206.7,0.0,0.0,2026-03-09,XQJ10000000026322528,订单明细20260329030442.xlsx
云烟(软珍品),230.0,206.7,0.0,0.0,2026-03-09,XQJ10000000026322528,订单明细20260329030442.xlsx
云烟(软珍品),230.0,206.7,0.0,0.0,2026-03-09,XQJ10000000026322528,订单明细20260329030442.xlsx
云烟(软珍品),230.0,206.7,0.0,0.0,2026-03-09,XQJ10000000026322528,订单明细20260329030442.xlsx
云烟(软珍品),230.0,206.7,0.0,0.0,2026-03-09,XQJ10000000026322528,订单明细20260329030442.xlsx
人民大会堂(硬红细支),160.0,139.92,1.0,139.92,2026-03-09,XQJ10000000026322528,订单明细20260329030442.xlsx
人民大会堂(硬红细支),160.0,139.92,1.0,139.92,2026-03-09,XQJ10000000026322528,订单明细20260329030442.xlsx
人民大会堂(硬红细支),160.0,139.92,1.0,139.92,2026-03-09,XQJ10000000026322528,订单明细20260329030442.xlsx
人民大会堂(硬红细支),160.0,139.92,1.0,139.92,2026-03-09,XQJ10000000026322528,订单明细20260329030442.xlsx
人民大会堂(硬红细支),160.0,139.92,1.0,139.92,2026-03-09,XQJ10000000026322528,订单明细20260329030442.xlsx
人民大会堂(硬红细支),160.0,139.92,1.0,139.92,2026-03-09,XQJ10000000026322528,订单明细20260329030442.xlsx
利群(江南韵),260.0,225.0,1.0,225.0,2026-03-09,XQJ10000000026322528,订单明细20260329030442.xlsx
利群(江南韵),260.0,225.0,1.0,225.0,2026-03-09,XQJ10000000026322528,订单明细20260329030442.xlsx
利群(江南韵),260.0,225.0,1.0,225.0,2026-03-09,XQJ10000000026322528,订单明细20260329030442.xlsx
利群(江南韵),260.0,225.0,1.0,225.0,2026-03-09,XQJ10000000026322528,订单明细20260329030442.xlsx
利群(江南韵),260.0,225.0,1.0,225.0,2026-03-09,XQJ10000000026322528,订单明细20260329030442.xlsx
利群(江南韵),260.0,225.0,1.0,225.0,2026-03-09,XQJ10000000026322528,订单明细20260329030442.xlsx
利群(软长嘴),360.0,318.0,0.0,0.0,2026-03-09,XQJ10000000026322528,订单明细20260329030442.xlsx
利群(软长嘴),360.0,318.0,0.0,0.0,2026-03-09,XQJ10000000026322528,订单明细20260329030442.xlsx
利群(软长嘴),360.0,318.0,0.0,0.0,2026-03-09,XQJ10000000026322528,订单明细20260329030442.xlsx
利群(软长嘴),360.0,318.0,0.0,0.0,2026-03-09,XQJ10000000026322528,订单明细20260329030442.xlsx
利群(软长嘴),360.0,318.0,0.0,0.0,2026-03-09,XQJ10000000026322528,订单明细20260329030442.xlsx
利群(软长嘴),360.0,318.0,0.0,0.0,2026-03-09,XQJ10000000026322528,订单明细20260329030442.xlsx
利群(长嘴),220.0,190.8,0.0,0.0,2026-03-09,XQJ10000000026322528,订单明细20260329030442.xlsx
利群(长嘴),220.0,190.8,0.0,0.0,2026-03-09,XQJ10000000026322528,订单明细20260329030442.xlsx
利群(长嘴),220.0,190.8,0.0,0.0,2026-03-09,XQJ10000000026322528,订单明细20260329030442.xlsx
利群(长嘴),220.0,190.8,0.0,0.0,2026-03-09,XQJ10000000026322528,订单明细20260329030442.xlsx
利群(长嘴),220.0,190.8,0.0,0.0,2026-03-09,XQJ10000000026322528,订单明细20260329030442.xlsx
利群(长嘴),220.0,190.8,0.0,0.0,2026-03-09,XQJ10000000026322528,订单明细20260329030442.xlsx
南京(十二钗薄荷),220.0,188.68,0.0,0.0,2026-03-09,XQJ10000000026322528,订单明细20260329030442.xlsx
南京(十二钗薄荷),220.0,188.68,0.0,0.0,2026-03-09,XQJ10000000026322528,订单明细20260329030442.xlsx
南京(十二钗薄荷),220.0,188.68,0.0,0.0,2026-03-09,XQJ10000000026322528,订单明细20260329030442.xlsx
南京(十二钗薄荷),220.0,188.68,0.0,0.0,2026-03-09,XQJ10000000026322528,订单明细20260329030442.xlsx
南京(十二钗薄荷),220.0,188.68,0.0,0.0,2026-03-09,XQJ10000000026322528,订单明细20260329030442.xlsx
南京(十二钗薄荷),220.0,188.68,0.0,0.0,2026-03-09,XQJ10000000026322528,订单明细20260329030442.xlsx
南京(梦都),200.0,175.0,1.0,175.0,2026-03-09,XQJ10000000026322528,订单明细20260329030442.xlsx
南京(梦都),200.0,175.0,1.0,175.0,2026-03-09,XQJ10000000026322528,订单明细20260329030442.xlsx
南京(梦都),200.0,175.0,1.0,175.0,2026-03-09,XQJ10000000026322528,订单明细20260329030442.xlsx
南京(梦都),200.0,175.0,1.0,175.0,2026-03-09,XQJ10000000026322528,订单明细20260329030442.xlsx
南京(梦都),200.0,175.0,1.0,175.0,2026-03-09,XQJ10000000026322528,订单明细20260329030442.xlsx
南京(梦都),200.0,175.0,1.0,175.0,2026-03-09,XQJ10000000026322528,订单明细20260329030442.xlsx
双喜(春天白月光),300.0,263.0,1.0,263.0,2026-03-09,XQJ10000000026322528,订单明细20260329030442.xlsx
双喜(春天白月光),300.0,263.0,1.0,263.0,2026-03-09,XQJ10000000026322528,订单明细20260329030442.xlsx
双喜(春天白月光),300.0,263.0,1.0,263.0,2026-03-09,XQJ10000000026322528,订单明细20260329030442.xlsx
双喜(春天白月光),300.0,263.0,1.0,263.0,2026-03-09,XQJ10000000026322528,订单明细20260329030442.xlsx
双喜(春天白月光),300.0,263.0,1.0,263.0,2026-03-09,XQJ10000000026322528,订单明细20260329030442.xlsx
双喜(春天白月光),300.0,263.0,1.0,263.0,2026-03-09,XQJ10000000026322528,订单明细20260329030442.xlsx
双喜(硬经典1906),170.0,150.52,2.0,301.04,2026-03-09,XQJ10000000026322528,订单明细20260329030442.xlsx
双喜(硬经典1906),170.0,150.52,2.0,301.04,2026-03-09,XQJ10000000026322528,订单明细20260329030442.xlsx
双喜(硬经典1906),170.0,150.52,2.0,301.04,2026-03-09,XQJ10000000026322528,订单明细20260329030442.xlsx
双喜(硬经典1906),170.0,150.52,2.0,301.04,2026-03-09,XQJ10000000026322528,订单明细20260329030442.xlsx
双喜(硬经典1906),170.0,150.52,2.0,301.04,2026-03-09,XQJ10000000026322528,订单明细20260329030442.xlsx
双喜(硬经典1906),170.0,150.52,2.0,301.04,2026-03-09,XQJ10000000026322528,订单明细20260329030442.xlsx
天子(硬珍品龙凤呈祥),210.0,180.2,0.0,0.0,2026-03-09,XQJ10000000026322528,订单明细20260329030442.xlsx
天子(硬珍品龙凤呈祥),210.0,180.2,0.0,0.0,2026-03-09,XQJ10000000026322528,订单明细20260329030442.xlsx
天子(硬珍品龙凤呈祥),210.0,180.2,0.0,0.0,2026-03-09,XQJ10000000026322528,订单明细20260329030442.xlsx
天子(硬珍品龙凤呈祥),210.0,180.2,0.0,0.0,2026-03-09,XQJ10000000026322528,订单明细20260329030442.xlsx
天子(硬珍品龙凤呈祥),210.0,180.2,0.0,0.0,2026-03-09,XQJ10000000026322528,订单明细20260329030442.xlsx
天子(硬珍品龙凤呈祥),210.0,180.2,0.0,0.0,2026-03-09,XQJ10000000026322528,订单明细20260329030442.xlsx
好猫(细支长乐),160.0,139.92,0.0,0.0,2026-03-09,XQJ10000000026322528,订单明细20260329030442.xlsx
好猫(细支长乐),160.0,139.92,0.0,0.0,2026-03-09,XQJ10000000026322528,订单明细20260329030442.xlsx
好猫(细支长乐),160.0,139.92,0.0,0.0,2026-03-09,XQJ10000000026322528,订单明细20260329030442.xlsx
好猫(细支长乐),160.0,139.92,0.0,0.0,2026-03-09,XQJ10000000026322528,订单明细20260329030442.xlsx
好猫(细支长乐),160.0,139.92,0.0,0.0,2026-03-09,XQJ10000000026322528,订单明细20260329030442.xlsx
好猫(细支长乐),160.0,139.92,0.0,0.0,2026-03-09,XQJ10000000026322528,订单明细20260329030442.xlsx
好猫(长乐九美),200.0,175.0,1.0,175.0,2026-03-09,XQJ10000000026322528,订单明细20260329030442.xlsx
好猫(长乐九美),200.0,175.0,1.0,175.0,2026-03-09,XQJ10000000026322528,订单明细20260329030442.xlsx
好猫(长乐九美),200.0,175.0,1.0,175.0,2026-03-09,XQJ10000000026322528,订单明细20260329030442.xlsx
好猫(长乐九美),200.0,175.0,1.0,175.0,2026-03-09,XQJ10000000026322528,订单明细20260329030442.xlsx
好猫(长乐九美),200.0,175.0,1.0,175.0,2026-03-09,XQJ10000000026322528,订单明细20260329030442.xlsx
好猫(长乐九美),200.0,175.0,1.0,175.0,2026-03-09,XQJ10000000026322528,订单明细20260329030442.xlsx
威斯(小熊猫),100.0,88.0,1.0,88.0,2026-03-09,XQJ10000000026322528,订单明细20260329030442.xlsx
威斯(小熊猫),100.0,88.0,1.0,88.0,2026-03-09,XQJ10000000026322528,订单明细20260329030442.xlsx
威斯(小熊猫),100.0,88.0,1.0,88.0,2026-03-09,XQJ10000000026322528,订单明细20260329030442.xlsx
威斯(小熊猫),100.0,88.0,1.0,88.0,2026-03-09,XQJ10000000026322528,订单明细20260329030442.xlsx
威斯(小熊猫),100.0,88.0,1.0,88.0,2026-03-09,XQJ10000000026322528,订单明细20260329030442.xlsx
威斯(小熊猫),100.0,88.0,1.0,88.0,2026-03-09,XQJ10000000026322528,订单明细20260329030442.xlsx
娇子(格调细支),150.0,129.3,1.0,129.3,2026-03-09,XQJ10000000026322528,订单明细20260329030442.xlsx
娇子(格调细支),150.0,129.3,1.0,129.3,2026-03-09,XQJ10000000026322528,订单明细20260329030442.xlsx
娇子(格调细支),150.0,129.3,1.0,129.3,2026-03-09,XQJ10000000026322528,订单明细20260329030442.xlsx
娇子(格调细支),150.0,129.3,1.0,129.3,2026-03-09,XQJ10000000026322528,订单明细20260329030442.xlsx
娇子(格调细支),150.0,129.3,1.0,129.3,2026-03-09,XQJ10000000026322528,订单明细20260329030442.xlsx
娇子(格调细支),150.0,129.3,1.0,129.3,2026-03-09,XQJ10000000026322528,订单明细20260329030442.xlsx
泰山(儒风细支),300.0,263.0,1.0,263.0,2026-03-09,XQJ10000000026322528,订单明细20260329030442.xlsx
泰山(儒风细支),300.0,263.0,1.0,263.0,2026-03-09,XQJ10000000026322528,订单明细20260329030442.xlsx
泰山(儒风细支),300.0,263.0,1.0,263.0,2026-03-09,XQJ10000000026322528,订单明细20260329030442.xlsx
泰山(儒风细支),300.0,263.0,1.0,263.0,2026-03-09,XQJ10000000026322528,订单明细20260329030442.xlsx
泰山(儒风细支),300.0,263.0,1.0,263.0,2026-03-09,XQJ10000000026322528,订单明细20260329030442.xlsx
泰山(儒风细支),300.0,263.0,1.0,263.0,2026-03-09,XQJ10000000026322528,订单明细20260329030442.xlsx
泰山(硬红八喜),65.0,57.24,3.0,171.72,2026-03-09,XQJ10000000026322528,订单明细20260329030442.xlsx
泰山(硬红八喜),65.0,57.24,3.0,171.72,2026-03-09,XQJ10000000026322528,订单明细20260329030442.xlsx
泰山(硬红八喜),65.0,57.24,3.0,171.72,2026-03-09,XQJ10000000026322528,订单明细20260329030442.xlsx
泰山(硬红八喜),65.0,57.24,3.0,171.72,2026-03-09,XQJ10000000026322528,订单明细20260329030442.xlsx
泰山(硬红八喜),65.0,57.24,3.0,171.72,2026-03-09,XQJ10000000026322528,订单明细20260329030442.xlsx
泰山(硬红八喜),65.0,57.24,3.0,171.72,2026-03-09,XQJ10000000026322528,订单明细20260329030442.xlsx
泰山(颜悦),200.0,167.48,1.0,167.48,2026-03-09,XQJ10000000026322528,订单明细20260329030442.xlsx
泰山(颜悦),200.0,167.48,1.0,167.48,2026-03-09,XQJ10000000026322528,订单明细20260329030442.xlsx
泰山(颜悦),200.0,167.48,1.0,167.48,2026-03-09,XQJ10000000026322528,订单明细20260329030442.xlsx
泰山(颜悦),200.0,167.48,1.0,167.48,2026-03-09,XQJ10000000026322528,订单明细20260329030442.xlsx
泰山(颜悦),200.0,167.48,1.0,167.48,2026-03-09,XQJ10000000026322528,订单明细20260329030442.xlsx
泰山(颜悦),200.0,167.48,1.0,167.48,2026-03-09,XQJ10000000026322528,订单明细20260329030442.xlsx
玉溪(硬和谐),400.0,339.2,5.0,1696.0,2026-03-09,XQJ10000000026322528,订单明细20260329030442.xlsx
玉溪(硬和谐),400.0,339.2,5.0,1696.0,2026-03-09,XQJ10000000026322528,订单明细20260329030442.xlsx
玉溪(硬和谐),400.0,339.2,5.0,1696.0,2026-03-09,XQJ10000000026322528,订单明细20260329030442.xlsx
玉溪(硬和谐),400.0,339.2,5.0,1696.0,2026-03-09,XQJ10000000026322528,订单明细20260329030442.xlsx
玉溪(硬和谐),400.0,339.2,5.0,1696.0,2026-03-09,XQJ10000000026322528,订单明细20260329030442.xlsx
玉溪(硬和谐),400.0,339.2,5.0,1696.0,2026-03-09,XQJ10000000026322528,订单明细20260329030442.xlsx
玉溪(细支),300.0,263.0,1.0,263.0,2026-03-09,XQJ10000000026322528,订单明细20260329030442.xlsx
玉溪(细支),300.0,263.0,1.0,263.0,2026-03-09,XQJ10000000026322528,订单明细20260329030442.xlsx
玉溪(细支),300.0,263.0,1.0,263.0,2026-03-09,XQJ10000000026322528,订单明细20260329030442.xlsx
玉溪(细支),300.0,263.0,1.0,263.0,2026-03-09,XQJ10000000026322528,订单明细20260329030442.xlsx
玉溪(细支),300.0,263.0,1.0,263.0,2026-03-09,XQJ10000000026322528,订单明细20260329030442.xlsx
玉溪(细支),300.0,263.0,1.0,263.0,2026-03-09,XQJ10000000026322528,订单明细20260329030442.xlsx
玉溪(细支缤果爆),260.0,225.0,1.0,225.0,2026-03-09,XQJ10000000026322528,订单明细20260329030442.xlsx
玉溪(细支缤果爆),260.0,225.0,1.0,225.0,2026-03-09,XQJ10000000026322528,订单明细20260329030442.xlsx
玉溪(细支缤果爆),260.0,225.0,1.0,225.0,2026-03-09,XQJ10000000026322528,订单明细20260329030442.xlsx
玉溪(细支缤果爆),260.0,225.0,1.0,225.0,2026-03-09,XQJ10000000026322528,订单明细20260329030442.xlsx
玉溪(细支缤果爆),260.0,225.0,1.0,225.0,2026-03-09,XQJ10000000026322528,订单明细20260329030442.xlsx
玉溪(细支缤果爆),260.0,225.0,1.0,225.0,2026-03-09,XQJ10000000026322528,订单明细20260329030442.xlsx
玉溪(细支翡翠),800.0,678.4,0.0,0.0,2026-03-09,XQJ10000000026322528,订单明细20260329030442.xlsx
玉溪(细支翡翠),800.0,678.4,0.0,0.0,2026-03-09,XQJ10000000026322528,订单明细20260329030442.xlsx
玉溪(细支翡翠),800.0,678.4,0.0,0.0,2026-03-09,XQJ10000000026322528,订单明细20260329030442.xlsx
玉溪(细支翡翠),800.0,678.4,0.0,0.0,2026-03-09,XQJ10000000026322528,订单明细20260329030442.xlsx
玉溪(细支翡翠),800.0,678.4,0.0,0.0,2026-03-09,XQJ10000000026322528,订单明细20260329030442.xlsx
玉溪(细支翡翠),800.0,678.4,0.0,0.0,2026-03-09,XQJ10000000026322528,订单明细20260329030442.xlsx
玉溪(软),230.0,201.4,0.0,0.0,2026-03-09,XQJ10000000026322528,订单明细20260329030442.xlsx
玉溪(软),230.0,201.4,0.0,0.0,2026-03-09,XQJ10000000026322528,订单明细20260329030442.xlsx
玉溪(软),230.0,201.4,0.0,0.0,2026-03-09,XQJ10000000026322528,订单明细20260329030442.xlsx
玉溪(软),230.0,201.4,0.0,0.0,2026-03-09,XQJ10000000026322528,订单明细20260329030442.xlsx
玉溪(软),230.0,201.4,0.0,0.0,2026-03-09,XQJ10000000026322528,订单明细20260329030442.xlsx
玉溪(软),230.0,201.4,0.0,0.0,2026-03-09,XQJ10000000026322528,订单明细20260329030442.xlsx
玉溪(软初心),200.0,175.0,1.0,175.0,2026-03-09,XQJ10000000026322528,订单明细20260329030442.xlsx
玉溪(软初心),200.0,175.0,1.0,175.0,2026-03-09,XQJ10000000026322528,订单明细20260329030442.xlsx
玉溪(软初心),200.0,175.0,1.0,175.0,2026-03-09,XQJ10000000026322528,订单明细20260329030442.xlsx
玉溪(软初心),200.0,175.0,1.0,175.0,2026-03-09,XQJ10000000026322528,订单明细20260329030442.xlsx
玉溪(软初心),200.0,175.0,1.0,175.0,2026-03-09,XQJ10000000026322528,订单明细20260329030442.xlsx
玉溪(软初心),200.0,175.0,1.0,175.0,2026-03-09,XQJ10000000026322528,订单明细20260329030442.xlsx
玉溪(软尚善),280.0,243.8,15.0,3657.0,2026-03-09,XQJ10000000026322528,订单明细20260329030442.xlsx
玉溪(软尚善),280.0,243.8,15.0,3657.0,2026-03-09,XQJ10000000026322528,订单明细20260329030442.xlsx
玉溪(软尚善),280.0,243.8,15.0,3657.0,2026-03-09,XQJ10000000026322528,订单明细20260329030442.xlsx
玉溪(软尚善),280.0,243.8,15.0,3657.0,2026-03-09,XQJ10000000026322528,订单明细20260329030442.xlsx
玉溪(软尚善),280.0,243.8,15.0,3657.0,2026-03-09,XQJ10000000026322528,订单明细20260329030442.xlsx
玉溪(软尚善),280.0,243.8,15.0,3657.0,2026-03-09,XQJ10000000026322528,订单明细20260329030442.xlsx
白沙(硬和天下双中支),900.0,763.2,1.0,763.2,2026-03-09,XQJ10000000026322528,订单明细20260329030442.xlsx
白沙(硬和天下双中支),900.0,763.2,1.0,763.2,2026-03-09,XQJ10000000026322528,订单明细20260329030442.xlsx
白沙(硬和天下双中支),900.0,763.2,1.0,763.2,2026-03-09,XQJ10000000026322528,订单明细20260329030442.xlsx
白沙(硬和天下双中支),900.0,763.2,1.0,763.2,2026-03-09,XQJ10000000026322528,订单明细20260329030442.xlsx
白沙(硬和天下双中支),900.0,763.2,1.0,763.2,2026-03-09,XQJ10000000026322528,订单明细20260329030442.xlsx
白沙(硬和天下双中支),900.0,763.2,1.0,763.2,2026-03-09,XQJ10000000026322528,订单明细20260329030442.xlsx
白沙(硬天天向上细支),160.0,129.3,1.0,129.3,2026-03-09,XQJ10000000026322528,订单明细20260329030442.xlsx
白沙(硬天天向上细支),160.0,129.3,1.0,129.3,2026-03-09,XQJ10000000026322528,订单明细20260329030442.xlsx
白沙(硬天天向上细支),160.0,129.3,1.0,129.3,2026-03-09,XQJ10000000026322528,订单明细20260329030442.xlsx
白沙(硬天天向上细支),160.0,129.3,1.0,129.3,2026-03-09,XQJ10000000026322528,订单明细20260329030442.xlsx
白沙(硬天天向上细支),160.0,129.3,1.0,129.3,2026-03-09,XQJ10000000026322528,订单明细20260329030442.xlsx
白沙(硬天天向上细支),160.0,129.3,1.0,129.3,2026-03-09,XQJ10000000026322528,订单明细20260329030442.xlsx
白沙(硬细支和天下),1000.0,720.8,1.0,720.8,2026-03-09,XQJ10000000026322528,订单明细20260329030442.xlsx
白沙(硬细支和天下),1000.0,720.8,1.0,720.8,2026-03-09,XQJ10000000026322528,订单明细20260329030442.xlsx
白沙(硬细支和天下),1000.0,720.8,1.0,720.8,2026-03-09,XQJ10000000026322528,订单明细20260329030442.xlsx
白沙(硬细支和天下),1000.0,720.8,1.0,720.8,2026-03-09,XQJ10000000026322528,订单明细20260329030442.xlsx
白沙(硬细支和天下),1000.0,720.8,1.0,720.8,2026-03-09,XQJ10000000026322528,订单明细20260329030442.xlsx
白沙(硬细支和天下),1000.0,720.8,1.0,720.8,2026-03-09,XQJ10000000026322528,订单明细20260329030442.xlsx
白沙(软和天下),1000.0,720.8,1.0,720.8,2026-03-09,XQJ10000000026322528,订单明细20260329030442.xlsx
白沙(软和天下),1000.0,720.8,1.0,720.8,2026-03-09,XQJ10000000026322528,订单明细20260329030442.xlsx
白沙(软和天下),1000.0,720.8,1.0,720.8,2026-03-09,XQJ10000000026322528,订单明细20260329030442.xlsx
白沙(软和天下),1000.0,720.8,1.0,720.8,2026-03-09,XQJ10000000026322528,订单明细20260329030442.xlsx
白沙(软和天下),1000.0,720.8,1.0,720.8,2026-03-09,XQJ10000000026322528,订单明细20260329030442.xlsx
白沙(软和天下),1000.0,720.8,1.0,720.8,2026-03-09,XQJ10000000026322528,订单明细20260329030442.xlsx
白沙(长丰),70.0,61.5,1.0,61.5,2026-03-09,XQJ10000000026322528,订单明细20260329030442.xlsx
白沙(长丰),70.0,61.5,1.0,61.5,2026-03-09,XQJ10000000026322528,订单明细20260329030442.xlsx
白沙(长丰),70.0,61.5,1.0,61.5,2026-03-09,XQJ10000000026322528,订单明细20260329030442.xlsx
白沙(长丰),70.0,61.5,1.0,61.5,2026-03-09,XQJ10000000026322528,订单明细20260329030442.xlsx
白沙(长丰),70.0,61.5,1.0,61.5,2026-03-09,XQJ10000000026322528,订单明细20260329030442.xlsx
白沙(长丰),70.0,61.5,1.0,61.5,2026-03-09,XQJ10000000026322528,订单明细20260329030442.xlsx
红塔山(硬恭贺新禧),150.0,121.9,0.0,0.0,2026-03-09,XQJ10000000026322528,订单明细20260329030442.xlsx
红塔山(硬恭贺新禧),150.0,121.9,0.0,0.0,2026-03-09,XQJ10000000026322528,订单明细20260329030442.xlsx
红塔山(硬恭贺新禧),150.0,121.9,0.0,0.0,2026-03-09,XQJ10000000026322528,订单明细20260329030442.xlsx
红塔山(硬恭贺新禧),150.0,121.9,0.0,0.0,2026-03-09,XQJ10000000026322528,订单明细20260329030442.xlsx
红塔山(硬恭贺新禧),150.0,121.9,0.0,0.0,2026-03-09,XQJ10000000026322528,订单明细20260329030442.xlsx
红塔山(硬恭贺新禧),150.0,121.9,0.0,0.0,2026-03-09,XQJ10000000026322528,订单明细20260329030442.xlsx
红塔山(硬经典),90.0,75.0,5.0,375.0,2026-03-09,XQJ10000000026322528,订单明细20260329030442.xlsx
红塔山(硬经典),90.0,75.0,5.0,375.0,2026-03-09,XQJ10000000026322528,订单明细20260329030442.xlsx
红塔山(硬经典),90.0,75.0,5.0,375.0,2026-03-09,XQJ10000000026322528,订单明细20260329030442.xlsx
红塔山(硬经典),90.0,75.0,5.0,375.0,2026-03-09,XQJ10000000026322528,订单明细20260329030442.xlsx
红塔山(硬经典),90.0,75.0,5.0,375.0,2026-03-09,XQJ10000000026322528,订单明细20260329030442.xlsx
红塔山(硬经典),90.0,75.0,5.0,375.0,2026-03-09,XQJ10000000026322528,订单明细20260329030442.xlsx
红河(硬88),120.0,97.0,1.0,97.0,2026-03-09,XQJ10000000026322528,订单明细20260329030442.xlsx
红河(硬88),120.0,97.0,1.0,97.0,2026-03-09,XQJ10000000026322528,订单明细20260329030442.xlsx
红河(硬88),120.0,97.0,1.0,97.0,2026-03-09,XQJ10000000026322528,订单明细20260329030442.xlsx
红河(硬88),120.0,97.0,1.0,97.0,2026-03-09,XQJ10000000026322528,订单明细20260329030442.xlsx
红河(硬88),120.0,97.0,1.0,97.0,2026-03-09,XQJ10000000026322528,订单明细20260329030442.xlsx
红河(硬88),120.0,97.0,1.0,97.0,2026-03-09,XQJ10000000026322528,订单明细20260329030442.xlsx
红河(硬99),140.0,121.9,8.0,975.2,2026-03-09,XQJ10000000026322528,订单明细20260329030442.xlsx
红河(硬99),140.0,121.9,8.0,975.2,2026-03-09,XQJ10000000026322528,订单明细20260329030442.xlsx
红河(硬99),140.0,121.9,8.0,975.2,2026-03-09,XQJ10000000026322528,订单明细20260329030442.xlsx
红河(硬99),140.0,121.9,8.0,975.2,2026-03-09,XQJ10000000026322528,订单明细20260329030442.xlsx
红河(硬99),140.0,121.9,8.0,975.2,2026-03-09,XQJ10000000026322528,订单明细20260329030442.xlsx
红河(硬99),140.0,121.9,8.0,975.2,2026-03-09,XQJ10000000026322528,订单明细20260329030442.xlsx
红河(软99),130.0,114.48,0.0,0.0,2026-03-09,XQJ10000000026322528,订单明细20260329030442.xlsx
红河(软99),130.0,114.48,0.0,0.0,2026-03-09,XQJ10000000026322528,订单明细20260329030442.xlsx
红河(软99),130.0,114.48,0.0,0.0,2026-03-09,XQJ10000000026322528,订单明细20260329030442.xlsx
红河(软99),130.0,114.48,0.0,0.0,2026-03-09,XQJ10000000026322528,订单明细20260329030442.xlsx
红河(软99),130.0,114.48,0.0,0.0,2026-03-09,XQJ10000000026322528,订单明细20260329030442.xlsx
红河(软99),130.0,114.48,0.0,0.0,2026-03-09,XQJ10000000026322528,订单明细20260329030442.xlsx
红河(软甲),65.0,57.2,0.0,0.0,2026-03-09,XQJ10000000026322528,订单明细20260329030442.xlsx
红河(软甲),65.0,57.2,0.0,0.0,2026-03-09,XQJ10000000026322528,订单明细20260329030442.xlsx
红河(软甲),65.0,57.2,0.0,0.0,2026-03-09,XQJ10000000026322528,订单明细20260329030442.xlsx
红河(软甲),65.0,57.2,0.0,0.0,2026-03-09,XQJ10000000026322528,订单明细20260329030442.xlsx
红河(软甲),65.0,57.2,0.0,0.0,2026-03-09,XQJ10000000026322528,订单明细20260329030442.xlsx
红河(软甲),65.0,57.2,0.0,0.0,2026-03-09,XQJ10000000026322528,订单明细20260329030442.xlsx
芙蓉王(硬),250.0,218.36,4.0,873.44,2026-03-09,XQJ10000000026322528,订单明细20260329030442.xlsx
芙蓉王(硬),250.0,218.36,4.0,873.44,2026-03-09,XQJ10000000026322528,订单明细20260329030442.xlsx
芙蓉王(硬),250.0,218.36,4.0,873.44,2026-03-09,XQJ10000000026322528,订单明细20260329030442.xlsx
芙蓉王(硬),250.0,218.36,4.0,873.44,2026-03-09,XQJ10000000026322528,订单明细20260329030442.xlsx
芙蓉王(硬),250.0,218.36,4.0,873.44,2026-03-09,XQJ10000000026322528,订单明细20260329030442.xlsx
芙蓉王(硬),250.0,218.36,4.0,873.44,2026-03-09,XQJ10000000026322528,订单明细20260329030442.xlsx
芙蓉王(硬闪带细支),350.0,300.0,1.0,300.0,2026-03-09,XQJ10000000026322528,订单明细20260329030442.xlsx
芙蓉王(硬闪带细支),350.0,300.0,1.0,300.0,2026-03-09,XQJ10000000026322528,订单明细20260329030442.xlsx
芙蓉王(硬闪带细支),350.0,300.0,1.0,300.0,2026-03-09,XQJ10000000026322528,订单明细20260329030442.xlsx
芙蓉王(硬闪带细支),350.0,300.0,1.0,300.0,2026-03-09,XQJ10000000026322528,订单明细20260329030442.xlsx
芙蓉王(硬闪带细支),350.0,300.0,1.0,300.0,2026-03-09,XQJ10000000026322528,订单明细20260329030442.xlsx
芙蓉王(硬闪带细支),350.0,300.0,1.0,300.0,2026-03-09,XQJ10000000026322528,订单明细20260329030442.xlsx
芙蓉王(绽放细支),400.0,339.2,1.0,339.2,2026-03-09,XQJ10000000026322528,订单明细20260329030442.xlsx
芙蓉王(绽放细支),400.0,339.2,1.0,339.2,2026-03-09,XQJ10000000026322528,订单明细20260329030442.xlsx
芙蓉王(绽放细支),400.0,339.2,1.0,339.2,2026-03-09,XQJ10000000026322528,订单明细20260329030442.xlsx
芙蓉王(绽放细支),400.0,339.2,1.0,339.2,2026-03-09,XQJ10000000026322528,订单明细20260329030442.xlsx
芙蓉王(绽放细支),400.0,339.2,1.0,339.2,2026-03-09,XQJ10000000026322528,订单明细20260329030442.xlsx
芙蓉王(绽放细支),400.0,339.2,1.0,339.2,2026-03-09,XQJ10000000026322528,订单明细20260329030442.xlsx
芙蓉王(锦绣),500.0,381.6,1.0,381.6,2026-03-09,XQJ10000000026322528,订单明细20260329030442.xlsx
芙蓉王(锦绣),500.0,381.6,1.0,381.6,2026-03-09,XQJ10000000026322528,订单明细20260329030442.xlsx
芙蓉王(锦绣),500.0,381.6,1.0,381.6,2026-03-09,XQJ10000000026322528,订单明细20260329030442.xlsx
芙蓉王(锦绣),500.0,381.6,1.0,381.6,2026-03-09,XQJ10000000026322528,订单明细20260329030442.xlsx
芙蓉王(锦绣),500.0,381.6,1.0,381.6,2026-03-09,XQJ10000000026322528,订单明细20260329030442.xlsx
芙蓉王(锦绣),500.0,381.6,1.0,381.6,2026-03-09,XQJ10000000026322528,订单明细20260329030442.xlsx
贵烟(跨越),250.0,201.4,0.0,0.0,2026-03-09,XQJ10000000026322528,订单明细20260329030442.xlsx
贵烟(跨越),250.0,201.4,0.0,0.0,2026-03-09,XQJ10000000026322528,订单明细20260329030442.xlsx
贵烟(跨越),250.0,201.4,0.0,0.0,2026-03-09,XQJ10000000026322528,订单明细20260329030442.xlsx
贵烟(跨越),250.0,201.4,0.0,0.0,2026-03-09,XQJ10000000026322528,订单明细20260329030442.xlsx
贵烟(跨越),250.0,201.4,0.0,0.0,2026-03-09,XQJ10000000026322528,订单明细20260329030442.xlsx
贵烟(跨越),250.0,201.4,0.0,0.0,2026-03-09,XQJ10000000026322528,订单明细20260329030442.xlsx
金桥(炫影细支),260.0,225.0,1.0,225.0,2026-03-09,XQJ10000000026322528,订单明细20260329030442.xlsx
金桥(炫影细支),260.0,225.0,1.0,225.0,2026-03-09,XQJ10000000026322528,订单明细20260329030442.xlsx
金桥(炫影细支),260.0,225.0,1.0,225.0,2026-03-09,XQJ10000000026322528,订单明细20260329030442.xlsx
金桥(炫影细支),260.0,225.0,1.0,225.0,2026-03-09,XQJ10000000026322528,订单明细20260329030442.xlsx
金桥(炫影细支),260.0,225.0,1.0,225.0,2026-03-09,XQJ10000000026322528,订单明细20260329030442.xlsx
金桥(炫影细支),260.0,225.0,1.0,225.0,2026-03-09,XQJ10000000026322528,订单明细20260329030442.xlsx
长白山(777),150.0,121.9,1.0,121.9,2026-03-09,XQJ10000000026322528,订单明细20260329030442.xlsx
长白山(777),150.0,121.9,1.0,121.9,2026-03-09,XQJ10000000026322528,订单明细20260329030442.xlsx
长白山(777),150.0,121.9,1.0,121.9,2026-03-09,XQJ10000000026322528,订单明细20260329030442.xlsx
长白山(777),150.0,121.9,1.0,121.9,2026-03-09,XQJ10000000026322528,订单明细20260329030442.xlsx
长白山(777),150.0,121.9,1.0,121.9,2026-03-09,XQJ10000000026322528,订单明细20260329030442.xlsx
长白山(777),150.0,121.9,1.0,121.9,2026-03-09,XQJ10000000026322528,订单明细20260329030442.xlsx
长白山(蓝尚),180.0,158.0,0.0,0.0,2026-03-09,XQJ10000000026322528,订单明细20260329030442.xlsx
长白山(蓝尚),180.0,158.0,0.0,0.0,2026-03-09,XQJ10000000026322528,订单明细20260329030442.xlsx
长白山(蓝尚),180.0,158.0,0.0,0.0,2026-03-09,XQJ10000000026322528,订单明细20260329030442.xlsx
长白山(蓝尚),180.0,158.0,0.0,0.0,2026-03-09,XQJ10000000026322528,订单明细20260329030442.xlsx
长白山(蓝尚),180.0,158.0,0.0,0.0,2026-03-09,XQJ10000000026322528,订单明细20260329030442.xlsx
长白山(蓝尚),180.0,158.0,0.0,0.0,2026-03-09,XQJ10000000026322528,订单明细20260329030442.xlsx
黄山(新制皖烟),140.0,121.9,1.0,121.9,2026-03-09,XQJ10000000026322528,订单明细20260329030442.xlsx
黄山(新制皖烟),140.0,121.9,1.0,121.9,2026-03-09,XQJ10000000026322528,订单明细20260329030442.xlsx
黄山(新制皖烟),140.0,121.9,1.0,121.9,2026-03-09,XQJ10000000026322528,订单明细20260329030442.xlsx
黄山(新制皖烟),140.0,121.9,1.0,121.9,2026-03-09,XQJ10000000026322528,订单明细20260329030442.xlsx
黄山(新制皖烟),140.0,121.9,1.0,121.9,2026-03-09,XQJ10000000026322528,订单明细20260329030442.xlsx
黄山(新制皖烟),140.0,121.9,1.0,121.9,2026-03-09,XQJ10000000026322528,订单明细20260329030442.xlsx
黄果树(佳品),70.0,61.5,1.0,61.5,2026-03-09,XQJ10000000026322528,订单明细20260329030442.xlsx
黄果树(佳品),70.0,61.5,1.0,61.5,2026-03-09,XQJ10000000026322528,订单明细20260329030442.xlsx
黄果树(佳品),70.0,61.5,1.0,61.5,2026-03-09,XQJ10000000026322528,订单明细20260329030442.xlsx
黄果树(佳品),70.0,61.5,1.0,61.5,2026-03-09,XQJ10000000026322528,订单明细20260329030442.xlsx
黄果树(佳品),70.0,61.5,1.0,61.5,2026-03-09,XQJ10000000026322528,订单明细20260329030442.xlsx
黄果树(佳品),70.0,61.5,1.0,61.5,2026-03-09,XQJ10000000026322528,订单明细20260329030442.xlsx
黄金叶(乐途),140.0,121.9,2.0,243.8,2026-03-09,XQJ10000000026322528,订单明细20260329030442.xlsx
黄金叶(乐途),140.0,121.9,2.0,243.8,2026-03-09,XQJ10000000026322528,订单明细20260329030442.xlsx
黄金叶(乐途),140.0,121.9,2.0,243.8,2026-03-09,XQJ10000000026322528,订单明细20260329030442.xlsx
黄金叶(乐途),140.0,121.9,2.0,243.8,2026-03-09,XQJ10000000026322528,订单明细20260329030442.xlsx
黄金叶(乐途),140.0,121.9,2.0,243.8,2026-03-09,XQJ10000000026322528,订单明细20260329030442.xlsx
黄金叶(乐途),140.0,121.9,2.0,243.8,2026-03-09,XQJ10000000026322528,订单明细20260329030442.xlsx
黄金叶(商鼎),200.0,175.0,1.0,175.0,2026-03-09,XQJ10000000026322528,订单明细20260329030442.xlsx
黄金叶(商鼎),200.0,175.0,1.0,175.0,2026-03-09,XQJ10000000026322528,订单明细20260329030442.xlsx
黄金叶(商鼎),200.0,175.0,1.0,175.0,2026-03-09,XQJ10000000026322528,订单明细20260329030442.xlsx
黄金叶(商鼎),200.0,175.0,1.0,175.0,2026-03-09,XQJ10000000026322528,订单明细20260329030442.xlsx
黄金叶(商鼎),200.0,175.0,1.0,175.0,2026-03-09,XQJ10000000026322528,订单明细20260329030442.xlsx
黄金叶(商鼎),200.0,175.0,1.0,175.0,2026-03-09,XQJ10000000026322528,订单明细20260329030442.xlsx
黄金叶(爱尚),160.0,139.92,0.0,0.0,2026-03-09,XQJ10000000026322528,订单明细20260329030442.xlsx
黄金叶(爱尚),160.0,139.92,0.0,0.0,2026-03-09,XQJ10000000026322528,订单明细20260329030442.xlsx
黄金叶(爱尚),160.0,139.92,0.0,0.0,2026-03-09,XQJ10000000026322528,订单明细20260329030442.xlsx
黄金叶(爱尚),160.0,139.92,0.0,0.0,2026-03-09,XQJ10000000026322528,订单明细20260329030442.xlsx
黄金叶(爱尚),160.0,139.92,0.0,0.0,2026-03-09,XQJ10000000026322528,订单明细20260329030442.xlsx
黄金叶(爱尚),160.0,139.92,0.0,0.0,2026-03-09,XQJ10000000026322528,订单明细20260329030442.xlsx
黄鹤楼(软蓝),190.0,164.3,0.0,0.0,2026-03-09,XQJ10000000026322528,订单明细20260329030442.xlsx
黄鹤楼(软蓝),190.0,164.3,0.0,0.0,2026-03-09,XQJ10000000026322528,订单明细20260329030442.xlsx
黄鹤楼(软蓝),190.0,164.3,0.0,0.0,2026-03-09,XQJ10000000026322528,订单明细20260329030442.xlsx
黄鹤楼(软蓝),190.0,164.3,0.0,0.0,2026-03-09,XQJ10000000026322528,订单明细20260329030442.xlsx
黄鹤楼(软蓝),190.0,164.3,0.0,0.0,2026-03-09,XQJ10000000026322528,订单明细20260329030442.xlsx
黄鹤楼(软蓝),190.0,164.3,0.0,0.0,2026-03-09,XQJ10000000026322528,订单明细20260329030442.xlsx
555(冰炫),240.0,216.05,0.0,0.0,2026-03-16,XQJ10000000026346142,订单明细20260329030437.xlsx
555(冰炫),240.0,216.05,0.0,0.0,2026-03-16,XQJ10000000026346142,订单明细20260329030437.xlsx
555(冰炫),240.0,216.05,0.0,0.0,2026-03-16,XQJ10000000026346142,订单明细20260329030437.xlsx
555(冰炫),240.0,216.05,0.0,0.0,2026-03-16,XQJ10000000026346142,订单明细20260329030437.xlsx
555(冰炫),240.0,216.05,0.0,0.0,2026-03-16,XQJ10000000026346142,订单明细20260329030437.xlsx
555(冰炫),240.0,216.05,0.0,0.0,2026-03-16,XQJ10000000026346142,订单明细20260329030437.xlsx
555(双冰),320.0,271.07,0.0,0.0,2026-03-16,XQJ10000000026346142,订单明细20260329030437.xlsx
555(双冰),320.0,271.07,0.0,0.0,2026-03-16,XQJ10000000026346142,订单明细20260329030437.xlsx
555(双冰),320.0,271.07,0.0,0.0,2026-03-16,XQJ10000000026346142,订单明细20260329030437.xlsx
555(双冰),320.0,271.07,0.0,0.0,2026-03-16,XQJ10000000026346142,订单明细20260329030437.xlsx
555(双冰),320.0,271.07,0.0,0.0,2026-03-16,XQJ10000000026346142,订单明细20260329030437.xlsx
555(双冰),320.0,271.07,0.0,0.0,2026-03-16,XQJ10000000026346142,订单明细20260329030437.xlsx
七匹狼(纯境),160.0,143.1,0.0,0.0,2026-03-16,XQJ10000000026346142,订单明细20260329030437.xlsx
七匹狼(纯境),160.0,143.1,0.0,0.0,2026-03-16,XQJ10000000026346142,订单明细20260329030437.xlsx
七匹狼(纯境),160.0,143.1,0.0,0.0,2026-03-16,XQJ10000000026346142,订单明细20260329030437.xlsx
七匹狼(纯境),160.0,143.1,0.0,0.0,2026-03-16,XQJ10000000026346142,订单明细20260329030437.xlsx
七匹狼(纯境),160.0,143.1,0.0,0.0,2026-03-16,XQJ10000000026346142,订单明细20260329030437.xlsx
七匹狼(纯境),160.0,143.1,0.0,0.0,2026-03-16,XQJ10000000026346142,订单明细20260329030437.xlsx
七匹狼(银中支),230.0,201.4,0.0,0.0,2026-03-16,XQJ10000000026346142,订单明细20260329030437.xlsx
七匹狼(银中支),230.0,201.4,0.0,0.0,2026-03-16,XQJ10000000026346142,订单明细20260329030437.xlsx
七匹狼(银中支),230.0,201.4,0.0,0.0,2026-03-16,XQJ10000000026346142,订单明细20260329030437.xlsx
七匹狼(银中支),230.0,201.4,0.0,0.0,2026-03-16,XQJ10000000026346142,订单明细20260329030437.xlsx
七匹狼(银中支),230.0,201.4,0.0,0.0,2026-03-16,XQJ10000000026346142,订单明细20260329030437.xlsx
七匹狼(银中支),230.0,201.4,0.0,0.0,2026-03-16,XQJ10000000026346142,订单明细20260329030437.xlsx
万宝路(硬冰爵2.0）,260.0,225.0,0.0,0.0,2026-03-16,XQJ10000000026346142,订单明细20260329030437.xlsx
万宝路(硬冰爵2.0）,260.0,225.0,0.0,0.0,2026-03-16,XQJ10000000026346142,订单明细20260329030437.xlsx
万宝路(硬冰爵2.0）,260.0,225.0,0.0,0.0,2026-03-16,XQJ10000000026346142,订单明细20260329030437.xlsx
万宝路(硬冰爵2.0）,260.0,225.0,0.0,0.0,2026-03-16,XQJ10000000026346142,订单明细20260329030437.xlsx
万宝路(硬冰爵2.0）,260.0,225.0,0.0,0.0,2026-03-16,XQJ10000000026346142,订单明细20260329030437.xlsx
万宝路(硬冰爵2.0）,260.0,225.0,0.0,0.0,2026-03-16,XQJ10000000026346142,订单明细20260329030437.xlsx
万宝路(软红2.0),160.0,143.1,0.0,0.0,2026-03-16,XQJ10000000026346142,订单明细20260329030437.xlsx
万宝路(软红2.0),160.0,143.1,0.0,0.0,2026-03-16,XQJ10000000026346142,订单明细20260329030437.xlsx
万宝路(软红2.0),160.0,143.1,0.0,0.0,2026-03-16,XQJ10000000026346142,订单明细20260329030437.xlsx
万宝路(软红2.0),160.0,143.1,0.0,0.0,2026-03-16,XQJ10000000026346142,订单明细20260329030437.xlsx
万宝路(软红2.0),160.0,143.1,0.0,0.0,2026-03-16,XQJ10000000026346142,订单明细20260329030437.xlsx
万宝路(软红2.0),160.0,143.1,0.0,0.0,2026-03-16,XQJ10000000026346142,订单明细20260329030437.xlsx
中华(双中支),500.0,424.0,0.0,0.0,2026-03-16,XQJ10000000026346142,订单明细20260329030437.xlsx
中华(双中支),500.0,424.0,0.0,0.0,2026-03-16,XQJ10000000026346142,订单明细20260329030437.xlsx
中华(双中支),500.0,424.0,0.0,0.0,2026-03-16,XQJ10000000026346142,订单明细20260329030437.xlsx
中华(双中支),500.0,424.0,0.0,0.0,2026-03-16,XQJ10000000026346142,订单明细20260329030437.xlsx
中华(双中支),500.0,424.0,0.0,0.0,2026-03-16,XQJ10000000026346142,订单明细20260329030437.xlsx
中华(双中支),500.0,424.0,0.0,0.0,2026-03-16,XQJ10000000026346142,订单明细20260329030437.xlsx
中华(细支),500.0,424.0,0.0,0.0,2026-03-16,XQJ10000000026346142,订单明细20260329030437.xlsx
中华(细支),500.0,424.0,0.0,0.0,2026-03-16,XQJ10000000026346142,订单明细20260329030437.xlsx
中华(细支),500.0,424.0,0.0,0.0,2026-03-16,XQJ10000000026346142,订单明细20260329030437.xlsx
中华(细支),500.0,424.0,0.0,0.0,2026-03-16,XQJ10000000026346142,订单明细20260329030437.xlsx
中华(细支),500.0,424.0,0.0,0.0,2026-03-16,XQJ10000000026346142,订单明细20260329030437.xlsx
中华(细支),500.0,424.0,0.0,0.0,2026-03-16,XQJ10000000026346142,订单明细20260329030437.xlsx
中华(细支3mg),1000.0,848.0,0.0,0.0,2026-03-16,XQJ10000000026346142,订单明细20260329030437.xlsx
中华(细支3mg),1000.0,848.0,0.0,0.0,2026-03-16,XQJ10000000026346142,订单明细20260329030437.xlsx
中华(细支3mg),1000.0,848.0,0.0,0.0,2026-03-16,XQJ10000000026346142,订单明细20260329030437.xlsx
中华(细支3mg),1000.0,848.0,0.0,0.0,2026-03-16,XQJ10000000026346142,订单明细20260329030437.xlsx
中华(细支3mg),1000.0,848.0,0.0,0.0,2026-03-16,XQJ10000000026346142,订单明细20260329030437.xlsx
中华(细支3mg),1000.0,848.0,0.0,0.0,2026-03-16,XQJ10000000026346142,订单明细20260329030437.xlsx
中华(细支6mg),600.0,510.0,0.0,0.0,2026-03-16,XQJ10000000026346142,订单明细20260329030437.xlsx
中华(细支6mg),600.0,510.0,0.0,0.0,2026-03-16,XQJ10000000026346142,订单明细20260329030437.xlsx
中华(细支6mg),600.0,510.0,0.0,0.0,2026-03-16,XQJ10000000026346142,订单明细20260329030437.xlsx
中华(细支6mg),600.0,510.0,0.0,0.0,2026-03-16,XQJ10000000026346142,订单明细20260329030437.xlsx
中华(细支6mg),600.0,510.0,0.0,0.0,2026-03-16,XQJ10000000026346142,订单明细20260329030437.xlsx
中华(细支6mg),600.0,510.0,0.0,0.0,2026-03-16,XQJ10000000026346142,订单明细20260329030437.xlsx
中华(软),700.0,583.0,0.0,0.0,2026-03-16,XQJ10000000026346142,订单明细20260329030437.xlsx
中华(软),700.0,583.0,0.0,0.0,2026-03-16,XQJ10000000026346142,订单明细20260329030437.xlsx
中华(软),700.0,583.0,0.0,0.0,2026-03-16,XQJ10000000026346142,订单明细20260329030437.xlsx
中华(软),700.0,583.0,0.0,0.0,2026-03-16,XQJ10000000026346142,订单明细20260329030437.xlsx
中华(软),700.0,583.0,0.0,0.0,2026-03-16,XQJ10000000026346142,订单明细20260329030437.xlsx
中华(软),700.0,583.0,0.0,0.0,2026-03-16,XQJ10000000026346142,订单明细20260329030437.xlsx
中华(金中支),1000.0,678.4,0.0,0.0,2026-03-16,XQJ10000000026346142,订单明细20260329030437.xlsx
中华(金中支),1000.0,678.4,0.0,0.0,2026-03-16,XQJ10000000026346142,订单明细20260329030437.xlsx
中华(金中支),1000.0,678.4,0.0,0.0,2026-03-16,XQJ10000000026346142,订单明细20260329030437.xlsx
中华(金中支),1000.0,678.4,0.0,0.0,2026-03-16,XQJ10000000026346142,订单明细20260329030437.xlsx
中华(金中支),1000.0,678.4,0.0,0.0,2026-03-16,XQJ10000000026346142,订单明细20260329030437.xlsx
中华(金中支),1000.0,678.4,0.0,0.0,2026-03-16,XQJ10000000026346142,订单明细20260329030437.xlsx
中华(金双中),600.0,510.0,0.0,0.0,2026-03-16,XQJ10000000026346142,订单明细20260329030437.xlsx
中华(金双中),600.0,510.0,0.0,0.0,2026-03-16,XQJ10000000026346142,订单明细20260329030437.xlsx
中华(金双中),600.0,510.0,0.0,0.0,2026-03-16,XQJ10000000026346142,订单明细20260329030437.xlsx
中华(金双中),600.0,510.0,0.0,0.0,2026-03-16,XQJ10000000026346142,订单明细20260329030437.xlsx
中华(金双中),600.0,510.0,0.0,0.0,2026-03-16,XQJ10000000026346142,订单明细20260329030437.xlsx
中华(金双中),600.0,510.0,0.0,0.0,2026-03-16,XQJ10000000026346142,订单明细20260329030437.xlsx
中华(金细支),800.0,678.4,0.0,0.0,2026-03-16,XQJ10000000026346142,订单明细20260329030437.xlsx
中华(金细支),800.0,678.4,0.0,0.0,2026-03-16,XQJ10000000026346142,订单明细20260329030437.xlsx
中华(金细支),800.0,678.4,0.0,0.0,2026-03-16,XQJ10000000026346142,订单明细20260329030437.xlsx
中华(金细支),800.0,678.4,0.0,0.0,2026-03-16,XQJ10000000026346142,订单明细20260329030437.xlsx
中华(金细支),800.0,678.4,0.0,0.0,2026-03-16,XQJ10000000026346142,订单明细20260329030437.xlsx
中华(金细支),800.0,678.4,0.0,0.0,2026-03-16,XQJ10000000026346142,订单明细20260329030437.xlsx
中南海(冰耀中支),230.0,201.4,1.0,201.4,2026-03-16,XQJ10000000026346142,订单明细20260329030437.xlsx
中南海(冰耀中支),230.0,201.4,1.0,201.4,2026-03-16,XQJ10000000026346142,订单明细20260329030437.xlsx
中南海(冰耀中支),230.0,201.4,1.0,201.4,2026-03-16,XQJ10000000026346142,订单明细20260329030437.xlsx
中南海(冰耀中支),230.0,201.4,1.0,201.4,2026-03-16,XQJ10000000026346142,订单明细20260329030437.xlsx
中南海(冰耀中支),230.0,201.4,1.0,201.4,2026-03-16,XQJ10000000026346142,订单明细20260329030437.xlsx
中南海(冰耀中支),230.0,201.4,1.0,201.4,2026-03-16,XQJ10000000026346142,订单明细20260329030437.xlsx
丹纳曼(圣安东尼奥罗布图),2200.0,1525.1,0.0,0.0,2026-03-16,XQJ10000000026346142,订单明细20260329030437.xlsx
丹纳曼(圣安东尼奥罗布图),2200.0,1525.1,0.0,0.0,2026-03-16,XQJ10000000026346142,订单明细20260329030437.xlsx
丹纳曼(圣安东尼奥罗布图),2200.0,1525.1,0.0,0.0,2026-03-16,XQJ10000000026346142,订单明细20260329030437.xlsx
丹纳曼(圣安东尼奥罗布图),2200.0,1525.1,0.0,0.0,2026-03-16,XQJ10000000026346142,订单明细20260329030437.xlsx
丹纳曼(圣安东尼奥罗布图),2200.0,1525.1,0.0,0.0,2026-03-16,XQJ10000000026346142,订单明细20260329030437.xlsx
丹纳曼(圣安东尼奥罗布图),2200.0,1525.1,0.0,0.0,2026-03-16,XQJ10000000026346142,订单明细20260329030437.xlsx
云烟(中支云龙),200.0,175.0,1.0,175.0,2026-03-16,XQJ10000000026346142,订单明细20260329030437.xlsx
云烟(中支云龙),200.0,175.0,1.0,175.0,2026-03-16,XQJ10000000026346142,订单明细20260329030437.xlsx
云烟(中支云龙),200.0,175.0,1.0,175.0,2026-03-16,XQJ10000000026346142,订单明细20260329030437.xlsx
云烟(中支云龙),200.0,175.0,1.0,175.0,2026-03-16,XQJ10000000026346142,订单明细20260329030437.xlsx
云烟(中支云龙),200.0,175.0,1.0,175.0,2026-03-16,XQJ10000000026346142,订单明细20260329030437.xlsx
云烟(中支云龙),200.0,175.0,1.0,175.0,2026-03-16,XQJ10000000026346142,订单明细20260329030437.xlsx
云烟(中支大重九),1000.0,848.0,0.0,0.0,2026-03-16,XQJ10000000026346142,订单明细20260329030437.xlsx
云烟(中支大重九),1000.0,848.0,0.0,0.0,2026-03-16,XQJ10000000026346142,订单明细20260329030437.xlsx
云烟(中支大重九),1000.0,848.0,0.0,0.0,2026-03-16,XQJ10000000026346142,订单明细20260329030437.xlsx
云烟(中支大重九),1000.0,848.0,0.0,0.0,2026-03-16,XQJ10000000026346142,订单明细20260329030437.xlsx
云烟(中支大重九),1000.0,848.0,0.0,0.0,2026-03-16,XQJ10000000026346142,订单明细20260329030437.xlsx
云烟(中支大重九),1000.0,848.0,0.0,0.0,2026-03-16,XQJ10000000026346142,订单明细20260329030437.xlsx
云烟(中支小重九),500.0,424.0,0.0,0.0,2026-03-16,XQJ10000000026346142,订单明细20260329030437.xlsx
云烟(中支小重九),500.0,424.0,0.0,0.0,2026-03-16,XQJ10000000026346142,订单明细20260329030437.xlsx
云烟(中支小重九),500.0,424.0,0.0,0.0,2026-03-16,XQJ10000000026346142,订单明细20260329030437.xlsx
云烟(中支小重九),500.0,424.0,0.0,0.0,2026-03-16,XQJ10000000026346142,订单明细20260329030437.xlsx
云烟(中支小重九),500.0,424.0,0.0,0.0,2026-03-16,XQJ10000000026346142,订单明细20260329030437.xlsx
云烟(中支小重九),500.0,424.0,0.0,0.0,2026-03-16,XQJ10000000026346142,订单明细20260329030437.xlsx
云烟(中支金腰带),300.0,263.0,2.0,526.0,2026-03-16,XQJ10000000026346142,订单明细20260329030437.xlsx
云烟(中支金腰带),300.0,263.0,2.0,526.0,2026-03-16,XQJ10000000026346142,订单明细20260329030437.xlsx
云烟(中支金腰带),300.0,263.0,2.0,526.0,2026-03-16,XQJ10000000026346142,订单明细20260329030437.xlsx
云烟(中支金腰带),300.0,263.0,2.0,526.0,2026-03-16,XQJ10000000026346142,订单明细20260329030437.xlsx
云烟(中支金腰带),300.0,263.0,2.0,526.0,2026-03-16,XQJ10000000026346142,订单明细20260329030437.xlsx
云烟(中支金腰带),300.0,263.0,2.0,526.0,2026-03-16,XQJ10000000026346142,订单明细20260329030437.xlsx
云烟(小熊猫家园),200.0,158.0,0.0,0.0,2026-03-16,XQJ10000000026346142,订单明细20260329030437.xlsx
云烟(小熊猫家园),200.0,158.0,0.0,0.0,2026-03-16,XQJ10000000026346142,订单明细20260329030437.xlsx
云烟(小熊猫家园),200.0,158.0,0.0,0.0,2026-03-16,XQJ10000000026346142,订单明细20260329030437.xlsx
云烟(小熊猫家园),200.0,158.0,0.0,0.0,2026-03-16,XQJ10000000026346142,订单明细20260329030437.xlsx
云烟(小熊猫家园),200.0,158.0,0.0,0.0,2026-03-16,XQJ10000000026346142,订单明细20260329030437.xlsx
云烟(小熊猫家园),200.0,158.0,0.0,0.0,2026-03-16,XQJ10000000026346142,订单明细20260329030437.xlsx
云烟(流金印象细支),450.0,381.6,2.0,763.2,2026-03-16,XQJ10000000026346142,订单明细20260329030437.xlsx
云烟(流金印象细支),450.0,381.6,2.0,763.2,2026-03-16,XQJ10000000026346142,订单明细20260329030437.xlsx
云烟(流金印象细支),450.0,381.6,2.0,763.2,2026-03-16,XQJ10000000026346142,订单明细20260329030437.xlsx
云烟(流金印象细支),450.0,381.6,2.0,763.2,2026-03-16,XQJ10000000026346142,订单明细20260329030437.xlsx
云烟(流金印象细支),450.0,381.6,2.0,763.2,2026-03-16,XQJ10000000026346142,订单明细20260329030437.xlsx
云烟(流金印象细支),450.0,381.6,2.0,763.2,2026-03-16,XQJ10000000026346142,订单明细20260329030437.xlsx
云烟(硬云龙),150.0,129.3,10.0,1293.0,2026-03-16,XQJ10000000026346142,订单明细20260329030437.xlsx
云烟(硬云龙),150.0,129.3,10.0,1293.0,2026-03-16,XQJ10000000026346142,订单明细20260329030437.xlsx
云烟(硬云龙),150.0,129.3,10.0,1293.0,2026-03-16,XQJ10000000026346142,订单明细20260329030437.xlsx
云烟(硬云龙),150.0,129.3,10.0,1293.0,2026-03-16,XQJ10000000026346142,订单明细20260329030437.xlsx
云烟(硬云龙),150.0,129.3,10.0,1293.0,2026-03-16,XQJ10000000026346142,订单明细20260329030437.xlsx
云烟(硬云龙),150.0,129.3,10.0,1293.0,2026-03-16,XQJ10000000026346142,订单明细20260329030437.xlsx
云烟(神秘花园),320.0,275.6,0.0,0.0,2026-03-16,XQJ10000000026346142,订单明细20260329030437.xlsx
云烟(神秘花园),320.0,275.6,0.0,0.0,2026-03-16,XQJ10000000026346142,订单明细20260329030437.xlsx
云烟(神秘花园),320.0,275.6,0.0,0.0,2026-03-16,XQJ10000000026346142,订单明细20260329030437.xlsx
云烟(神秘花园),320.0,275.6,0.0,0.0,2026-03-16,XQJ10000000026346142,订单明细20260329030437.xlsx
云烟(神秘花园),320.0,275.6,0.0,0.0,2026-03-16,XQJ10000000026346142,订单明细20260329030437.xlsx
云烟(神秘花园),320.0,275.6,0.0,0.0,2026-03-16,XQJ10000000026346142,订单明细20260329030437.xlsx
云烟(福),120.0,107.06,2.0,214.12,2026-03-16,XQJ10000000026346142,订单明细20260329030437.xlsx
云烟(福),120.0,107.06,2.0,214.12,2026-03-16,XQJ10000000026346142,订单明细20260329030437.xlsx
云烟(福),120.0,107.06,2.0,214.12,2026-03-16,XQJ10000000026346142,订单明细20260329030437.xlsx
云烟(福),120.0,107.06,2.0,214.12,2026-03-16,XQJ10000000026346142,订单明细20260329030437.xlsx
云烟(福),120.0,107.06,2.0,214.12,2026-03-16,XQJ10000000026346142,订单明细20260329030437.xlsx
云烟(福),120.0,107.06,2.0,214.12,2026-03-16,XQJ10000000026346142,订单明细20260329030437.xlsx
云烟(紫),130.0,114.5,2.0,229.0,2026-03-16,XQJ10000000026346142,订单明细20260329030437.xlsx
云烟(紫),130.0,114.5,2.0,229.0,2026-03-16,XQJ10000000026346142,订单明细20260329030437.xlsx
云烟(紫),130.0,114.5,2.0,229.0,2026-03-16,XQJ10000000026346142,订单明细20260329030437.xlsx
云烟(紫),130.0,114.5,2.0,229.0,2026-03-16,XQJ10000000026346142,订单明细20260329030437.xlsx
云烟(紫),130.0,114.5,2.0,229.0,2026-03-16,XQJ10000000026346142,订单明细20260329030437.xlsx
云烟(紫),130.0,114.5,2.0,229.0,2026-03-16,XQJ10000000026346142,订单明细20260329030437.xlsx
云烟(细支云龙),150.0,129.3,10.0,1293.0,2026-03-16,XQJ10000000026346142,订单明细20260329030437.xlsx
云烟(细支云龙),150.0,129.3,10.0,1293.0,2026-03-16,XQJ10000000026346142,订单明细20260329030437.xlsx
云烟(细支云龙),150.0,129.3,10.0,1293.0,2026-03-16,XQJ10000000026346142,订单明细20260329030437.xlsx
云烟(细支云龙),150.0,129.3,10.0,1293.0,2026-03-16,XQJ10000000026346142,订单明细20260329030437.xlsx
云烟(细支云龙),150.0,129.3,10.0,1293.0,2026-03-16,XQJ10000000026346142,订单明细20260329030437.xlsx
云烟(细支云龙),150.0,129.3,10.0,1293.0,2026-03-16,XQJ10000000026346142,订单明细20260329030437.xlsx
云烟(细支大重九),1000.0,848.0,1.0,848.0,2026-03-16,XQJ10000000026346142,订单明细20260329030437.xlsx
云烟(细支大重九),1000.0,848.0,1.0,848.0,2026-03-16,XQJ10000000026346142,订单明细20260329030437.xlsx
云烟(细支大重九),1000.0,848.0,1.0,848.0,2026-03-16,XQJ10000000026346142,订单明细20260329030437.xlsx
云烟(细支大重九),1000.0,848.0,1.0,848.0,2026-03-16,XQJ10000000026346142,订单明细20260329030437.xlsx
云烟(细支大重九),1000.0,848.0,1.0,848.0,2026-03-16,XQJ10000000026346142,订单明细20260329030437.xlsx
云烟(细支大重九),1000.0,848.0,1.0,848.0,2026-03-16,XQJ10000000026346142,订单明细20260329030437.xlsx
云烟(细支小重九),500.0,424.0,0.0,0.0,2026-03-16,XQJ10000000026346142,订单明细20260329030437.xlsx
云烟(细支小重九),500.0,424.0,0.0,0.0,2026-03-16,XQJ10000000026346142,订单明细20260329030437.xlsx
云烟(细支小重九),500.0,424.0,0.0,0.0,2026-03-16,XQJ10000000026346142,订单明细20260329030437.xlsx
云烟(细支小重九),500.0,424.0,0.0,0.0,2026-03-16,XQJ10000000026346142,订单明细20260329030437.xlsx
云烟(细支小重九),500.0,424.0,0.0,0.0,2026-03-16,XQJ10000000026346142,订单明细20260329030437.xlsx
云烟(细支小重九),500.0,424.0,0.0,0.0,2026-03-16,XQJ10000000026346142,订单明细20260329030437.xlsx
云烟(细支灵感蘑菇),260.0,225.0,0.0,0.0,2026-03-16,XQJ10000000026346142,订单明细20260329030437.xlsx
云烟(细支灵感蘑菇),260.0,225.0,0.0,0.0,2026-03-16,XQJ10000000026346142,订单明细20260329030437.xlsx
云烟(细支灵感蘑菇),260.0,225.0,0.0,0.0,2026-03-16,XQJ10000000026346142,订单明细20260329030437.xlsx
云烟(细支灵感蘑菇),260.0,225.0,0.0,0.0,2026-03-16,XQJ10000000026346142,订单明细20260329030437.xlsx
云烟(细支灵感蘑菇),260.0,225.0,0.0,0.0,2026-03-16,XQJ10000000026346142,订单明细20260329030437.xlsx
云烟(细支灵感蘑菇),260.0,225.0,0.0,0.0,2026-03-16,XQJ10000000026346142,订单明细20260329030437.xlsx
云烟(细支珍品),260.0,225.0,10.0,2250.0,2026-03-16,XQJ10000000026346142,订单明细20260329030437.xlsx
云烟(细支珍品),260.0,225.0,10.0,2250.0,2026-03-16,XQJ10000000026346142,订单明细20260329030437.xlsx
云烟(细支珍品),260.0,225.0,10.0,2250.0,2026-03-16,XQJ10000000026346142,订单明细20260329030437.xlsx
云烟(细支珍品),260.0,225.0,10.0,2250.0,2026-03-16,XQJ10000000026346142,订单明细20260329030437.xlsx
云烟(细支珍品),260.0,225.0,10.0,2250.0,2026-03-16,XQJ10000000026346142,订单明细20260329030437.xlsx
云烟(细支珍品),260.0,225.0,10.0,2250.0,2026-03-16,XQJ10000000026346142,订单明细20260329030437.xlsx
云烟(细支筋斗云),350.0,300.0,1.0,300.0,2026-03-16,XQJ10000000026346142,订单明细20260329030437.xlsx
云烟(细支筋斗云),350.0,300.0,1.0,300.0,2026-03-16,XQJ10000000026346142,订单明细20260329030437.xlsx
云烟(细支筋斗云),350.0,300.0,1.0,300.0,2026-03-16,XQJ10000000026346142,订单明细20260329030437.xlsx
云烟(细支筋斗云),350.0,300.0,1.0,300.0,2026-03-16,XQJ10000000026346142,订单明细20260329030437.xlsx
云烟(细支筋斗云),350.0,300.0,1.0,300.0,2026-03-16,XQJ10000000026346142,订单明细20260329030437.xlsx
云烟(细支筋斗云),350.0,300.0,1.0,300.0,2026-03-16,XQJ10000000026346142,订单明细20260329030437.xlsx
云烟(软印象烟庄),370.0,318.0,0.0,0.0,2026-03-16,XQJ10000000026346142,订单明细20260329030437.xlsx
云烟(软印象烟庄),370.0,318.0,0.0,0.0,2026-03-16,XQJ10000000026346142,订单明细20260329030437.xlsx
云烟(软印象烟庄),370.0,318.0,0.0,0.0,2026-03-16,XQJ10000000026346142,订单明细20260329030437.xlsx
云烟(软印象烟庄),370.0,318.0,0.0,0.0,2026-03-16,XQJ10000000026346142,订单明细20260329030437.xlsx
云烟(软印象烟庄),370.0,318.0,0.0,0.0,2026-03-16,XQJ10000000026346142,订单明细20260329030437.xlsx
云烟(软印象烟庄),370.0,318.0,0.0,0.0,2026-03-16,XQJ10000000026346142,订单明细20260329030437.xlsx
云烟(软大重九),1000.0,720.8,0.0,0.0,2026-03-16,XQJ10000000026346142,订单明细20260329030437.xlsx
云烟(软大重九),1000.0,720.8,0.0,0.0,2026-03-16,XQJ10000000026346142,订单明细20260329030437.xlsx
云烟(软大重九),1000.0,720.8,0.0,0.0,2026-03-16,XQJ10000000026346142,订单明细20260329030437.xlsx
云烟(软大重九),1000.0,720.8,0.0,0.0,2026-03-16,XQJ10000000026346142,订单明细20260329030437.xlsx
云烟(软大重九),1000.0,720.8,0.0,0.0,2026-03-16,XQJ10000000026346142,订单明细20260329030437.xlsx
云烟(软大重九),1000.0,720.8,0.0,0.0,2026-03-16,XQJ10000000026346142,订单明细20260329030437.xlsx
云烟(软珍品),230.0,206.7,0.0,0.0,2026-03-16,XQJ10000000026346142,订单明细20260329030437.xlsx
云烟(软珍品),230.0,206.7,0.0,0.0,2026-03-16,XQJ10000000026346142,订单明细20260329030437.xlsx
云烟(软珍品),230.0,206.7,0.0,0.0,2026-03-16,XQJ10000000026346142,订单明细20260329030437.xlsx
云烟(软珍品),230.0,206.7,0.0,0.0,2026-03-16,XQJ10000000026346142,订单明细20260329030437.xlsx
云烟(软珍品),230.0,206.7,0.0,0.0,2026-03-16,XQJ10000000026346142,订单明细20260329030437.xlsx
云烟(软珍品),230.0,206.7,0.0,0.0,2026-03-16,XQJ10000000026346142,订单明细20260329030437.xlsx
云烟(软礼印象),800.0,720.8,0.0,0.0,2026-03-16,XQJ10000000026346142,订单明细20260329030437.xlsx
云烟(软礼印象),800.0,720.8,0.0,0.0,2026-03-16,XQJ10000000026346142,订单明细20260329030437.xlsx
云烟(软礼印象),800.0,720.8,0.0,0.0,2026-03-16,XQJ10000000026346142,订单明细20260329030437.xlsx
云烟(软礼印象),800.0,720.8,0.0,0.0,2026-03-16,XQJ10000000026346142,订单明细20260329030437.xlsx
云烟(软礼印象),800.0,720.8,0.0,0.0,2026-03-16,XQJ10000000026346142,订单明细20260329030437.xlsx
云烟(软礼印象),800.0,720.8,0.0,0.0,2026-03-16,XQJ10000000026346142,订单明细20260329030437.xlsx
云烟(黑金刚印象),560.0,466.4,0.0,0.0,2026-03-16,XQJ10000000026346142,订单明细20260329030437.xlsx
云烟(黑金刚印象),560.0,466.4,0.0,0.0,2026-03-16,XQJ10000000026346142,订单明细20260329030437.xlsx
云烟(黑金刚印象),560.0,466.4,0.0,0.0,2026-03-16,XQJ10000000026346142,订单明细20260329030437.xlsx
云烟(黑金刚印象),560.0,466.4,0.0,0.0,2026-03-16,XQJ10000000026346142,订单明细20260329030437.xlsx
云烟(黑金刚印象),560.0,466.4,0.0,0.0,2026-03-16,XQJ10000000026346142,订单明细20260329030437.xlsx
云烟(黑金刚印象),560.0,466.4,0.0,0.0,2026-03-16,XQJ10000000026346142,订单明细20260329030437.xlsx
人民大会堂(硬红细支),160.0,139.92,0.0,0.0,2026-03-16,XQJ10000000026346142,订单明细20260329030437.xlsx
人民大会堂(硬红细支),160.0,139.92,0.0,0.0,2026-03-16,XQJ10000000026346142,订单明细20260329030437.xlsx
人民大会堂(硬红细支),160.0,139.92,0.0,0.0,2026-03-16,XQJ10000000026346142,订单明细20260329030437.xlsx
人民大会堂(硬红细支),160.0,139.92,0.0,0.0,2026-03-16,XQJ10000000026346142,订单明细20260329030437.xlsx
人民大会堂(硬红细支),160.0,139.92,0.0,0.0,2026-03-16,XQJ10000000026346142,订单明细20260329030437.xlsx
人民大会堂(硬红细支),160.0,139.92,0.0,0.0,2026-03-16,XQJ10000000026346142,订单明细20260329030437.xlsx
人民大会堂(红细支),260.0,225.0,0.0,0.0,2026-03-16,XQJ10000000026346142,订单明细20260329030437.xlsx
人民大会堂(红细支),260.0,225.0,0.0,0.0,2026-03-16,XQJ10000000026346142,订单明细20260329030437.xlsx
人民大会堂(红细支),260.0,225.0,0.0,0.0,2026-03-16,XQJ10000000026346142,订单明细20260329030437.xlsx
人民大会堂(红细支),260.0,225.0,0.0,0.0,2026-03-16,XQJ10000000026346142,订单明细20260329030437.xlsx
人民大会堂(红细支),260.0,225.0,0.0,0.0,2026-03-16,XQJ10000000026346142,订单明细20260329030437.xlsx
人民大会堂(红细支),260.0,225.0,0.0,0.0,2026-03-16,XQJ10000000026346142,订单明细20260329030437.xlsx
兰州(硬珍品),180.0,155.0,0.0,0.0,2026-03-16,XQJ10000000026346142,订单明细20260329030437.xlsx
兰州(硬珍品),180.0,155.0,0.0,0.0,2026-03-16,XQJ10000000026346142,订单明细20260329030437.xlsx
兰州(硬珍品),180.0,155.0,0.0,0.0,2026-03-16,XQJ10000000026346142,订单明细20260329030437.xlsx
兰州(硬珍品),180.0,155.0,0.0,0.0,2026-03-16,XQJ10000000026346142,订单明细20260329030437.xlsx
兰州(硬珍品),180.0,155.0,0.0,0.0,2026-03-16,XQJ10000000026346142,订单明细20260329030437.xlsx
兰州(硬珍品),180.0,155.0,0.0,0.0,2026-03-16,XQJ10000000026346142,订单明细20260329030437.xlsx
兰州(黑中支),300.0,263.0,0.0,0.0,2026-03-16,XQJ10000000026346142,订单明细20260329030437.xlsx
兰州(黑中支),300.0,263.0,0.0,0.0,2026-03-16,XQJ10000000026346142,订单明细20260329030437.xlsx
兰州(黑中支),300.0,263.0,0.0,0.0,2026-03-16,XQJ10000000026346142,订单明细20260329030437.xlsx
兰州(黑中支),300.0,263.0,0.0,0.0,2026-03-16,XQJ10000000026346142,订单明细20260329030437.xlsx
兰州(黑中支),300.0,263.0,0.0,0.0,2026-03-16,XQJ10000000026346142,订单明细20260329030437.xlsx
兰州(黑中支),300.0,263.0,0.0,0.0,2026-03-16,XQJ10000000026346142,订单明细20260329030437.xlsx
冬虫夏草(和润),600.0,424.0,0.0,0.0,2026-03-16,XQJ10000000026346142,订单明细20260329030437.xlsx
冬虫夏草(和润),600.0,424.0,0.0,0.0,2026-03-16,XQJ10000000026346142,订单明细20260329030437.xlsx
冬虫夏草(和润),600.0,424.0,0.0,0.0,2026-03-16,XQJ10000000026346142,订单明细20260329030437.xlsx
冬虫夏草(和润),600.0,424.0,0.0,0.0,2026-03-16,XQJ10000000026346142,订单明细20260329030437.xlsx
冬虫夏草(和润),600.0,424.0,0.0,0.0,2026-03-16,XQJ10000000026346142,订单明细20260329030437.xlsx
冬虫夏草(和润),600.0,424.0,0.0,0.0,2026-03-16,XQJ10000000026346142,订单明细20260329030437.xlsx
利群(休闲细支),1000.0,848.0,0.0,0.0,2026-03-16,XQJ10000000026346142,订单明细20260329030437.xlsx
利群(休闲细支),1000.0,848.0,0.0,0.0,2026-03-16,XQJ10000000026346142,订单明细20260329030437.xlsx
利群(休闲细支),1000.0,848.0,0.0,0.0,2026-03-16,XQJ10000000026346142,订单明细20260329030437.xlsx
利群(休闲细支),1000.0,848.0,0.0,0.0,2026-03-16,XQJ10000000026346142,订单明细20260329030437.xlsx
利群(休闲细支),1000.0,848.0,0.0,0.0,2026-03-16,XQJ10000000026346142,订单明细20260329030437.xlsx
利群(休闲细支),1000.0,848.0,0.0,0.0,2026-03-16,XQJ10000000026346142,订单明细20260329030437.xlsx
利群(新版),160.0,143.1,2.0,286.2,2026-03-16,XQJ10000000026346142,订单明细20260329030437.xlsx
利群(新版),160.0,143.1,2.0,286.2,2026-03-16,XQJ10000000026346142,订单明细20260329030437.xlsx
利群(新版),160.0,143.1,2.0,286.2,2026-03-16,XQJ10000000026346142,订单明细20260329030437.xlsx
利群(新版),160.0,143.1,2.0,286.2,2026-03-16,XQJ10000000026346142,订单明细20260329030437.xlsx
利群(新版),160.0,143.1,2.0,286.2,2026-03-16,XQJ10000000026346142,订单明细20260329030437.xlsx
利群(新版),160.0,143.1,2.0,286.2,2026-03-16,XQJ10000000026346142,订单明细20260329030437.xlsx
利群(江南韵),260.0,225.0,0.0,0.0,2026-03-16,XQJ10000000026346142,订单明细20260329030437.xlsx
利群(江南韵),260.0,225.0,0.0,0.0,2026-03-16,XQJ10000000026346142,订单明细20260329030437.xlsx
利群(江南韵),260.0,225.0,0.0,0.0,2026-03-16,XQJ10000000026346142,订单明细20260329030437.xlsx
利群(江南韵),260.0,225.0,0.0,0.0,2026-03-16,XQJ10000000026346142,订单明细20260329030437.xlsx
利群(江南韵),260.0,225.0,0.0,0.0,2026-03-16,XQJ10000000026346142,订单明细20260329030437.xlsx
利群(江南韵),260.0,225.0,0.0,0.0,2026-03-16,XQJ10000000026346142,订单明细20260329030437.xlsx
利群(西子阳光),310.0,275.6,0.0,0.0,2026-03-16,XQJ10000000026346142,订单明细20260329030437.xlsx
利群(西子阳光),310.0,275.6,0.0,0.0,2026-03-16,XQJ10000000026346142,订单明细20260329030437.xlsx
利群(西子阳光),310.0,275.6,0.0,0.0,2026-03-16,XQJ10000000026346142,订单明细20260329030437.xlsx
利群(西子阳光),310.0,275.6,0.0,0.0,2026-03-16,XQJ10000000026346142,订单明细20260329030437.xlsx
利群(西子阳光),310.0,275.6,0.0,0.0,2026-03-16,XQJ10000000026346142,订单明细20260329030437.xlsx
利群(西子阳光),310.0,275.6,0.0,0.0,2026-03-16,XQJ10000000026346142,订单明细20260329030437.xlsx
利群(软蓝),180.0,159.0,0.0,0.0,2026-03-16,XQJ10000000026346142,订单明细20260329030437.xlsx
利群(软蓝),180.0,159.0,0.0,0.0,2026-03-16,XQJ10000000026346142,订单明细20260329030437.xlsx
利群(软蓝),180.0,159.0,0.0,0.0,2026-03-16,XQJ10000000026346142,订单明细20260329030437.xlsx
利群(软蓝),180.0,159.0,0.0,0.0,2026-03-16,XQJ10000000026346142,订单明细20260329030437.xlsx
利群(软蓝),180.0,159.0,0.0,0.0,2026-03-16,XQJ10000000026346142,订单明细20260329030437.xlsx
利群(软蓝),180.0,159.0,0.0,0.0,2026-03-16,XQJ10000000026346142,订单明细20260329030437.xlsx
利群(软长嘴),360.0,318.0,0.0,0.0,2026-03-16,XQJ10000000026346142,订单明细20260329030437.xlsx
利群(软长嘴),360.0,318.0,0.0,0.0,2026-03-16,XQJ10000000026346142,订单明细20260329030437.xlsx
利群(软长嘴),360.0,318.0,0.0,0.0,2026-03-16,XQJ10000000026346142,订单明细20260329030437.xlsx
利群(软长嘴),360.0,318.0,0.0,0.0,2026-03-16,XQJ10000000026346142,订单明细20260329030437.xlsx
利群(软长嘴),360.0,318.0,0.0,0.0,2026-03-16,XQJ10000000026346142,订单明细20260329030437.xlsx
利群(软长嘴),360.0,318.0,0.0,0.0,2026-03-16,XQJ10000000026346142,订单明细20260329030437.xlsx
利群(长嘴),220.0,190.8,0.0,0.0,2026-03-16,XQJ10000000026346142,订单明细20260329030437.xlsx
利群(长嘴),220.0,190.8,0.0,0.0,2026-03-16,XQJ10000000026346142,订单明细20260329030437.xlsx
利群(长嘴),220.0,190.8,0.0,0.0,2026-03-16,XQJ10000000026346142,订单明细20260329030437.xlsx
利群(长嘴),220.0,190.8,0.0,0.0,2026-03-16,XQJ10000000026346142,订单明细20260329030437.xlsx
利群(长嘴),220.0,190.8,0.0,0.0,2026-03-16,XQJ10000000026346142,订单明细20260329030437.xlsx
利群(长嘴),220.0,190.8,0.0,0.0,2026-03-16,XQJ10000000026346142,订单明细20260329030437.xlsx
利群(阳光尊中支),400.0,339.2,0.0,0.0,2026-03-16,XQJ10000000026346142,订单明细20260329030437.xlsx
利群(阳光尊中支),400.0,339.2,0.0,0.0,2026-03-16,XQJ10000000026346142,订单明细20260329030437.xlsx
利群(阳光尊中支),400.0,339.2,0.0,0.0,2026-03-16,XQJ10000000026346142,订单明细20260329030437.xlsx
利群(阳光尊中支),400.0,339.2,0.0,0.0,2026-03-16,XQJ10000000026346142,订单明细20260329030437.xlsx
利群(阳光尊中支),400.0,339.2,0.0,0.0,2026-03-16,XQJ10000000026346142,订单明细20260329030437.xlsx
利群(阳光尊中支),400.0,339.2,0.0,0.0,2026-03-16,XQJ10000000026346142,订单明细20260329030437.xlsx
利群(阳光细支),400.0,339.2,0.0,0.0,2026-03-16,XQJ10000000026346142,订单明细20260329030437.xlsx
利群(阳光细支),400.0,339.2,0.0,0.0,2026-03-16,XQJ10000000026346142,订单明细20260329030437.xlsx
利群(阳光细支),400.0,339.2,0.0,0.0,2026-03-16,XQJ10000000026346142,订单明细20260329030437.xlsx
利群(阳光细支),400.0,339.2,0.0,0.0,2026-03-16,XQJ10000000026346142,订单明细20260329030437.xlsx
利群(阳光细支),400.0,339.2,0.0,0.0,2026-03-16,XQJ10000000026346142,订单明细20260329030437.xlsx
利群(阳光细支),400.0,339.2,0.0,0.0,2026-03-16,XQJ10000000026346142,订单明细20260329030437.xlsx
南京(十二钗薄荷),220.0,188.68,0.0,0.0,2026-03-16,XQJ10000000026346142,订单明细20260329030437.xlsx
南京(十二钗薄荷),220.0,188.68,0.0,0.0,2026-03-16,XQJ10000000026346142,订单明细20260329030437.xlsx
南京(十二钗薄荷),220.0,188.68,0.0,0.0,2026-03-16,XQJ10000000026346142,订单明细20260329030437.xlsx
南京(十二钗薄荷),220.0,188.68,0.0,0.0,2026-03-16,XQJ10000000026346142,订单明细20260329030437.xlsx
南京(十二钗薄荷),220.0,188.68,0.0,0.0,2026-03-16,XQJ10000000026346142,订单明细20260329030437.xlsx
南京(十二钗薄荷),220.0,188.68,0.0,0.0,2026-03-16,XQJ10000000026346142,订单明细20260329030437.xlsx
南京(大观园爆冰),300.0,263.0,0.0,0.0,2026-03-16,XQJ10000000026346142,订单明细20260329030437.xlsx
南京(大观园爆冰),300.0,263.0,0.0,0.0,2026-03-16,XQJ10000000026346142,订单明细20260329030437.xlsx
南京(大观园爆冰),300.0,263.0,0.0,0.0,2026-03-16,XQJ10000000026346142,订单明细20260329030437.xlsx
南京(大观园爆冰),300.0,263.0,0.0,0.0,2026-03-16,XQJ10000000026346142,订单明细20260329030437.xlsx
南京(大观园爆冰),300.0,263.0,0.0,0.0,2026-03-16,XQJ10000000026346142,订单明细20260329030437.xlsx
南京(大观园爆冰),300.0,263.0,0.0,0.0,2026-03-16,XQJ10000000026346142,订单明细20260329030437.xlsx
南京(梦都),200.0,175.0,0.0,0.0,2026-03-16,XQJ10000000026346142,订单明细20260329030437.xlsx
南京(梦都),200.0,175.0,0.0,0.0,2026-03-16,XQJ10000000026346142,订单明细20260329030437.xlsx
南京(梦都),200.0,175.0,0.0,0.0,2026-03-16,XQJ10000000026346142,订单明细20260329030437.xlsx
南京(梦都),200.0,175.0,0.0,0.0,2026-03-16,XQJ10000000026346142,订单明细20260329030437.xlsx
南京(梦都),200.0,175.0,0.0,0.0,2026-03-16,XQJ10000000026346142,订单明细20260329030437.xlsx
南京(梦都),200.0,175.0,0.0,0.0,2026-03-16,XQJ10000000026346142,订单明细20260329030437.xlsx
南京(炫赫门),180.0,155.0,1.0,155.0,2026-03-16,XQJ10000000026346142,订单明细20260329030437.xlsx
南京(炫赫门),180.0,155.0,1.0,155.0,2026-03-16,XQJ10000000026346142,订单明细20260329030437.xlsx
南京(炫赫门),180.0,155.0,1.0,155.0,2026-03-16,XQJ10000000026346142,订单明细20260329030437.xlsx
南京(炫赫门),180.0,155.0,1.0,155.0,2026-03-16,XQJ10000000026346142,订单明细20260329030437.xlsx
南京(炫赫门),180.0,155.0,1.0,155.0,2026-03-16,XQJ10000000026346142,订单明细20260329030437.xlsx
南京(炫赫门),180.0,155.0,1.0,155.0,2026-03-16,XQJ10000000026346142,订单明细20260329030437.xlsx
南京(细支九五),1000.0,678.4,0.0,0.0,2026-03-16,XQJ10000000026346142,订单明细20260329030437.xlsx
南京(细支九五),1000.0,678.4,0.0,0.0,2026-03-16,XQJ10000000026346142,订单明细20260329030437.xlsx
南京(细支九五),1000.0,678.4,0.0,0.0,2026-03-16,XQJ10000000026346142,订单明细20260329030437.xlsx
南京(细支九五),1000.0,678.4,0.0,0.0,2026-03-16,XQJ10000000026346142,订单明细20260329030437.xlsx
南京(细支九五),1000.0,678.4,0.0,0.0,2026-03-16,XQJ10000000026346142,订单明细20260329030437.xlsx
南京(细支九五),1000.0,678.4,0.0,0.0,2026-03-16,XQJ10000000026346142,订单明细20260329030437.xlsx
南京(软九五),1000.0,720.8,0.0,0.0,2026-03-16,XQJ10000000026346142,订单明细20260329030437.xlsx
南京(软九五),1000.0,720.8,0.0,0.0,2026-03-16,XQJ10000000026346142,订单明细20260329030437.xlsx
南京(软九五),1000.0,720.8,0.0,0.0,2026-03-16,XQJ10000000026346142,订单明细20260329030437.xlsx
南京(软九五),1000.0,720.8,0.0,0.0,2026-03-16,XQJ10000000026346142,订单明细20260329030437.xlsx
南京(软九五),1000.0,720.8,0.0,0.0,2026-03-16,XQJ10000000026346142,订单明细20260329030437.xlsx
南京(软九五),1000.0,720.8,0.0,0.0,2026-03-16,XQJ10000000026346142,订单明细20260329030437.xlsx
南京(雨花石),530.0,455.8,0.0,0.0,2026-03-16,XQJ10000000026346142,订单明细20260329030437.xlsx
南京(雨花石),530.0,455.8,0.0,0.0,2026-03-16,XQJ10000000026346142,订单明细20260329030437.xlsx
南京(雨花石),530.0,455.8,0.0,0.0,2026-03-16,XQJ10000000026346142,订单明细20260329030437.xlsx
南京(雨花石),530.0,455.8,0.0,0.0,2026-03-16,XQJ10000000026346142,订单明细20260329030437.xlsx
南京(雨花石),530.0,455.8,0.0,0.0,2026-03-16,XQJ10000000026346142,订单明细20260329030437.xlsx
南京(雨花石),530.0,455.8,0.0,0.0,2026-03-16,XQJ10000000026346142,订单明细20260329030437.xlsx
双喜(勿忘我),200.0,175.0,0.0,0.0,2026-03-16,XQJ10000000026346142,订单明细20260329030437.xlsx
双喜(勿忘我),200.0,175.0,0.0,0.0,2026-03-16,XQJ10000000026346142,订单明细20260329030437.xlsx
双喜(勿忘我),200.0,175.0,0.0,0.0,2026-03-16,XQJ10000000026346142,订单明细20260329030437.xlsx
双喜(勿忘我),200.0,175.0,0.0,0.0,2026-03-16,XQJ10000000026346142,订单明细20260329030437.xlsx
双喜(勿忘我),200.0,175.0,0.0,0.0,2026-03-16,XQJ10000000026346142,订单明细20260329030437.xlsx
双喜(勿忘我),200.0,175.0,0.0,0.0,2026-03-16,XQJ10000000026346142,订单明细20260329030437.xlsx
双喜(春天˙咖路里),260.0,225.0,1.0,225.0,2026-03-16,XQJ10000000026346142,订单明细20260329030437.xlsx
双喜(春天˙咖路里),260.0,225.0,1.0,225.0,2026-03-16,XQJ10000000026346142,订单明细20260329030437.xlsx
双喜(春天˙咖路里),260.0,225.0,1.0,225.0,2026-03-16,XQJ10000000026346142,订单明细20260329030437.xlsx
双喜(春天˙咖路里),260.0,225.0,1.0,225.0,2026-03-16,XQJ10000000026346142,订单明细20260329030437.xlsx
双喜(春天˙咖路里),260.0,225.0,1.0,225.0,2026-03-16,XQJ10000000026346142,订单明细20260329030437.xlsx
双喜(春天˙咖路里),260.0,225.0,1.0,225.0,2026-03-16,XQJ10000000026346142,订单明细20260329030437.xlsx
双喜(春天白月光),300.0,263.0,0.0,0.0,2026-03-16,XQJ10000000026346142,订单明细20260329030437.xlsx
双喜(春天白月光),300.0,263.0,0.0,0.0,2026-03-16,XQJ10000000026346142,订单明细20260329030437.xlsx
双喜(春天白月光),300.0,263.0,0.0,0.0,2026-03-16,XQJ10000000026346142,订单明细20260329030437.xlsx
双喜(春天白月光),300.0,263.0,0.0,0.0,2026-03-16,XQJ10000000026346142,订单明细20260329030437.xlsx
双喜(春天白月光),300.0,263.0,0.0,0.0,2026-03-16,XQJ10000000026346142,订单明细20260329030437.xlsx
双喜(春天白月光),300.0,263.0,0.0,0.0,2026-03-16,XQJ10000000026346142,订单明细20260329030437.xlsx
双喜(硬经典1906),170.0,150.52,0.0,0.0,2026-03-16,XQJ10000000026346142,订单明细20260329030437.xlsx
双喜(硬经典1906),170.0,150.52,0.0,0.0,2026-03-16,XQJ10000000026346142,订单明细20260329030437.xlsx
双喜(硬经典1906),170.0,150.52,0.0,0.0,2026-03-16,XQJ10000000026346142,订单明细20260329030437.xlsx
双喜(硬经典1906),170.0,150.52,0.0,0.0,2026-03-16,XQJ10000000026346142,订单明细20260329030437.xlsx
双喜(硬经典1906),170.0,150.52,0.0,0.0,2026-03-16,XQJ10000000026346142,订单明细20260329030437.xlsx
双喜(硬经典1906),170.0,150.52,0.0,0.0,2026-03-16,XQJ10000000026346142,订单明细20260329030437.xlsx
大华(硬开元),280.0,245.0,0.0,0.0,2026-03-16,XQJ10000000026346142,订单明细20260329030437.xlsx
大华(硬开元),280.0,245.0,0.0,0.0,2026-03-16,XQJ10000000026346142,订单明细20260329030437.xlsx
大华(硬开元),280.0,245.0,0.0,0.0,2026-03-16,XQJ10000000026346142,订单明细20260329030437.xlsx
大华(硬开元),280.0,245.0,0.0,0.0,2026-03-16,XQJ10000000026346142,订单明细20260329030437.xlsx
大华(硬开元),280.0,245.0,0.0,0.0,2026-03-16,XQJ10000000026346142,订单明细20260329030437.xlsx
大华(硬开元),280.0,245.0,0.0,0.0,2026-03-16,XQJ10000000026346142,订单明细20260329030437.xlsx
大卫杜夫(经典2号),4750.0,3310.75,0.0,0.0,2026-03-16,XQJ10000000026346142,订单明细20260329030437.xlsx
大卫杜夫(经典2号),4750.0,3310.75,0.0,0.0,2026-03-16,XQJ10000000026346142,订单明细20260329030437.xlsx
大卫杜夫(经典2号),4750.0,3310.75,0.0,0.0,2026-03-16,XQJ10000000026346142,订单明细20260329030437.xlsx
大卫杜夫(经典2号),4750.0,3310.75,0.0,0.0,2026-03-16,XQJ10000000026346142,订单明细20260329030437.xlsx
大卫杜夫(经典2号),4750.0,3310.75,0.0,0.0,2026-03-16,XQJ10000000026346142,订单明细20260329030437.xlsx
大卫杜夫(经典2号),4750.0,3310.75,0.0,0.0,2026-03-16,XQJ10000000026346142,订单明细20260329030437.xlsx
大卫杜夫(至暗时刻罗伯斯特),7000.0,4959.0,0.0,0.0,2026-03-16,XQJ10000000026346142,订单明细20260329030437.xlsx
大卫杜夫(至暗时刻罗伯斯特),7000.0,4959.0,0.0,0.0,2026-03-16,XQJ10000000026346142,订单明细20260329030437.xlsx
大卫杜夫(至暗时刻罗伯斯特),7000.0,4959.0,0.0,0.0,2026-03-16,XQJ10000000026346142,订单明细20260329030437.xlsx
大卫杜夫(至暗时刻罗伯斯特),7000.0,4959.0,0.0,0.0,2026-03-16,XQJ10000000026346142,订单明细20260329030437.xlsx
大卫杜夫(至暗时刻罗伯斯特),7000.0,4959.0,0.0,0.0,2026-03-16,XQJ10000000026346142,订单明细20260329030437.xlsx
大卫杜夫(至暗时刻罗伯斯特),7000.0,4959.0,0.0,0.0,2026-03-16,XQJ10000000026346142,订单明细20260329030437.xlsx
天子(中支),250.0,201.4,0.0,0.0,2026-03-16,XQJ10000000026346142,订单明细20260329030437.xlsx
天子(中支),250.0,201.4,0.0,0.0,2026-03-16,XQJ10000000026346142,订单明细20260329030437.xlsx
天子(中支),250.0,201.4,0.0,0.0,2026-03-16,XQJ10000000026346142,订单明细20260329030437.xlsx
天子(中支),250.0,201.4,0.0,0.0,2026-03-16,XQJ10000000026346142,订单明细20260329030437.xlsx
天子(中支),250.0,201.4,0.0,0.0,2026-03-16,XQJ10000000026346142,订单明细20260329030437.xlsx
天子(中支),250.0,201.4,0.0,0.0,2026-03-16,XQJ10000000026346142,订单明细20260329030437.xlsx
天子(硬珍品龙凤呈祥),210.0,180.2,0.0,0.0,2026-03-16,XQJ10000000026346142,订单明细20260329030437.xlsx
天子(硬珍品龙凤呈祥),210.0,180.2,0.0,0.0,2026-03-16,XQJ10000000026346142,订单明细20260329030437.xlsx
天子(硬珍品龙凤呈祥),210.0,180.2,0.0,0.0,2026-03-16,XQJ10000000026346142,订单明细20260329030437.xlsx
天子(硬珍品龙凤呈祥),210.0,180.2,0.0,0.0,2026-03-16,XQJ10000000026346142,订单明细20260329030437.xlsx
天子(硬珍品龙凤呈祥),210.0,180.2,0.0,0.0,2026-03-16,XQJ10000000026346142,订单明细20260329030437.xlsx
天子(硬珍品龙凤呈祥),210.0,180.2,0.0,0.0,2026-03-16,XQJ10000000026346142,订单明细20260329030437.xlsx
天子(金),200.0,167.48,0.0,0.0,2026-03-16,XQJ10000000026346142,订单明细20260329030437.xlsx
天子(金),200.0,167.48,0.0,0.0,2026-03-16,XQJ10000000026346142,订单明细20260329030437.xlsx
天子(金),200.0,167.48,0.0,0.0,2026-03-16,XQJ10000000026346142,订单明细20260329030437.xlsx
天子(金),200.0,167.48,0.0,0.0,2026-03-16,XQJ10000000026346142,订单明细20260329030437.xlsx
天子(金),200.0,167.48,0.0,0.0,2026-03-16,XQJ10000000026346142,订单明细20260329030437.xlsx
天子(金),200.0,167.48,0.0,0.0,2026-03-16,XQJ10000000026346142,订单明细20260329030437.xlsx
好猫(细支长乐),160.0,139.92,0.0,0.0,2026-03-16,XQJ10000000026346142,订单明细20260329030437.xlsx
好猫(细支长乐),160.0,139.92,0.0,0.0,2026-03-16,XQJ10000000026346142,订单明细20260329030437.xlsx
好猫(细支长乐),160.0,139.92,0.0,0.0,2026-03-16,XQJ10000000026346142,订单明细20260329030437.xlsx
好猫(细支长乐),160.0,139.92,0.0,0.0,2026-03-16,XQJ10000000026346142,订单明细20260329030437.xlsx
好猫(细支长乐),160.0,139.92,0.0,0.0,2026-03-16,XQJ10000000026346142,订单明细20260329030437.xlsx
好猫(细支长乐),160.0,139.92,0.0,0.0,2026-03-16,XQJ10000000026346142,订单明细20260329030437.xlsx
好猫(长乐九美),200.0,175.0,0.0,0.0,2026-03-16,XQJ10000000026346142,订单明细20260329030437.xlsx
好猫(长乐九美),200.0,175.0,0.0,0.0,2026-03-16,XQJ10000000026346142,订单明细20260329030437.xlsx
好猫(长乐九美),200.0,175.0,0.0,0.0,2026-03-16,XQJ10000000026346142,订单明细20260329030437.xlsx
好猫(长乐九美),200.0,175.0,0.0,0.0,2026-03-16,XQJ10000000026346142,订单明细20260329030437.xlsx
好猫(长乐九美),200.0,175.0,0.0,0.0,2026-03-16,XQJ10000000026346142,订单明细20260329030437.xlsx
好猫(长乐九美),200.0,175.0,0.0,0.0,2026-03-16,XQJ10000000026346142,订单明细20260329030437.xlsx
威斯(小熊猫),100.0,88.0,0.0,0.0,2026-03-16,XQJ10000000026346142,订单明细20260329030437.xlsx
威斯(小熊猫),100.0,88.0,0.0,0.0,2026-03-16,XQJ10000000026346142,订单明细20260329030437.xlsx
威斯(小熊猫),100.0,88.0,0.0,0.0,2026-03-16,XQJ10000000026346142,订单明细20260329030437.xlsx
威斯(小熊猫),100.0,88.0,0.0,0.0,2026-03-16,XQJ10000000026346142,订单明细20260329030437.xlsx
威斯(小熊猫),100.0,88.0,0.0,0.0,2026-03-16,XQJ10000000026346142,订单明细20260329030437.xlsx
威斯(小熊猫),100.0,88.0,0.0,0.0,2026-03-16,XQJ10000000026346142,订单明细20260329030437.xlsx
娇子(X),110.0,97.0,1.0,97.0,2026-03-16,XQJ10000000026346142,订单明细20260329030437.xlsx
娇子(X),110.0,97.0,1.0,97.0,2026-03-16,XQJ10000000026346142,订单明细20260329030437.xlsx
娇子(X),110.0,97.0,1.0,97.0,2026-03-16,XQJ10000000026346142,订单明细20260329030437.xlsx
娇子(X),110.0,97.0,1.0,97.0,2026-03-16,XQJ10000000026346142,订单明细20260329030437.xlsx
娇子(X),110.0,97.0,1.0,97.0,2026-03-16,XQJ10000000026346142,订单明细20260329030437.xlsx
娇子(X),110.0,97.0,1.0,97.0,2026-03-16,XQJ10000000026346142,订单明细20260329030437.xlsx
娇子(宽窄锦上细支),300.0,263.0,0.0,0.0,2026-03-16,XQJ10000000026346142,订单明细20260329030437.xlsx
娇子(宽窄锦上细支),300.0,263.0,0.0,0.0,2026-03-16,XQJ10000000026346142,订单明细20260329030437.xlsx
娇子(宽窄锦上细支),300.0,263.0,0.0,0.0,2026-03-16,XQJ10000000026346142,订单明细20260329030437.xlsx
娇子(宽窄锦上细支),300.0,263.0,0.0,0.0,2026-03-16,XQJ10000000026346142,订单明细20260329030437.xlsx
娇子(宽窄锦上细支),300.0,263.0,0.0,0.0,2026-03-16,XQJ10000000026346142,订单明细20260329030437.xlsx
娇子(宽窄锦上细支),300.0,263.0,0.0,0.0,2026-03-16,XQJ10000000026346142,订单明细20260329030437.xlsx
娇子(格调细支),150.0,129.3,0.0,0.0,2026-03-16,XQJ10000000026346142,订单明细20260329030437.xlsx
娇子(格调细支),150.0,129.3,0.0,0.0,2026-03-16,XQJ10000000026346142,订单明细20260329030437.xlsx
娇子(格调细支),150.0,129.3,0.0,0.0,2026-03-16,XQJ10000000026346142,订单明细20260329030437.xlsx
娇子(格调细支),150.0,129.3,0.0,0.0,2026-03-16,XQJ10000000026346142,订单明细20260329030437.xlsx
娇子(格调细支),150.0,129.3,0.0,0.0,2026-03-16,XQJ10000000026346142,订单明细20260329030437.xlsx
娇子(格调细支),150.0,129.3,0.0,0.0,2026-03-16,XQJ10000000026346142,订单明细20260329030437.xlsx
寂静(红点系列白色罗布图),5200.0,3619.8,0.0,0.0,2026-03-16,XQJ10000000026346142,订单明细20260329030437.xlsx
寂静(红点系列白色罗布图),5200.0,3619.8,0.0,0.0,2026-03-16,XQJ10000000026346142,订单明细20260329030437.xlsx
寂静(红点系列白色罗布图),5200.0,3619.8,0.0,0.0,2026-03-16,XQJ10000000026346142,订单明细20260329030437.xlsx
寂静(红点系列白色罗布图),5200.0,3619.8,0.0,0.0,2026-03-16,XQJ10000000026346142,订单明细20260329030437.xlsx
寂静(红点系列白色罗布图),5200.0,3619.8,0.0,0.0,2026-03-16,XQJ10000000026346142,订单明细20260329030437.xlsx
寂静(红点系列白色罗布图),5200.0,3619.8,0.0,0.0,2026-03-16,XQJ10000000026346142,订单明细20260329030437.xlsx
寂静(红点系列罗步图),3750.0,2681.75,0.0,0.0,2026-03-16,XQJ10000000026346142,订单明细20260329030437.xlsx
寂静(红点系列罗步图),3750.0,2681.75,0.0,0.0,2026-03-16,XQJ10000000026346142,订单明细20260329030437.xlsx
寂静(红点系列罗步图),3750.0,2681.75,0.0,0.0,2026-03-16,XQJ10000000026346142,订单明细20260329030437.xlsx
寂静(红点系列罗步图),3750.0,2681.75,0.0,0.0,2026-03-16,XQJ10000000026346142,订单明细20260329030437.xlsx
寂静(红点系列罗步图),3750.0,2681.75,0.0,0.0,2026-03-16,XQJ10000000026346142,订单明细20260329030437.xlsx
寂静(红点系列罗步图),3750.0,2681.75,0.0,0.0,2026-03-16,XQJ10000000026346142,订单明细20260329030437.xlsx
富恩特(唐·卡洛斯罗布图),7375.0,5900.0,0.0,0.0,2026-03-16,XQJ10000000026346142,订单明细20260329030437.xlsx
富恩特(唐·卡洛斯罗布图),7375.0,5900.0,0.0,0.0,2026-03-16,XQJ10000000026346142,订单明细20260329030437.xlsx
富恩特(唐·卡洛斯罗布图),7375.0,5900.0,0.0,0.0,2026-03-16,XQJ10000000026346142,订单明细20260329030437.xlsx
富恩特(唐·卡洛斯罗布图),7375.0,5900.0,0.0,0.0,2026-03-16,XQJ10000000026346142,订单明细20260329030437.xlsx
富恩特(唐·卡洛斯罗布图),7375.0,5900.0,0.0,0.0,2026-03-16,XQJ10000000026346142,订单明细20260329030437.xlsx
富恩特(唐·卡洛斯罗布图),7375.0,5900.0,0.0,0.0,2026-03-16,XQJ10000000026346142,订单明细20260329030437.xlsx
富恩特(海明威短篇小说),6375.0,5100.0,0.0,0.0,2026-03-16,XQJ10000000026346142,订单明细20260329030437.xlsx
富恩特(海明威短篇小说),6375.0,5100.0,0.0,0.0,2026-03-16,XQJ10000000026346142,订单明细20260329030437.xlsx
富恩特(海明威短篇小说),6375.0,5100.0,0.0,0.0,2026-03-16,XQJ10000000026346142,订单明细20260329030437.xlsx
富恩特(海明威短篇小说),6375.0,5100.0,0.0,0.0,2026-03-16,XQJ10000000026346142,订单明细20260329030437.xlsx
富恩特(海明威短篇小说),6375.0,5100.0,0.0,0.0,2026-03-16,XQJ10000000026346142,订单明细20260329030437.xlsx
富恩特(海明威短篇小说),6375.0,5100.0,0.0,0.0,2026-03-16,XQJ10000000026346142,订单明细20260329030437.xlsx
富恩特(热带雨林),3750.0,2896.5,0.0,0.0,2026-03-16,XQJ10000000026346142,订单明细20260329030437.xlsx
富恩特(热带雨林),3750.0,2896.5,0.0,0.0,2026-03-16,XQJ10000000026346142,订单明细20260329030437.xlsx
富恩特(热带雨林),3750.0,2896.5,0.0,0.0,2026-03-16,XQJ10000000026346142,订单明细20260329030437.xlsx
富恩特(热带雨林),3750.0,2896.5,0.0,0.0,2026-03-16,XQJ10000000026346142,订单明细20260329030437.xlsx
富恩特(热带雨林),3750.0,2896.5,0.0,0.0,2026-03-16,XQJ10000000026346142,订单明细20260329030437.xlsx
富恩特(热带雨林),3750.0,2896.5,0.0,0.0,2026-03-16,XQJ10000000026346142,订单明细20260329030437.xlsx
富恩特(玛瑙56),7375.0,5900.0,0.0,0.0,2026-03-16,XQJ10000000026346142,订单明细20260329030437.xlsx
富恩特(玛瑙56),7375.0,5900.0,0.0,0.0,2026-03-16,XQJ10000000026346142,订单明细20260329030437.xlsx
富恩特(玛瑙56),7375.0,5900.0,0.0,0.0,2026-03-16,XQJ10000000026346142,订单明细20260329030437.xlsx
富恩特(玛瑙56),7375.0,5900.0,0.0,0.0,2026-03-16,XQJ10000000026346142,订单明细20260329030437.xlsx
富恩特(玛瑙56),7375.0,5900.0,0.0,0.0,2026-03-16,XQJ10000000026346142,订单明细20260329030437.xlsx
富恩特(玛瑙56),7375.0,5900.0,0.0,0.0,2026-03-16,XQJ10000000026346142,订单明细20260329030437.xlsx
富恩特(珍藏858),1950.0,1549.3,0.0,0.0,2026-03-16,XQJ10000000026346142,订单明细20260329030437.xlsx
富恩特(珍藏858),1950.0,1549.3,0.0,0.0,2026-03-16,XQJ10000000026346142,订单明细20260329030437.xlsx
富恩特(珍藏858),1950.0,1549.3,0.0,0.0,2026-03-16,XQJ10000000026346142,订单明细20260329030437.xlsx
富恩特(珍藏858),1950.0,1549.3,0.0,0.0,2026-03-16,XQJ10000000026346142,订单明细20260329030437.xlsx
富恩特(珍藏858),1950.0,1549.3,0.0,0.0,2026-03-16,XQJ10000000026346142,订单明细20260329030437.xlsx
富恩特(珍藏858),1950.0,1549.3,0.0,0.0,2026-03-16,XQJ10000000026346142,订单明细20260329030437.xlsx
将军(大力神),400.0,260.0,0.0,0.0,2026-03-16,XQJ10000000026346142,订单明细20260329030437.xlsx
将军(大力神),400.0,260.0,0.0,0.0,2026-03-16,XQJ10000000026346142,订单明细20260329030437.xlsx
将军(大力神),400.0,260.0,0.0,0.0,2026-03-16,XQJ10000000026346142,订单明细20260329030437.xlsx
将军(大力神),400.0,260.0,0.0,0.0,2026-03-16,XQJ10000000026346142,订单明细20260329030437.xlsx
将军(大力神),400.0,260.0,0.0,0.0,2026-03-16,XQJ10000000026346142,订单明细20260329030437.xlsx
将军(大力神),400.0,260.0,0.0,0.0,2026-03-16,XQJ10000000026346142,订单明细20260329030437.xlsx
将军(战神),230.0,161.0,0.0,0.0,2026-03-16,XQJ10000000026346142,订单明细20260329030437.xlsx
将军(战神),230.0,161.0,0.0,0.0,2026-03-16,XQJ10000000026346142,订单明细20260329030437.xlsx
将军(战神),230.0,161.0,0.0,0.0,2026-03-16,XQJ10000000026346142,订单明细20260329030437.xlsx
将军(战神),230.0,161.0,0.0,0.0,2026-03-16,XQJ10000000026346142,订单明细20260329030437.xlsx
将军(战神),230.0,161.0,0.0,0.0,2026-03-16,XQJ10000000026346142,订单明细20260329030437.xlsx
将军(战神),230.0,161.0,0.0,0.0,2026-03-16,XQJ10000000026346142,订单明细20260329030437.xlsx
将军(战神荣耀),1000.0,720.0,0.0,0.0,2026-03-16,XQJ10000000026346142,订单明细20260329030437.xlsx
将军(战神荣耀),1000.0,720.0,0.0,0.0,2026-03-16,XQJ10000000026346142,订单明细20260329030437.xlsx
将军(战神荣耀),1000.0,720.0,0.0,0.0,2026-03-16,XQJ10000000026346142,订单明细20260329030437.xlsx
将军(战神荣耀),1000.0,720.0,0.0,0.0,2026-03-16,XQJ10000000026346142,订单明细20260329030437.xlsx
将军(战神荣耀),1000.0,720.0,0.0,0.0,2026-03-16,XQJ10000000026346142,订单明细20260329030437.xlsx
将军(战神荣耀),1000.0,720.0,0.0,0.0,2026-03-16,XQJ10000000026346142,订单明细20260329030437.xlsx
工字(红),110.0,86.0,0.0,0.0,2026-03-16,XQJ10000000026346142,订单明细20260329030437.xlsx
工字(红),110.0,86.0,0.0,0.0,2026-03-16,XQJ10000000026346142,订单明细20260329030437.xlsx
工字(红),110.0,86.0,0.0,0.0,2026-03-16,XQJ10000000026346142,订单明细20260329030437.xlsx
工字(红),110.0,86.0,0.0,0.0,2026-03-16,XQJ10000000026346142,订单明细20260329030437.xlsx
工字(红),110.0,86.0,0.0,0.0,2026-03-16,XQJ10000000026346142,订单明细20260329030437.xlsx
工字(红),110.0,86.0,0.0,0.0,2026-03-16,XQJ10000000026346142,订单明细20260329030437.xlsx
帕特加(喜维亚四号),6750.0,4784.0,0.0,0.0,2026-03-16,XQJ10000000026346142,订单明细20260329030437.xlsx
帕特加(喜维亚四号),6750.0,4784.0,0.0,0.0,2026-03-16,XQJ10000000026346142,订单明细20260329030437.xlsx
帕特加(喜维亚四号),6750.0,4784.0,0.0,0.0,2026-03-16,XQJ10000000026346142,订单明细20260329030437.xlsx
帕特加(喜维亚四号),6750.0,4784.0,0.0,0.0,2026-03-16,XQJ10000000026346142,订单明细20260329030437.xlsx
帕特加(喜维亚四号),6750.0,4784.0,0.0,0.0,2026-03-16,XQJ10000000026346142,订单明细20260329030437.xlsx
帕特加(喜维亚四号),6750.0,4784.0,0.0,0.0,2026-03-16,XQJ10000000026346142,订单明细20260329030437.xlsx
泰山(3G水蜜桃二代),180.0,136.2,0.0,0.0,2026-03-16,XQJ10000000026346142,订单明细20260329030437.xlsx
泰山(3G水蜜桃二代),180.0,136.2,0.0,0.0,2026-03-16,XQJ10000000026346142,订单明细20260329030437.xlsx
泰山(3G水蜜桃二代),180.0,136.2,0.0,0.0,2026-03-16,XQJ10000000026346142,订单明细20260329030437.xlsx
泰山(3G水蜜桃二代),180.0,136.2,0.0,0.0,2026-03-16,XQJ10000000026346142,订单明细20260329030437.xlsx
泰山(3G水蜜桃二代),180.0,136.2,0.0,0.0,2026-03-16,XQJ10000000026346142,订单明细20260329030437.xlsx
泰山(3G水蜜桃二代),180.0,136.2,0.0,0.0,2026-03-16,XQJ10000000026346142,订单明细20260329030437.xlsx
泰山(儒风细支),300.0,263.0,0.0,0.0,2026-03-16,XQJ10000000026346142,订单明细20260329030437.xlsx
泰山(儒风细支),300.0,263.0,0.0,0.0,2026-03-16,XQJ10000000026346142,订单明细20260329030437.xlsx
泰山(儒风细支),300.0,263.0,0.0,0.0,2026-03-16,XQJ10000000026346142,订单明细20260329030437.xlsx
泰山(儒风细支),300.0,263.0,0.0,0.0,2026-03-16,XQJ10000000026346142,订单明细20260329030437.xlsx
泰山(儒风细支),300.0,263.0,0.0,0.0,2026-03-16,XQJ10000000026346142,订单明细20260329030437.xlsx
泰山(儒风细支),300.0,263.0,0.0,0.0,2026-03-16,XQJ10000000026346142,订单明细20260329030437.xlsx
泰山(巅峰5号),3000.0,1800.0,0.0,0.0,2026-03-16,XQJ10000000026346142,订单明细20260329030437.xlsx
泰山(巅峰5号),3000.0,1800.0,0.0,0.0,2026-03-16,XQJ10000000026346142,订单明细20260329030437.xlsx
泰山(巅峰5号),3000.0,1800.0,0.0,0.0,2026-03-16,XQJ10000000026346142,订单明细20260329030437.xlsx
泰山(巅峰5号),3000.0,1800.0,0.0,0.0,2026-03-16,XQJ10000000026346142,订单明细20260329030437.xlsx
泰山(巅峰5号),3000.0,1800.0,0.0,0.0,2026-03-16,XQJ10000000026346142,订单明细20260329030437.xlsx
泰山(巅峰5号),3000.0,1800.0,0.0,0.0,2026-03-16,XQJ10000000026346142,订单明细20260329030437.xlsx
泰山(巴哈马),260.0,196.0,0.0,0.0,2026-03-16,XQJ10000000026346142,订单明细20260329030437.xlsx
泰山(巴哈马),260.0,196.0,0.0,0.0,2026-03-16,XQJ10000000026346142,订单明细20260329030437.xlsx
泰山(巴哈马),260.0,196.0,0.0,0.0,2026-03-16,XQJ10000000026346142,订单明细20260329030437.xlsx
泰山(巴哈马),260.0,196.0,0.0,0.0,2026-03-16,XQJ10000000026346142,订单明细20260329030437.xlsx
泰山(巴哈马),260.0,196.0,0.0,0.0,2026-03-16,XQJ10000000026346142,订单明细20260329030437.xlsx
泰山(巴哈马),260.0,196.0,0.0,0.0,2026-03-16,XQJ10000000026346142,订单明细20260329030437.xlsx
泰山(心悦）,160.0,139.92,1.0,139.92,2026-03-16,XQJ10000000026346142,订单明细20260329030437.xlsx
泰山(心悦）,160.0,139.92,1.0,139.92,2026-03-16,XQJ10000000026346142,订单明细20260329030437.xlsx
泰山(心悦）,160.0,139.92,1.0,139.92,2026-03-16,XQJ10000000026346142,订单明细20260329030437.xlsx
泰山(心悦）,160.0,139.92,1.0,139.92,2026-03-16,XQJ10000000026346142,订单明细20260329030437.xlsx
泰山(心悦）,160.0,139.92,1.0,139.92,2026-03-16,XQJ10000000026346142,订单明细20260329030437.xlsx
泰山(心悦）,160.0,139.92,1.0,139.92,2026-03-16,XQJ10000000026346142,订单明细20260329030437.xlsx
泰山(战神2号),1440.0,864.0,0.0,0.0,2026-03-16,XQJ10000000026346142,订单明细20260329030437.xlsx
泰山(战神2号),1440.0,864.0,0.0,0.0,2026-03-16,XQJ10000000026346142,订单明细20260329030437.xlsx
泰山(战神2号),1440.0,864.0,0.0,0.0,2026-03-16,XQJ10000000026346142,订单明细20260329030437.xlsx
泰山(战神2号),1440.0,864.0,0.0,0.0,2026-03-16,XQJ10000000026346142,订单明细20260329030437.xlsx
泰山(战神2号),1440.0,864.0,0.0,0.0,2026-03-16,XQJ10000000026346142,订单明细20260329030437.xlsx
泰山(战神2号),1440.0,864.0,0.0,0.0,2026-03-16,XQJ10000000026346142,订单明细20260329030437.xlsx
泰山(战神5号),400.0,260.0,0.0,0.0,2026-03-16,XQJ10000000026346142,订单明细20260329030437.xlsx
泰山(战神5号),400.0,260.0,0.0,0.0,2026-03-16,XQJ10000000026346142,订单明细20260329030437.xlsx
泰山(战神5号),400.0,260.0,0.0,0.0,2026-03-16,XQJ10000000026346142,订单明细20260329030437.xlsx
泰山(战神5号),400.0,260.0,0.0,0.0,2026-03-16,XQJ10000000026346142,订单明细20260329030437.xlsx
泰山(战神5号),400.0,260.0,0.0,0.0,2026-03-16,XQJ10000000026346142,订单明细20260329030437.xlsx
泰山(战神5号),400.0,260.0,0.0,0.0,2026-03-16,XQJ10000000026346142,订单明细20260329030437.xlsx
泰山(战神6号),1440.0,864.0,0.0,0.0,2026-03-16,XQJ10000000026346142,订单明细20260329030437.xlsx
泰山(战神6号),1440.0,864.0,0.0,0.0,2026-03-16,XQJ10000000026346142,订单明细20260329030437.xlsx
泰山(战神6号),1440.0,864.0,0.0,0.0,2026-03-16,XQJ10000000026346142,订单明细20260329030437.xlsx
泰山(战神6号),1440.0,864.0,0.0,0.0,2026-03-16,XQJ10000000026346142,订单明细20260329030437.xlsx
泰山(战神6号),1440.0,864.0,0.0,0.0,2026-03-16,XQJ10000000026346142,订单明细20260329030437.xlsx
泰山(战神6号),1440.0,864.0,0.0,0.0,2026-03-16,XQJ10000000026346142,订单明细20260329030437.xlsx
泰山(战神白金),1600.0,960.0,0.0,0.0,2026-03-16,XQJ10000000026346142,订单明细20260329030437.xlsx
泰山(战神白金),1600.0,960.0,0.0,0.0,2026-03-16,XQJ10000000026346142,订单明细20260329030437.xlsx
泰山(战神白金),1600.0,960.0,0.0,0.0,2026-03-16,XQJ10000000026346142,订单明细20260329030437.xlsx
泰山(战神白金),1600.0,960.0,0.0,0.0,2026-03-16,XQJ10000000026346142,订单明细20260329030437.xlsx
泰山(战神白金),1600.0,960.0,0.0,0.0,2026-03-16,XQJ10000000026346142,订单明细20260329030437.xlsx
泰山(战神白金),1600.0,960.0,0.0,0.0,2026-03-16,XQJ10000000026346142,订单明细20260329030437.xlsx
泰山(战神黑金),2400.0,1440.0,0.0,0.0,2026-03-16,XQJ10000000026346142,订单明细20260329030437.xlsx
泰山(战神黑金),2400.0,1440.0,0.0,0.0,2026-03-16,XQJ10000000026346142,订单明细20260329030437.xlsx
泰山(战神黑金),2400.0,1440.0,0.0,0.0,2026-03-16,XQJ10000000026346142,订单明细20260329030437.xlsx
泰山(战神黑金),2400.0,1440.0,0.0,0.0,2026-03-16,XQJ10000000026346142,订单明细20260329030437.xlsx
泰山(战神黑金),2400.0,1440.0,0.0,0.0,2026-03-16,XQJ10000000026346142,订单明细20260329030437.xlsx
泰山(战神黑金),2400.0,1440.0,0.0,0.0,2026-03-16,XQJ10000000026346142,订单明细20260329030437.xlsx
泰山(硬红八喜),65.0,57.24,3.0,171.72,2026-03-16,XQJ10000000026346142,订单明细20260329030437.xlsx
泰山(硬红八喜),65.0,57.24,3.0,171.72,2026-03-16,XQJ10000000026346142,订单明细20260329030437.xlsx
泰山(硬红八喜),65.0,57.24,3.0,171.72,2026-03-16,XQJ10000000026346142,订单明细20260329030437.xlsx
泰山(硬红八喜),65.0,57.24,3.0,171.72,2026-03-16,XQJ10000000026346142,订单明细20260329030437.xlsx
泰山(硬红八喜),65.0,57.24,3.0,171.72,2026-03-16,XQJ10000000026346142,订单明细20260329030437.xlsx
泰山(硬红八喜),65.0,57.24,3.0,171.72,2026-03-16,XQJ10000000026346142,订单明细20260329030437.xlsx
泰山(茉莉香韵),500.0,424.0,0.0,0.0,2026-03-16,XQJ10000000026346142,订单明细20260329030437.xlsx
泰山(茉莉香韵),500.0,424.0,0.0,0.0,2026-03-16,XQJ10000000026346142,订单明细20260329030437.xlsx
泰山(茉莉香韵),500.0,424.0,0.0,0.0,2026-03-16,XQJ10000000026346142,订单明细20260329030437.xlsx
泰山(茉莉香韵),500.0,424.0,0.0,0.0,2026-03-16,XQJ10000000026346142,订单明细20260329030437.xlsx
泰山(茉莉香韵),500.0,424.0,0.0,0.0,2026-03-16,XQJ10000000026346142,订单明细20260329030437.xlsx
泰山(茉莉香韵),500.0,424.0,0.0,0.0,2026-03-16,XQJ10000000026346142,订单明细20260329030437.xlsx
泰山(超级战神),1500.0,900.0,0.0,0.0,2026-03-16,XQJ10000000026346142,订单明细20260329030437.xlsx
泰山(超级战神),1500.0,900.0,0.0,0.0,2026-03-16,XQJ10000000026346142,订单明细20260329030437.xlsx
泰山(超级战神),1500.0,900.0,0.0,0.0,2026-03-16,XQJ10000000026346142,订单明细20260329030437.xlsx
泰山(超级战神),1500.0,900.0,0.0,0.0,2026-03-16,XQJ10000000026346142,订单明细20260329030437.xlsx
泰山(超级战神),1500.0,900.0,0.0,0.0,2026-03-16,XQJ10000000026346142,订单明细20260329030437.xlsx
泰山(超级战神),1500.0,900.0,0.0,0.0,2026-03-16,XQJ10000000026346142,订单明细20260329030437.xlsx
泰山(都市丛林),2000.0,1200.0,0.0,0.0,2026-03-16,XQJ10000000026346142,订单明细20260329030437.xlsx
泰山(都市丛林),2000.0,1200.0,0.0,0.0,2026-03-16,XQJ10000000026346142,订单明细20260329030437.xlsx
泰山(都市丛林),2000.0,1200.0,0.0,0.0,2026-03-16,XQJ10000000026346142,订单明细20260329030437.xlsx
泰山(都市丛林),2000.0,1200.0,0.0,0.0,2026-03-16,XQJ10000000026346142,订单明细20260329030437.xlsx
泰山(都市丛林),2000.0,1200.0,0.0,0.0,2026-03-16,XQJ10000000026346142,订单明细20260329030437.xlsx
泰山(都市丛林),2000.0,1200.0,0.0,0.0,2026-03-16,XQJ10000000026346142,订单明细20260329030437.xlsx
泰山(颜悦),200.0,167.48,0.0,0.0,2026-03-16,XQJ10000000026346142,订单明细20260329030437.xlsx
泰山(颜悦),200.0,167.48,0.0,0.0,2026-03-16,XQJ10000000026346142,订单明细20260329030437.xlsx
泰山(颜悦),200.0,167.48,0.0,0.0,2026-03-16,XQJ10000000026346142,订单明细20260329030437.xlsx
泰山(颜悦),200.0,167.48,0.0,0.0,2026-03-16,XQJ10000000026346142,订单明细20260329030437.xlsx
泰山(颜悦),200.0,167.48,0.0,0.0,2026-03-16,XQJ10000000026346142,订单明细20260329030437.xlsx
泰山(颜悦),200.0,167.48,0.0,0.0,2026-03-16,XQJ10000000026346142,订单明细20260329030437.xlsx
潮牌(冠军),1600.0,1091.7,0.0,0.0,2026-03-16,XQJ10000000026346142,订单明细20260329030437.xlsx
潮牌(冠军),1600.0,1091.7,0.0,0.0,2026-03-16,XQJ10000000026346142,订单明细20260329030437.xlsx
潮牌(冠军),1600.0,1091.7,0.0,0.0,2026-03-16,XQJ10000000026346142,订单明细20260329030437.xlsx
潮牌(冠军),1600.0,1091.7,0.0,0.0,2026-03-16,XQJ10000000026346142,订单明细20260329030437.xlsx
潮牌(冠军),1600.0,1091.7,0.0,0.0,2026-03-16,XQJ10000000026346142,订单明细20260329030437.xlsx
潮牌(冠军),1600.0,1091.7,0.0,0.0,2026-03-16,XQJ10000000026346142,订单明细20260329030437.xlsx
熊猫(典藏中支),1200.0,1000.0,0.0,0.0,2026-03-16,XQJ10000000026346142,订单明细20260329030437.xlsx
熊猫(典藏中支),1200.0,1000.0,0.0,0.0,2026-03-16,XQJ10000000026346142,订单明细20260329030437.xlsx
熊猫(典藏中支),1200.0,1000.0,0.0,0.0,2026-03-16,XQJ10000000026346142,订单明细20260329030437.xlsx
熊猫(典藏中支),1200.0,1000.0,0.0,0.0,2026-03-16,XQJ10000000026346142,订单明细20260329030437.xlsx
熊猫(典藏中支),1200.0,1000.0,0.0,0.0,2026-03-16,XQJ10000000026346142,订单明细20260329030437.xlsx
熊猫(典藏中支),1200.0,1000.0,0.0,0.0,2026-03-16,XQJ10000000026346142,订单明细20260329030437.xlsx
熊猫(硬经典),1000.0,848.0,0.0,0.0,2026-03-16,XQJ10000000026346142,订单明细20260329030437.xlsx
熊猫(硬经典),1000.0,848.0,0.0,0.0,2026-03-16,XQJ10000000026346142,订单明细20260329030437.xlsx
熊猫(硬经典),1000.0,848.0,0.0,0.0,2026-03-16,XQJ10000000026346142,订单明细20260329030437.xlsx
熊猫(硬经典),1000.0,848.0,0.0,0.0,2026-03-16,XQJ10000000026346142,订单明细20260329030437.xlsx
熊猫(硬经典),1000.0,848.0,0.0,0.0,2026-03-16,XQJ10000000026346142,订单明细20260329030437.xlsx
熊猫(硬经典),1000.0,848.0,0.0,0.0,2026-03-16,XQJ10000000026346142,订单明细20260329030437.xlsx
熊猫(经典细支),1000.0,848.0,0.0,0.0,2026-03-16,XQJ10000000026346142,订单明细20260329030437.xlsx
熊猫(经典细支),1000.0,848.0,0.0,0.0,2026-03-16,XQJ10000000026346142,订单明细20260329030437.xlsx
熊猫(经典细支),1000.0,848.0,0.0,0.0,2026-03-16,XQJ10000000026346142,订单明细20260329030437.xlsx
熊猫(经典细支),1000.0,848.0,0.0,0.0,2026-03-16,XQJ10000000026346142,订单明细20260329030437.xlsx
熊猫(经典细支),1000.0,848.0,0.0,0.0,2026-03-16,XQJ10000000026346142,订单明细20260329030437.xlsx
熊猫(经典细支),1000.0,848.0,0.0,0.0,2026-03-16,XQJ10000000026346142,订单明细20260329030437.xlsx
爱喜幻变,240.0,207.97,0.0,0.0,2026-03-16,XQJ10000000026346142,订单明细20260329030437.xlsx
爱喜幻变,240.0,207.97,0.0,0.0,2026-03-16,XQJ10000000026346142,订单明细20260329030437.xlsx
爱喜幻变,240.0,207.97,0.0,0.0,2026-03-16,XQJ10000000026346142,订单明细20260329030437.xlsx
爱喜幻变,240.0,207.97,0.0,0.0,2026-03-16,XQJ10000000026346142,订单明细20260329030437.xlsx
爱喜幻变,240.0,207.97,0.0,0.0,2026-03-16,XQJ10000000026346142,订单明细20260329030437.xlsx
爱喜幻变,240.0,207.97,0.0,0.0,2026-03-16,XQJ10000000026346142,订单明细20260329030437.xlsx
爱喜薄荷,220.0,196.24,0.0,0.0,2026-03-16,XQJ10000000026346142,订单明细20260329030437.xlsx
爱喜薄荷,220.0,196.24,0.0,0.0,2026-03-16,XQJ10000000026346142,订单明细20260329030437.xlsx
爱喜薄荷,220.0,196.24,0.0,0.0,2026-03-16,XQJ10000000026346142,订单明细20260329030437.xlsx
爱喜薄荷,220.0,196.24,0.0,0.0,2026-03-16,XQJ10000000026346142,订单明细20260329030437.xlsx
爱喜薄荷,220.0,196.24,0.0,0.0,2026-03-16,XQJ10000000026346142,订单明细20260329030437.xlsx
爱喜薄荷,220.0,196.24,0.0,0.0,2026-03-16,XQJ10000000026346142,订单明细20260329030437.xlsx
牡丹(红中支),200.0,175.0,0.0,0.0,2026-03-16,XQJ10000000026346142,订单明细20260329030437.xlsx
牡丹(红中支),200.0,175.0,0.0,0.0,2026-03-16,XQJ10000000026346142,订单明细20260329030437.xlsx
牡丹(红中支),200.0,175.0,0.0,0.0,2026-03-16,XQJ10000000026346142,订单明细20260329030437.xlsx
牡丹(红中支),200.0,175.0,0.0,0.0,2026-03-16,XQJ10000000026346142,订单明细20260329030437.xlsx
牡丹(红中支),200.0,175.0,0.0,0.0,2026-03-16,XQJ10000000026346142,订单明细20260329030437.xlsx
牡丹(红中支),200.0,175.0,0.0,0.0,2026-03-16,XQJ10000000026346142,订单明细20260329030437.xlsx
牡丹(蓝中支),300.0,263.0,0.0,0.0,2026-03-16,XQJ10000000026346142,订单明细20260329030437.xlsx
牡丹(蓝中支),300.0,263.0,0.0,0.0,2026-03-16,XQJ10000000026346142,订单明细20260329030437.xlsx
牡丹(蓝中支),300.0,263.0,0.0,0.0,2026-03-16,XQJ10000000026346142,订单明细20260329030437.xlsx
牡丹(蓝中支),300.0,263.0,0.0,0.0,2026-03-16,XQJ10000000026346142,订单明细20260329030437.xlsx
牡丹(蓝中支),300.0,263.0,0.0,0.0,2026-03-16,XQJ10000000026346142,订单明细20260329030437.xlsx
牡丹(蓝中支),300.0,263.0,0.0,0.0,2026-03-16,XQJ10000000026346142,订单明细20260329030437.xlsx
牡丹(蓝彩细支),300.0,263.0,0.0,0.0,2026-03-16,XQJ10000000026346142,订单明细20260329030437.xlsx
牡丹(蓝彩细支),300.0,263.0,0.0,0.0,2026-03-16,XQJ10000000026346142,订单明细20260329030437.xlsx
牡丹(蓝彩细支),300.0,263.0,0.0,0.0,2026-03-16,XQJ10000000026346142,订单明细20260329030437.xlsx
牡丹(蓝彩细支),300.0,263.0,0.0,0.0,2026-03-16,XQJ10000000026346142,订单明细20260329030437.xlsx
牡丹(蓝彩细支),300.0,263.0,0.0,0.0,2026-03-16,XQJ10000000026346142,订单明细20260329030437.xlsx
牡丹(蓝彩细支),300.0,263.0,0.0,0.0,2026-03-16,XQJ10000000026346142,订单明细20260329030437.xlsx
牡丹(软),140.0,121.9,0.0,0.0,2026-03-16,XQJ10000000026346142,订单明细20260329030437.xlsx
牡丹(软),140.0,121.9,0.0,0.0,2026-03-16,XQJ10000000026346142,订单明细20260329030437.xlsx
牡丹(软),140.0,121.9,0.0,0.0,2026-03-16,XQJ10000000026346142,订单明细20260329030437.xlsx
牡丹(软),140.0,121.9,0.0,0.0,2026-03-16,XQJ10000000026346142,订单明细20260329030437.xlsx
牡丹(软),140.0,121.9,0.0,0.0,2026-03-16,XQJ10000000026346142,订单明细20260329030437.xlsx
牡丹(软),140.0,121.9,0.0,0.0,2026-03-16,XQJ10000000026346142,订单明细20260329030437.xlsx
狮牌(加勒比阳光),600.0,452.0,0.0,0.0,2026-03-16,XQJ10000000026346142,订单明细20260329030437.xlsx
狮牌(加勒比阳光),600.0,452.0,0.0,0.0,2026-03-16,XQJ10000000026346142,订单明细20260329030437.xlsx
狮牌(加勒比阳光),600.0,452.0,0.0,0.0,2026-03-16,XQJ10000000026346142,订单明细20260329030437.xlsx
狮牌(加勒比阳光),600.0,452.0,0.0,0.0,2026-03-16,XQJ10000000026346142,订单明细20260329030437.xlsx
狮牌(加勒比阳光),600.0,452.0,0.0,0.0,2026-03-16,XQJ10000000026346142,订单明细20260329030437.xlsx
狮牌(加勒比阳光),600.0,452.0,0.0,0.0,2026-03-16,XQJ10000000026346142,订单明细20260329030437.xlsx
玉溪(创客),200.0,175.0,1.0,175.0,2026-03-16,XQJ10000000026346142,订单明细20260329030437.xlsx
玉溪(创客),200.0,175.0,1.0,175.0,2026-03-16,XQJ10000000026346142,订单明细20260329030437.xlsx
玉溪(创客),200.0,175.0,1.0,175.0,2026-03-16,XQJ10000000026346142,订单明细20260329030437.xlsx
玉溪(创客),200.0,175.0,1.0,175.0,2026-03-16,XQJ10000000026346142,订单明细20260329030437.xlsx
玉溪(创客),200.0,175.0,1.0,175.0,2026-03-16,XQJ10000000026346142,订单明细20260329030437.xlsx
玉溪(创客),200.0,175.0,1.0,175.0,2026-03-16,XQJ10000000026346142,订单明细20260329030437.xlsx
玉溪(合顺),300.0,263.0,0.0,0.0,2026-03-16,XQJ10000000026346142,订单明细20260329030437.xlsx
玉溪(合顺),300.0,263.0,0.0,0.0,2026-03-16,XQJ10000000026346142,订单明细20260329030437.xlsx
玉溪(合顺),300.0,263.0,0.0,0.0,2026-03-16,XQJ10000000026346142,订单明细20260329030437.xlsx
玉溪(合顺),300.0,263.0,0.0,0.0,2026-03-16,XQJ10000000026346142,订单明细20260329030437.xlsx
玉溪(合顺),300.0,263.0,0.0,0.0,2026-03-16,XQJ10000000026346142,订单明细20260329030437.xlsx
玉溪(合顺),300.0,263.0,0.0,0.0,2026-03-16,XQJ10000000026346142,订单明细20260329030437.xlsx
玉溪(硬和谐),400.0,339.2,3.0,1017.6,2026-03-16,XQJ10000000026346142,订单明细20260329030437.xlsx
玉溪(硬和谐),400.0,339.2,3.0,1017.6,2026-03-16,XQJ10000000026346142,订单明细20260329030437.xlsx
玉溪(硬和谐),400.0,339.2,3.0,1017.6,2026-03-16,XQJ10000000026346142,订单明细20260329030437.xlsx
玉溪(硬和谐),400.0,339.2,3.0,1017.6,2026-03-16,XQJ10000000026346142,订单明细20260329030437.xlsx
玉溪(硬和谐),400.0,339.2,3.0,1017.6,2026-03-16,XQJ10000000026346142,订单明细20260329030437.xlsx
玉溪(硬和谐),400.0,339.2,3.0,1017.6,2026-03-16,XQJ10000000026346142,订单明细20260329030437.xlsx
玉溪(细支缤果爆),260.0,225.0,0.0,0.0,2026-03-16,XQJ10000000026346142,订单明细20260329030437.xlsx
玉溪(细支缤果爆),260.0,225.0,0.0,0.0,2026-03-16,XQJ10000000026346142,订单明细20260329030437.xlsx
玉溪(细支缤果爆),260.0,225.0,0.0,0.0,2026-03-16,XQJ10000000026346142,订单明细20260329030437.xlsx
玉溪(细支缤果爆),260.0,225.0,0.0,0.0,2026-03-16,XQJ10000000026346142,订单明细20260329030437.xlsx
玉溪(细支缤果爆),260.0,225.0,0.0,0.0,2026-03-16,XQJ10000000026346142,订单明细20260329030437.xlsx
玉溪(细支缤果爆),260.0,225.0,0.0,0.0,2026-03-16,XQJ10000000026346142,订单明细20260329030437.xlsx
玉溪(细支翡翠),800.0,678.4,0.0,0.0,2026-03-16,XQJ10000000026346142,订单明细20260329030437.xlsx
玉溪(细支翡翠),800.0,678.4,0.0,0.0,2026-03-16,XQJ10000000026346142,订单明细20260329030437.xlsx
玉溪(细支翡翠),800.0,678.4,0.0,0.0,2026-03-16,XQJ10000000026346142,订单明细20260329030437.xlsx
玉溪(细支翡翠),800.0,678.4,0.0,0.0,2026-03-16,XQJ10000000026346142,订单明细20260329030437.xlsx
玉溪(细支翡翠),800.0,678.4,0.0,0.0,2026-03-16,XQJ10000000026346142,订单明细20260329030437.xlsx
玉溪(细支翡翠),800.0,678.4,0.0,0.0,2026-03-16,XQJ10000000026346142,订单明细20260329030437.xlsx
玉溪(软),230.0,201.4,0.0,0.0,2026-03-16,XQJ10000000026346142,订单明细20260329030437.xlsx
玉溪(软),230.0,201.4,0.0,0.0,2026-03-16,XQJ10000000026346142,订单明细20260329030437.xlsx
玉溪(软),230.0,201.4,0.0,0.0,2026-03-16,XQJ10000000026346142,订单明细20260329030437.xlsx
玉溪(软),230.0,201.4,0.0,0.0,2026-03-16,XQJ10000000026346142,订单明细20260329030437.xlsx
玉溪(软),230.0,201.4,0.0,0.0,2026-03-16,XQJ10000000026346142,订单明细20260329030437.xlsx
玉溪(软),230.0,201.4,0.0,0.0,2026-03-16,XQJ10000000026346142,订单明细20260329030437.xlsx
玉溪(软初心),200.0,175.0,0.0,0.0,2026-03-16,XQJ10000000026346142,订单明细20260329030437.xlsx
玉溪(软初心),200.0,175.0,0.0,0.0,2026-03-16,XQJ10000000026346142,订单明细20260329030437.xlsx
玉溪(软初心),200.0,175.0,0.0,0.0,2026-03-16,XQJ10000000026346142,订单明细20260329030437.xlsx
玉溪(软初心),200.0,175.0,0.0,0.0,2026-03-16,XQJ10000000026346142,订单明细20260329030437.xlsx
玉溪(软初心),200.0,175.0,0.0,0.0,2026-03-16,XQJ10000000026346142,订单明细20260329030437.xlsx
玉溪(软初心),200.0,175.0,0.0,0.0,2026-03-16,XQJ10000000026346142,订单明细20260329030437.xlsx
玉溪(软尚善),280.0,243.8,10.0,2438.0,2026-03-16,XQJ10000000026346142,订单明细20260329030437.xlsx
玉溪(软尚善),280.0,243.8,10.0,2438.0,2026-03-16,XQJ10000000026346142,订单明细20260329030437.xlsx
玉溪(软尚善),280.0,243.8,10.0,2438.0,2026-03-16,XQJ10000000026346142,订单明细20260329030437.xlsx
玉溪(软尚善),280.0,243.8,10.0,2438.0,2026-03-16,XQJ10000000026346142,订单明细20260329030437.xlsx
玉溪(软尚善),280.0,243.8,10.0,2438.0,2026-03-16,XQJ10000000026346142,订单明细20260329030437.xlsx
玉溪(软尚善),280.0,243.8,10.0,2438.0,2026-03-16,XQJ10000000026346142,订单明细20260329030437.xlsx
玉溪(软阿诗玛),200.0,175.0,4.0,700.0,2026-03-16,XQJ10000000026346142,订单明细20260329030437.xlsx
玉溪(软阿诗玛),200.0,175.0,4.0,700.0,2026-03-16,XQJ10000000026346142,订单明细20260329030437.xlsx
玉溪(软阿诗玛),200.0,175.0,4.0,700.0,2026-03-16,XQJ10000000026346142,订单明细20260329030437.xlsx
玉溪(软阿诗玛),200.0,175.0,4.0,700.0,2026-03-16,XQJ10000000026346142,订单明细20260329030437.xlsx
玉溪(软阿诗玛),200.0,175.0,4.0,700.0,2026-03-16,XQJ10000000026346142,订单明细20260329030437.xlsx
玉溪(软阿诗玛),200.0,175.0,4.0,700.0,2026-03-16,XQJ10000000026346142,订单明细20260329030437.xlsx
王冠(20支),300.0,230.0,0.0,0.0,2026-03-16,XQJ10000000026346142,订单明细20260329030437.xlsx
王冠(20支),300.0,230.0,0.0,0.0,2026-03-16,XQJ10000000026346142,订单明细20260329030437.xlsx
王冠(20支),300.0,230.0,0.0,0.0,2026-03-16,XQJ10000000026346142,订单明细20260329030437.xlsx
王冠(20支),300.0,230.0,0.0,0.0,2026-03-16,XQJ10000000026346142,订单明细20260329030437.xlsx
王冠(20支),300.0,230.0,0.0,0.0,2026-03-16,XQJ10000000026346142,订单明细20260329030437.xlsx
王冠(20支),300.0,230.0,0.0,0.0,2026-03-16,XQJ10000000026346142,订单明细20260329030437.xlsx
王冠(假日·黄金海岸),540.0,420.0,0.0,0.0,2026-03-16,XQJ10000000026346142,订单明细20260329030437.xlsx
王冠(假日·黄金海岸),540.0,420.0,0.0,0.0,2026-03-16,XQJ10000000026346142,订单明细20260329030437.xlsx
王冠(假日·黄金海岸),540.0,420.0,0.0,0.0,2026-03-16,XQJ10000000026346142,订单明细20260329030437.xlsx
王冠(假日·黄金海岸),540.0,420.0,0.0,0.0,2026-03-16,XQJ10000000026346142,订单明细20260329030437.xlsx
王冠(假日·黄金海岸),540.0,420.0,0.0,0.0,2026-03-16,XQJ10000000026346142,订单明细20260329030437.xlsx
王冠(假日·黄金海岸),540.0,420.0,0.0,0.0,2026-03-16,XQJ10000000026346142,订单明细20260329030437.xlsx
王冠(冰咖MIX),400.0,304.0,0.0,0.0,2026-03-16,XQJ10000000026346142,订单明细20260329030437.xlsx
王冠(冰咖MIX),400.0,304.0,0.0,0.0,2026-03-16,XQJ10000000026346142,订单明细20260329030437.xlsx
王冠(冰咖MIX),400.0,304.0,0.0,0.0,2026-03-16,XQJ10000000026346142,订单明细20260329030437.xlsx
王冠(冰咖MIX),400.0,304.0,0.0,0.0,2026-03-16,XQJ10000000026346142,订单明细20260329030437.xlsx
王冠(冰咖MIX),400.0,304.0,0.0,0.0,2026-03-16,XQJ10000000026346142,订单明细20260329030437.xlsx
王冠(冰咖MIX),400.0,304.0,0.0,0.0,2026-03-16,XQJ10000000026346142,订单明细20260329030437.xlsx
王冠(原味1号),60.0,46.0,0.0,0.0,2026-03-16,XQJ10000000026346142,订单明细20260329030437.xlsx
王冠(原味1号),60.0,46.0,0.0,0.0,2026-03-16,XQJ10000000026346142,订单明细20260329030437.xlsx
王冠(原味1号),60.0,46.0,0.0,0.0,2026-03-16,XQJ10000000026346142,订单明细20260329030437.xlsx
王冠(原味1号),60.0,46.0,0.0,0.0,2026-03-16,XQJ10000000026346142,订单明细20260329030437.xlsx
王冠(原味1号),60.0,46.0,0.0,0.0,2026-03-16,XQJ10000000026346142,订单明细20260329030437.xlsx
王冠(原味1号),60.0,46.0,0.0,0.0,2026-03-16,XQJ10000000026346142,订单明细20260329030437.xlsx
王冠(原味9号),150.0,120.0,0.0,0.0,2026-03-16,XQJ10000000026346142,订单明细20260329030437.xlsx
王冠(原味9号),150.0,120.0,0.0,0.0,2026-03-16,XQJ10000000026346142,订单明细20260329030437.xlsx
王冠(原味9号),150.0,120.0,0.0,0.0,2026-03-16,XQJ10000000026346142,订单明细20260329030437.xlsx
王冠(原味9号),150.0,120.0,0.0,0.0,2026-03-16,XQJ10000000026346142,订单明细20260329030437.xlsx
王冠(原味9号),150.0,120.0,0.0,0.0,2026-03-16,XQJ10000000026346142,订单明细20260329030437.xlsx
王冠(原味9号),150.0,120.0,0.0,0.0,2026-03-16,XQJ10000000026346142,订单明细20260329030437.xlsx
王冠(塑2支全叶卷),130.0,100.0,0.0,0.0,2026-03-16,XQJ10000000026346142,订单明细20260329030437.xlsx
王冠(塑2支全叶卷),130.0,100.0,0.0,0.0,2026-03-16,XQJ10000000026346142,订单明细20260329030437.xlsx
王冠(塑2支全叶卷),130.0,100.0,0.0,0.0,2026-03-16,XQJ10000000026346142,订单明细20260329030437.xlsx
王冠(塑2支全叶卷),130.0,100.0,0.0,0.0,2026-03-16,XQJ10000000026346142,订单明细20260329030437.xlsx
王冠(塑2支全叶卷),130.0,100.0,0.0,0.0,2026-03-16,XQJ10000000026346142,订单明细20260329030437.xlsx
王冠(塑2支全叶卷),130.0,100.0,0.0,0.0,2026-03-16,XQJ10000000026346142,订单明细20260329030437.xlsx
王冠(小国粹),750.0,567.5,0.0,0.0,2026-03-16,XQJ10000000026346142,订单明细20260329030437.xlsx
王冠(小国粹),750.0,567.5,0.0,0.0,2026-03-16,XQJ10000000026346142,订单明细20260329030437.xlsx
王冠(小国粹),750.0,567.5,0.0,0.0,2026-03-16,XQJ10000000026346142,订单明细20260329030437.xlsx
王冠(小国粹),750.0,567.5,0.0,0.0,2026-03-16,XQJ10000000026346142,订单明细20260329030437.xlsx
王冠(小国粹),750.0,567.5,0.0,0.0,2026-03-16,XQJ10000000026346142,订单明细20260329030437.xlsx
王冠(小国粹),750.0,567.5,0.0,0.0,2026-03-16,XQJ10000000026346142,订单明细20260329030437.xlsx
王冠(梅兰竹菊),800.0,576.0,0.0,0.0,2026-03-16,XQJ10000000026346142,订单明细20260329030437.xlsx
王冠(梅兰竹菊),800.0,576.0,0.0,0.0,2026-03-16,XQJ10000000026346142,订单明细20260329030437.xlsx
王冠(梅兰竹菊),800.0,576.0,0.0,0.0,2026-03-16,XQJ10000000026346142,订单明细20260329030437.xlsx
王冠(梅兰竹菊),800.0,576.0,0.0,0.0,2026-03-16,XQJ10000000026346142,订单明细20260329030437.xlsx
王冠(梅兰竹菊),800.0,576.0,0.0,0.0,2026-03-16,XQJ10000000026346142,订单明细20260329030437.xlsx
王冠(梅兰竹菊),800.0,576.0,0.0,0.0,2026-03-16,XQJ10000000026346142,订单明细20260329030437.xlsx
王冠(经典铝2支全叶卷),350.0,262.0,0.0,0.0,2026-03-16,XQJ10000000026346142,订单明细20260329030437.xlsx
王冠(经典铝2支全叶卷),350.0,262.0,0.0,0.0,2026-03-16,XQJ10000000026346142,订单明细20260329030437.xlsx
王冠(经典铝2支全叶卷),350.0,262.0,0.0,0.0,2026-03-16,XQJ10000000026346142,订单明细20260329030437.xlsx
王冠(经典铝2支全叶卷),350.0,262.0,0.0,0.0,2026-03-16,XQJ10000000026346142,订单明细20260329030437.xlsx
王冠(经典铝2支全叶卷),350.0,262.0,0.0,0.0,2026-03-16,XQJ10000000026346142,订单明细20260329030437.xlsx
王冠(经典铝2支全叶卷),350.0,262.0,0.0,0.0,2026-03-16,XQJ10000000026346142,订单明细20260329030437.xlsx
王冠(茶香之茶马古道),950.0,480.0,0.0,0.0,2026-03-16,XQJ10000000026346142,订单明细20260329030437.xlsx
王冠(茶香之茶马古道),950.0,480.0,0.0,0.0,2026-03-16,XQJ10000000026346142,订单明细20260329030437.xlsx
王冠(茶香之茶马古道),950.0,480.0,0.0,0.0,2026-03-16,XQJ10000000026346142,订单明细20260329030437.xlsx
王冠(茶香之茶马古道),950.0,480.0,0.0,0.0,2026-03-16,XQJ10000000026346142,订单明细20260329030437.xlsx
王冠(茶香之茶马古道),950.0,480.0,0.0,0.0,2026-03-16,XQJ10000000026346142,订单明细20260329030437.xlsx
王冠(茶香之茶马古道),950.0,480.0,0.0,0.0,2026-03-16,XQJ10000000026346142,订单明细20260329030437.xlsx
王冠(蓝色假日),1000.0,755.0,0.0,0.0,2026-03-16,XQJ10000000026346142,订单明细20260329030437.xlsx
王冠(蓝色假日),1000.0,755.0,0.0,0.0,2026-03-16,XQJ10000000026346142,订单明细20260329030437.xlsx
王冠(蓝色假日),1000.0,755.0,0.0,0.0,2026-03-16,XQJ10000000026346142,订单明细20260329030437.xlsx
王冠(蓝色假日),1000.0,755.0,0.0,0.0,2026-03-16,XQJ10000000026346142,订单明细20260329030437.xlsx
王冠(蓝色假日),1000.0,755.0,0.0,0.0,2026-03-16,XQJ10000000026346142,订单明细20260329030437.xlsx
王冠(蓝色假日),1000.0,755.0,0.0,0.0,2026-03-16,XQJ10000000026346142,订单明细20260329030437.xlsx
白沙(和天下),1000.0,848.0,1.0,848.0,2026-03-16,XQJ10000000026346142,订单明细20260329030437.xlsx
白沙(和天下),1000.0,848.0,1.0,848.0,2026-03-16,XQJ10000000026346142,订单明细20260329030437.xlsx
白沙(和天下),1000.0,848.0,1.0,848.0,2026-03-16,XQJ10000000026346142,订单明细20260329030437.xlsx
白沙(和天下),1000.0,848.0,1.0,848.0,2026-03-16,XQJ10000000026346142,订单明细20260329030437.xlsx
白沙(和天下),1000.0,848.0,1.0,848.0,2026-03-16,XQJ10000000026346142,订单明细20260329030437.xlsx
白沙(和天下),1000.0,848.0,1.0,848.0,2026-03-16,XQJ10000000026346142,订单明细20260329030437.xlsx
白沙(和天下尊品中支),1200.0,1000.0,0.0,0.0,2026-03-16,XQJ10000000026346142,订单明细20260329030437.xlsx
白沙(和天下尊品中支),1200.0,1000.0,0.0,0.0,2026-03-16,XQJ10000000026346142,订单明细20260329030437.xlsx
白沙(和天下尊品中支),1200.0,1000.0,0.0,0.0,2026-03-16,XQJ10000000026346142,订单明细20260329030437.xlsx
白沙(和天下尊品中支),1200.0,1000.0,0.0,0.0,2026-03-16,XQJ10000000026346142,订单明细20260329030437.xlsx
白沙(和天下尊品中支),1200.0,1000.0,0.0,0.0,2026-03-16,XQJ10000000026346142,订单明细20260329030437.xlsx
白沙(和天下尊品中支),1200.0,1000.0,0.0,0.0,2026-03-16,XQJ10000000026346142,订单明细20260329030437.xlsx
白沙(和天下尊品细支),1000.0,848.0,0.0,0.0,2026-03-16,XQJ10000000026346142,订单明细20260329030437.xlsx
白沙(和天下尊品细支),1000.0,848.0,0.0,0.0,2026-03-16,XQJ10000000026346142,订单明细20260329030437.xlsx
白沙(和天下尊品细支),1000.0,848.0,0.0,0.0,2026-03-16,XQJ10000000026346142,订单明细20260329030437.xlsx
白沙(和天下尊品细支),1000.0,848.0,0.0,0.0,2026-03-16,XQJ10000000026346142,订单明细20260329030437.xlsx
白沙(和天下尊品细支),1000.0,848.0,0.0,0.0,2026-03-16,XQJ10000000026346142,订单明细20260329030437.xlsx
白沙(和天下尊品细支),1000.0,848.0,0.0,0.0,2026-03-16,XQJ10000000026346142,订单明细20260329030437.xlsx
白沙(硬和天下双中支),900.0,763.2,0.0,0.0,2026-03-16,XQJ10000000026346142,订单明细20260329030437.xlsx
白沙(硬和天下双中支),900.0,763.2,0.0,0.0,2026-03-16,XQJ10000000026346142,订单明细20260329030437.xlsx
白沙(硬和天下双中支),900.0,763.2,0.0,0.0,2026-03-16,XQJ10000000026346142,订单明细20260329030437.xlsx
白沙(硬和天下双中支),900.0,763.2,0.0,0.0,2026-03-16,XQJ10000000026346142,订单明细20260329030437.xlsx
白沙(硬和天下双中支),900.0,763.2,0.0,0.0,2026-03-16,XQJ10000000026346142,订单明细20260329030437.xlsx
白沙(硬和天下双中支),900.0,763.2,0.0,0.0,2026-03-16,XQJ10000000026346142,订单明细20260329030437.xlsx
白沙(硬天天向上细支),160.0,129.3,0.0,0.0,2026-03-16,XQJ10000000026346142,订单明细20260329030437.xlsx
白沙(硬天天向上细支),160.0,129.3,0.0,0.0,2026-03-16,XQJ10000000026346142,订单明细20260329030437.xlsx
白沙(硬天天向上细支),160.0,129.3,0.0,0.0,2026-03-16,XQJ10000000026346142,订单明细20260329030437.xlsx
白沙(硬天天向上细支),160.0,129.3,0.0,0.0,2026-03-16,XQJ10000000026346142,订单明细20260329030437.xlsx
白沙(硬天天向上细支),160.0,129.3,0.0,0.0,2026-03-16,XQJ10000000026346142,订单明细20260329030437.xlsx
白沙(硬天天向上细支),160.0,129.3,0.0,0.0,2026-03-16,XQJ10000000026346142,订单明细20260329030437.xlsx
白沙(硬细支和天下),1000.0,720.8,0.0,0.0,2026-03-16,XQJ10000000026346142,订单明细20260329030437.xlsx
白沙(硬细支和天下),1000.0,720.8,0.0,0.0,2026-03-16,XQJ10000000026346142,订单明细20260329030437.xlsx
白沙(硬细支和天下),1000.0,720.8,0.0,0.0,2026-03-16,XQJ10000000026346142,订单明细20260329030437.xlsx
白沙(硬细支和天下),1000.0,720.8,0.0,0.0,2026-03-16,XQJ10000000026346142,订单明细20260329030437.xlsx
白沙(硬细支和天下),1000.0,720.8,0.0,0.0,2026-03-16,XQJ10000000026346142,订单明细20260329030437.xlsx
白沙(硬细支和天下),1000.0,720.8,0.0,0.0,2026-03-16,XQJ10000000026346142,订单明细20260329030437.xlsx
白沙(软和天下),1000.0,720.8,0.0,0.0,2026-03-16,XQJ10000000026346142,订单明细20260329030437.xlsx
白沙(软和天下),1000.0,720.8,0.0,0.0,2026-03-16,XQJ10000000026346142,订单明细20260329030437.xlsx
白沙(软和天下),1000.0,720.8,0.0,0.0,2026-03-16,XQJ10000000026346142,订单明细20260329030437.xlsx
白沙(软和天下),1000.0,720.8,0.0,0.0,2026-03-16,XQJ10000000026346142,订单明细20260329030437.xlsx
白沙(软和天下),1000.0,720.8,0.0,0.0,2026-03-16,XQJ10000000026346142,订单明细20260329030437.xlsx
白沙(软和天下),1000.0,720.8,0.0,0.0,2026-03-16,XQJ10000000026346142,订单明细20260329030437.xlsx
白沙(长丰),70.0,61.5,1.0,61.5,2026-03-16,XQJ10000000026346142,订单明细20260329030437.xlsx
白沙(长丰),70.0,61.5,1.0,61.5,2026-03-16,XQJ10000000026346142,订单明细20260329030437.xlsx
白沙(长丰),70.0,61.5,1.0,61.5,2026-03-16,XQJ10000000026346142,订单明细20260329030437.xlsx
白沙(长丰),70.0,61.5,1.0,61.5,2026-03-16,XQJ10000000026346142,订单明细20260329030437.xlsx
白沙(长丰),70.0,61.5,1.0,61.5,2026-03-16,XQJ10000000026346142,订单明细20260329030437.xlsx
白沙(长丰),70.0,61.5,1.0,61.5,2026-03-16,XQJ10000000026346142,订单明细20260329030437.xlsx
真龙(凌云),150.0,121.9,1.0,121.9,2026-03-16,XQJ10000000026346142,订单明细20260329030437.xlsx
真龙(凌云),150.0,121.9,1.0,121.9,2026-03-16,XQJ10000000026346142,订单明细20260329030437.xlsx
真龙(凌云),150.0,121.9,1.0,121.9,2026-03-16,XQJ10000000026346142,订单明细20260329030437.xlsx
真龙(凌云),150.0,121.9,1.0,121.9,2026-03-16,XQJ10000000026346142,订单明细20260329030437.xlsx
真龙(凌云),150.0,121.9,1.0,121.9,2026-03-16,XQJ10000000026346142,订单明细20260329030437.xlsx
真龙(凌云),150.0,121.9,1.0,121.9,2026-03-16,XQJ10000000026346142,订单明细20260329030437.xlsx
真龙(美人香草),200.0,167.48,0.0,0.0,2026-03-16,XQJ10000000026346142,订单明细20260329030437.xlsx
真龙(美人香草),200.0,167.48,0.0,0.0,2026-03-16,XQJ10000000026346142,订单明细20260329030437.xlsx
真龙(美人香草),200.0,167.48,0.0,0.0,2026-03-16,XQJ10000000026346142,订单明细20260329030437.xlsx
真龙(美人香草),200.0,167.48,0.0,0.0,2026-03-16,XQJ10000000026346142,订单明细20260329030437.xlsx
真龙(美人香草),200.0,167.48,0.0,0.0,2026-03-16,XQJ10000000026346142,订单明细20260329030437.xlsx
真龙(美人香草),200.0,167.48,0.0,0.0,2026-03-16,XQJ10000000026346142,订单明细20260329030437.xlsx
红塔山(硬恭贺新禧),150.0,121.9,3.0,365.7,2026-03-16,XQJ10000000026346142,订单明细20260329030437.xlsx
红塔山(硬恭贺新禧),150.0,121.9,3.0,365.7,2026-03-16,XQJ10000000026346142,订单明细20260329030437.xlsx
红塔山(硬恭贺新禧),150.0,121.9,3.0,365.7,2026-03-16,XQJ10000000026346142,订单明细20260329030437.xlsx
红塔山(硬恭贺新禧),150.0,121.9,3.0,365.7,2026-03-16,XQJ10000000026346142,订单明细20260329030437.xlsx
红塔山(硬恭贺新禧),150.0,121.9,3.0,365.7,2026-03-16,XQJ10000000026346142,订单明细20260329030437.xlsx
红塔山(硬恭贺新禧),150.0,121.9,3.0,365.7,2026-03-16,XQJ10000000026346142,订单明细20260329030437.xlsx
红塔山(硬经典),90.0,75.0,3.0,225.0,2026-03-16,XQJ10000000026346142,订单明细20260329030437.xlsx
红塔山(硬经典),90.0,75.0,3.0,225.0,2026-03-16,XQJ10000000026346142,订单明细20260329030437.xlsx
红塔山(硬经典),90.0,75.0,3.0,225.0,2026-03-16,XQJ10000000026346142,订单明细20260329030437.xlsx
红塔山(硬经典),90.0,75.0,3.0,225.0,2026-03-16,XQJ10000000026346142,订单明细20260329030437.xlsx
红塔山(硬经典),90.0,75.0,3.0,225.0,2026-03-16,XQJ10000000026346142,订单明细20260329030437.xlsx
红塔山(硬经典),90.0,75.0,3.0,225.0,2026-03-16,XQJ10000000026346142,订单明细20260329030437.xlsx
红塔山(硬经典100),110.0,97.0,2.0,194.0,2026-03-16,XQJ10000000026346142,订单明细20260329030437.xlsx
红塔山(硬经典100),110.0,97.0,2.0,194.0,2026-03-16,XQJ10000000026346142,订单明细20260329030437.xlsx
红塔山(硬经典100),110.0,97.0,2.0,194.0,2026-03-16,XQJ10000000026346142,订单明细20260329030437.xlsx
红塔山(硬经典100),110.0,97.0,2.0,194.0,2026-03-16,XQJ10000000026346142,订单明细20260329030437.xlsx
红塔山(硬经典100),110.0,97.0,2.0,194.0,2026-03-16,XQJ10000000026346142,订单明细20260329030437.xlsx
红塔山(硬经典100),110.0,97.0,2.0,194.0,2026-03-16,XQJ10000000026346142,订单明细20260329030437.xlsx
红塔山(细支传奇),180.0,155.0,1.0,155.0,2026-03-16,XQJ10000000026346142,订单明细20260329030437.xlsx
红塔山(细支传奇),180.0,155.0,1.0,155.0,2026-03-16,XQJ10000000026346142,订单明细20260329030437.xlsx
红塔山(细支传奇),180.0,155.0,1.0,155.0,2026-03-16,XQJ10000000026346142,订单明细20260329030437.xlsx
红塔山(细支传奇),180.0,155.0,1.0,155.0,2026-03-16,XQJ10000000026346142,订单明细20260329030437.xlsx
红塔山(细支传奇),180.0,155.0,1.0,155.0,2026-03-16,XQJ10000000026346142,订单明细20260329030437.xlsx
红塔山(细支传奇),180.0,155.0,1.0,155.0,2026-03-16,XQJ10000000026346142,订单明细20260329030437.xlsx
红旗渠(雪茄),50.0,44.5,0.0,0.0,2026-03-16,XQJ10000000026346142,订单明细20260329030437.xlsx
红旗渠(雪茄),50.0,44.5,0.0,0.0,2026-03-16,XQJ10000000026346142,订单明细20260329030437.xlsx
红旗渠(雪茄),50.0,44.5,0.0,0.0,2026-03-16,XQJ10000000026346142,订单明细20260329030437.xlsx
红旗渠(雪茄),50.0,44.5,0.0,0.0,2026-03-16,XQJ10000000026346142,订单明细20260329030437.xlsx
红旗渠(雪茄),50.0,44.5,0.0,0.0,2026-03-16,XQJ10000000026346142,订单明细20260329030437.xlsx
红旗渠(雪茄),50.0,44.5,0.0,0.0,2026-03-16,XQJ10000000026346142,订单明细20260329030437.xlsx
红河(硬88),120.0,97.0,2.0,194.0,2026-03-16,XQJ10000000026346142,订单明细20260329030437.xlsx
红河(硬88),120.0,97.0,2.0,194.0,2026-03-16,XQJ10000000026346142,订单明细20260329030437.xlsx
红河(硬88),120.0,97.0,2.0,194.0,2026-03-16,XQJ10000000026346142,订单明细20260329030437.xlsx
红河(硬88),120.0,97.0,2.0,194.0,2026-03-16,XQJ10000000026346142,订单明细20260329030437.xlsx
红河(硬88),120.0,97.0,2.0,194.0,2026-03-16,XQJ10000000026346142,订单明细20260329030437.xlsx
红河(硬88),120.0,97.0,2.0,194.0,2026-03-16,XQJ10000000026346142,订单明细20260329030437.xlsx
红河(硬99),140.0,121.9,8.0,975.2,2026-03-16,XQJ10000000026346142,订单明细20260329030437.xlsx
红河(硬99),140.0,121.9,8.0,975.2,2026-03-16,XQJ10000000026346142,订单明细20260329030437.xlsx
红河(硬99),140.0,121.9,8.0,975.2,2026-03-16,XQJ10000000026346142,订单明细20260329030437.xlsx
红河(硬99),140.0,121.9,8.0,975.2,2026-03-16,XQJ10000000026346142,订单明细20260329030437.xlsx
红河(硬99),140.0,121.9,8.0,975.2,2026-03-16,XQJ10000000026346142,订单明细20260329030437.xlsx
红河(硬99),140.0,121.9,8.0,975.2,2026-03-16,XQJ10000000026346142,订单明细20260329030437.xlsx
红河(软99),130.0,114.48,0.0,0.0,2026-03-16,XQJ10000000026346142,订单明细20260329030437.xlsx
红河(软99),130.0,114.48,0.0,0.0,2026-03-16,XQJ10000000026346142,订单明细20260329030437.xlsx
红河(软99),130.0,114.48,0.0,0.0,2026-03-16,XQJ10000000026346142,订单明细20260329030437.xlsx
红河(软99),130.0,114.48,0.0,0.0,2026-03-16,XQJ10000000026346142,订单明细20260329030437.xlsx
红河(软99),130.0,114.48,0.0,0.0,2026-03-16,XQJ10000000026346142,订单明细20260329030437.xlsx
红河(软99),130.0,114.48,0.0,0.0,2026-03-16,XQJ10000000026346142,订单明细20260329030437.xlsx
红河(软甲),65.0,57.2,0.0,0.0,2026-03-16,XQJ10000000026346142,订单明细20260329030437.xlsx
红河(软甲),65.0,57.2,0.0,0.0,2026-03-16,XQJ10000000026346142,订单明细20260329030437.xlsx
红河(软甲),65.0,57.2,0.0,0.0,2026-03-16,XQJ10000000026346142,订单明细20260329030437.xlsx
红河(软甲),65.0,57.2,0.0,0.0,2026-03-16,XQJ10000000026346142,订单明细20260329030437.xlsx
红河(软甲),65.0,57.2,0.0,0.0,2026-03-16,XQJ10000000026346142,订单明细20260329030437.xlsx
红河(软甲),65.0,57.2,0.0,0.0,2026-03-16,XQJ10000000026346142,订单明细20260329030437.xlsx
罗密欧(丘吉尔银管),11250.0,7958.25,0.0,0.0,2026-03-16,XQJ10000000026346142,订单明细20260329030437.xlsx
罗密欧(丘吉尔银管),11250.0,7958.25,0.0,0.0,2026-03-16,XQJ10000000026346142,订单明细20260329030437.xlsx
罗密欧(丘吉尔银管),11250.0,7958.25,0.0,0.0,2026-03-16,XQJ10000000026346142,订单明细20260329030437.xlsx
罗密欧(丘吉尔银管),11250.0,7958.25,0.0,0.0,2026-03-16,XQJ10000000026346142,订单明细20260329030437.xlsx
罗密欧(丘吉尔银管),11250.0,7958.25,0.0,0.0,2026-03-16,XQJ10000000026346142,订单明细20260329030437.xlsx
罗密欧(丘吉尔银管),11250.0,7958.25,0.0,0.0,2026-03-16,XQJ10000000026346142,订单明细20260329030437.xlsx
罗密欧(银管一号),4000.0,2861.25,0.0,0.0,2026-03-16,XQJ10000000026346142,订单明细20260329030437.xlsx
罗密欧(银管一号),4000.0,2861.25,0.0,0.0,2026-03-16,XQJ10000000026346142,订单明细20260329030437.xlsx
罗密欧(银管一号),4000.0,2861.25,0.0,0.0,2026-03-16,XQJ10000000026346142,订单明细20260329030437.xlsx
罗密欧(银管一号),4000.0,2861.25,0.0,0.0,2026-03-16,XQJ10000000026346142,订单明细20260329030437.xlsx
罗密欧(银管一号),4000.0,2861.25,0.0,0.0,2026-03-16,XQJ10000000026346142,订单明细20260329030437.xlsx
罗密欧(银管一号),4000.0,2861.25,0.0,0.0,2026-03-16,XQJ10000000026346142,订单明细20260329030437.xlsx
罗密欧(银管三号),3500.0,2414.75,0.0,0.0,2026-03-16,XQJ10000000026346142,订单明细20260329030437.xlsx
罗密欧(银管三号),3500.0,2414.75,0.0,0.0,2026-03-16,XQJ10000000026346142,订单明细20260329030437.xlsx
罗密欧(银管三号),3500.0,2414.75,0.0,0.0,2026-03-16,XQJ10000000026346142,订单明细20260329030437.xlsx
罗密欧(银管三号),3500.0,2414.75,0.0,0.0,2026-03-16,XQJ10000000026346142,订单明细20260329030437.xlsx
罗密欧(银管三号),3500.0,2414.75,0.0,0.0,2026-03-16,XQJ10000000026346142,订单明细20260329030437.xlsx
罗密欧(银管三号),3500.0,2414.75,0.0,0.0,2026-03-16,XQJ10000000026346142,订单明细20260329030437.xlsx
芙蓉王(品悦细支),260.0,225.0,0.0,0.0,2026-03-16,XQJ10000000026346142,订单明细20260329030437.xlsx
芙蓉王(品悦细支),260.0,225.0,0.0,0.0,2026-03-16,XQJ10000000026346142,订单明细20260329030437.xlsx
芙蓉王(品悦细支),260.0,225.0,0.0,0.0,2026-03-16,XQJ10000000026346142,订单明细20260329030437.xlsx
芙蓉王(品悦细支),260.0,225.0,0.0,0.0,2026-03-16,XQJ10000000026346142,订单明细20260329030437.xlsx
芙蓉王(品悦细支),260.0,225.0,0.0,0.0,2026-03-16,XQJ10000000026346142,订单明细20260329030437.xlsx
芙蓉王(品悦细支),260.0,225.0,0.0,0.0,2026-03-16,XQJ10000000026346142,订单明细20260329030437.xlsx
芙蓉王(沁爽细支),300.0,263.0,0.0,0.0,2026-03-16,XQJ10000000026346142,订单明细20260329030437.xlsx
芙蓉王(沁爽细支),300.0,263.0,0.0,0.0,2026-03-16,XQJ10000000026346142,订单明细20260329030437.xlsx
芙蓉王(沁爽细支),300.0,263.0,0.0,0.0,2026-03-16,XQJ10000000026346142,订单明细20260329030437.xlsx
芙蓉王(沁爽细支),300.0,263.0,0.0,0.0,2026-03-16,XQJ10000000026346142,订单明细20260329030437.xlsx
芙蓉王(沁爽细支),300.0,263.0,0.0,0.0,2026-03-16,XQJ10000000026346142,订单明细20260329030437.xlsx
芙蓉王(沁爽细支),300.0,263.0,0.0,0.0,2026-03-16,XQJ10000000026346142,订单明细20260329030437.xlsx
芙蓉王(硬),250.0,218.36,9.0,1965.24,2026-03-16,XQJ10000000026346142,订单明细20260329030437.xlsx
芙蓉王(硬),250.0,218.36,9.0,1965.24,2026-03-16,XQJ10000000026346142,订单明细20260329030437.xlsx
芙蓉王(硬),250.0,218.36,9.0,1965.24,2026-03-16,XQJ10000000026346142,订单明细20260329030437.xlsx
芙蓉王(硬),250.0,218.36,9.0,1965.24,2026-03-16,XQJ10000000026346142,订单明细20260329030437.xlsx
芙蓉王(硬),250.0,218.36,9.0,1965.24,2026-03-16,XQJ10000000026346142,订单明细20260329030437.xlsx
芙蓉王(硬),250.0,218.36,9.0,1965.24,2026-03-16,XQJ10000000026346142,订单明细20260329030437.xlsx
芙蓉王(硬细支),260.0,225.0,0.0,0.0,2026-03-16,XQJ10000000026346142,订单明细20260329030437.xlsx
芙蓉王(硬细支),260.0,225.0,0.0,0.0,2026-03-16,XQJ10000000026346142,订单明细20260329030437.xlsx
芙蓉王(硬细支),260.0,225.0,0.0,0.0,2026-03-16,XQJ10000000026346142,订单明细20260329030437.xlsx
芙蓉王(硬细支),260.0,225.0,0.0,0.0,2026-03-16,XQJ10000000026346142,订单明细20260329030437.xlsx
芙蓉王(硬细支),260.0,225.0,0.0,0.0,2026-03-16,XQJ10000000026346142,订单明细20260329030437.xlsx
芙蓉王(硬细支),260.0,225.0,0.0,0.0,2026-03-16,XQJ10000000026346142,订单明细20260329030437.xlsx
芙蓉王(硬闪带细支),350.0,300.0,0.0,0.0,2026-03-16,XQJ10000000026346142,订单明细20260329030437.xlsx
芙蓉王(硬闪带细支),350.0,300.0,0.0,0.0,2026-03-16,XQJ10000000026346142,订单明细20260329030437.xlsx
芙蓉王(硬闪带细支),350.0,300.0,0.0,0.0,2026-03-16,XQJ10000000026346142,订单明细20260329030437.xlsx
芙蓉王(硬闪带细支),350.0,300.0,0.0,0.0,2026-03-16,XQJ10000000026346142,订单明细20260329030437.xlsx
芙蓉王(硬闪带细支),350.0,300.0,0.0,0.0,2026-03-16,XQJ10000000026346142,订单明细20260329030437.xlsx
芙蓉王(硬闪带细支),350.0,300.0,0.0,0.0,2026-03-16,XQJ10000000026346142,订单明细20260329030437.xlsx
芙蓉王(绽放),350.0,300.0,0.0,0.0,2026-03-16,XQJ10000000026346142,订单明细20260329030437.xlsx
芙蓉王(绽放),350.0,300.0,0.0,0.0,2026-03-16,XQJ10000000026346142,订单明细20260329030437.xlsx
芙蓉王(绽放),350.0,300.0,0.0,0.0,2026-03-16,XQJ10000000026346142,订单明细20260329030437.xlsx
芙蓉王(绽放),350.0,300.0,0.0,0.0,2026-03-16,XQJ10000000026346142,订单明细20260329030437.xlsx
芙蓉王(绽放),350.0,300.0,0.0,0.0,2026-03-16,XQJ10000000026346142,订单明细20260329030437.xlsx
芙蓉王(绽放),350.0,300.0,0.0,0.0,2026-03-16,XQJ10000000026346142,订单明细20260329030437.xlsx
芙蓉王(绽放细支),400.0,339.2,0.0,0.0,2026-03-16,XQJ10000000026346142,订单明细20260329030437.xlsx
芙蓉王(绽放细支),400.0,339.2,0.0,0.0,2026-03-16,XQJ10000000026346142,订单明细20260329030437.xlsx
芙蓉王(绽放细支),400.0,339.2,0.0,0.0,2026-03-16,XQJ10000000026346142,订单明细20260329030437.xlsx
芙蓉王(绽放细支),400.0,339.2,0.0,0.0,2026-03-16,XQJ10000000026346142,订单明细20260329030437.xlsx
芙蓉王(绽放细支),400.0,339.2,0.0,0.0,2026-03-16,XQJ10000000026346142,订单明细20260329030437.xlsx
芙蓉王(绽放细支),400.0,339.2,0.0,0.0,2026-03-16,XQJ10000000026346142,订单明细20260329030437.xlsx
芙蓉王(锦绣),500.0,381.6,0.0,0.0,2026-03-16,XQJ10000000026346142,订单明细20260329030437.xlsx
芙蓉王(锦绣),500.0,381.6,0.0,0.0,2026-03-16,XQJ10000000026346142,订单明细20260329030437.xlsx
芙蓉王(锦绣),500.0,381.6,0.0,0.0,2026-03-16,XQJ10000000026346142,订单明细20260329030437.xlsx
芙蓉王(锦绣),500.0,381.6,0.0,0.0,2026-03-16,XQJ10000000026346142,订单明细20260329030437.xlsx
芙蓉王(锦绣),500.0,381.6,0.0,0.0,2026-03-16,XQJ10000000026346142,订单明细20260329030437.xlsx
芙蓉王(锦绣),500.0,381.6,0.0,0.0,2026-03-16,XQJ10000000026346142,订单明细20260329030437.xlsx
芙蓉王(锦绣世纪3mg),800.0,678.4,0.0,0.0,2026-03-16,XQJ10000000026346142,订单明细20260329030437.xlsx
芙蓉王(锦绣世纪3mg),800.0,678.4,0.0,0.0,2026-03-16,XQJ10000000026346142,订单明细20260329030437.xlsx
芙蓉王(锦绣世纪3mg),800.0,678.4,0.0,0.0,2026-03-16,XQJ10000000026346142,订单明细20260329030437.xlsx
芙蓉王(锦绣世纪3mg),800.0,678.4,0.0,0.0,2026-03-16,XQJ10000000026346142,订单明细20260329030437.xlsx
芙蓉王(锦绣世纪3mg),800.0,678.4,0.0,0.0,2026-03-16,XQJ10000000026346142,订单明细20260329030437.xlsx
芙蓉王(锦绣世纪3mg),800.0,678.4,0.0,0.0,2026-03-16,XQJ10000000026346142,订单明细20260329030437.xlsx
芙蓉王(锦绣细支),500.0,424.0,0.0,0.0,2026-03-16,XQJ10000000026346142,订单明细20260329030437.xlsx
芙蓉王(锦绣细支),500.0,424.0,0.0,0.0,2026-03-16,XQJ10000000026346142,订单明细20260329030437.xlsx
芙蓉王(锦绣细支),500.0,424.0,0.0,0.0,2026-03-16,XQJ10000000026346142,订单明细20260329030437.xlsx
芙蓉王(锦绣细支),500.0,424.0,0.0,0.0,2026-03-16,XQJ10000000026346142,订单明细20260329030437.xlsx
芙蓉王(锦绣细支),500.0,424.0,0.0,0.0,2026-03-16,XQJ10000000026346142,订单明细20260329030437.xlsx
芙蓉王(锦绣细支),500.0,424.0,0.0,0.0,2026-03-16,XQJ10000000026346142,订单明细20260329030437.xlsx
苏烟(软金砂),450.0,381.6,0.0,0.0,2026-03-16,XQJ10000000026346142,订单明细20260329030437.xlsx
苏烟(软金砂),450.0,381.6,0.0,0.0,2026-03-16,XQJ10000000026346142,订单明细20260329030437.xlsx
苏烟(软金砂),450.0,381.6,0.0,0.0,2026-03-16,XQJ10000000026346142,订单明细20260329030437.xlsx
苏烟(软金砂),450.0,381.6,0.0,0.0,2026-03-16,XQJ10000000026346142,订单明细20260329030437.xlsx
苏烟(软金砂),450.0,381.6,0.0,0.0,2026-03-16,XQJ10000000026346142,订单明细20260329030437.xlsx
苏烟(软金砂),450.0,381.6,0.0,0.0,2026-03-16,XQJ10000000026346142,订单明细20260329030437.xlsx
蒙特(埃德蒙),8250.0,5794.25,0.0,0.0,2026-03-16,XQJ10000000026346142,订单明细20260329030437.xlsx
蒙特(埃德蒙),8250.0,5794.25,0.0,0.0,2026-03-16,XQJ10000000026346142,订单明细20260329030437.xlsx
蒙特(埃德蒙),8250.0,5794.25,0.0,0.0,2026-03-16,XQJ10000000026346142,订单明细20260329030437.xlsx
蒙特(埃德蒙),8250.0,5794.25,0.0,0.0,2026-03-16,XQJ10000000026346142,订单明细20260329030437.xlsx
蒙特(埃德蒙),8250.0,5794.25,0.0,0.0,2026-03-16,XQJ10000000026346142,订单明细20260329030437.xlsx
蒙特(埃德蒙),8250.0,5794.25,0.0,0.0,2026-03-16,XQJ10000000026346142,订单明细20260329030437.xlsx
蒙特利(逍遥二号),6250.0,4399.25,0.0,0.0,2026-03-16,XQJ10000000026346142,订单明细20260329030437.xlsx
蒙特利(逍遥二号),6250.0,4399.25,0.0,0.0,2026-03-16,XQJ10000000026346142,订单明细20260329030437.xlsx
蒙特利(逍遥二号),6250.0,4399.25,0.0,0.0,2026-03-16,XQJ10000000026346142,订单明细20260329030437.xlsx
蒙特利(逍遥二号),6250.0,4399.25,0.0,0.0,2026-03-16,XQJ10000000026346142,订单明细20260329030437.xlsx
蒙特利(逍遥二号),6250.0,4399.25,0.0,0.0,2026-03-16,XQJ10000000026346142,订单明细20260329030437.xlsx
蒙特利(逍遥二号),6250.0,4399.25,0.0,0.0,2026-03-16,XQJ10000000026346142,订单明细20260329030437.xlsx
贵烟(喜),160.0,143.1,1.0,143.1,2026-03-16,XQJ10000000026346142,订单明细20260329030437.xlsx
贵烟(喜),160.0,143.1,1.0,143.1,2026-03-16,XQJ10000000026346142,订单明细20260329030437.xlsx
贵烟(喜),160.0,143.1,1.0,143.1,2026-03-16,XQJ10000000026346142,订单明细20260329030437.xlsx
贵烟(喜),160.0,143.1,1.0,143.1,2026-03-16,XQJ10000000026346142,订单明细20260329030437.xlsx
贵烟(喜),160.0,143.1,1.0,143.1,2026-03-16,XQJ10000000026346142,订单明细20260329030437.xlsx
贵烟(喜),160.0,143.1,1.0,143.1,2026-03-16,XQJ10000000026346142,订单明细20260329030437.xlsx
贵烟(硬黄精品),140.0,114.5,2.0,229.0,2026-03-16,XQJ10000000026346142,订单明细20260329030437.xlsx
贵烟(硬黄精品),140.0,114.5,2.0,229.0,2026-03-16,XQJ10000000026346142,订单明细20260329030437.xlsx
贵烟(硬黄精品),140.0,114.5,2.0,229.0,2026-03-16,XQJ10000000026346142,订单明细20260329030437.xlsx
贵烟(硬黄精品),140.0,114.5,2.0,229.0,2026-03-16,XQJ10000000026346142,订单明细20260329030437.xlsx
贵烟(硬黄精品),140.0,114.5,2.0,229.0,2026-03-16,XQJ10000000026346142,订单明细20260329030437.xlsx
贵烟(硬黄精品),140.0,114.5,2.0,229.0,2026-03-16,XQJ10000000026346142,订单明细20260329030437.xlsx
贵烟(萃),200.0,158.0,0.0,0.0,2026-03-16,XQJ10000000026346142,订单明细20260329030437.xlsx
贵烟(萃),200.0,158.0,0.0,0.0,2026-03-16,XQJ10000000026346142,订单明细20260329030437.xlsx
贵烟(萃),200.0,158.0,0.0,0.0,2026-03-16,XQJ10000000026346142,订单明细20260329030437.xlsx
贵烟(萃),200.0,158.0,0.0,0.0,2026-03-16,XQJ10000000026346142,订单明细20260329030437.xlsx
贵烟(萃),200.0,158.0,0.0,0.0,2026-03-16,XQJ10000000026346142,订单明细20260329030437.xlsx
贵烟(萃),200.0,158.0,0.0,0.0,2026-03-16,XQJ10000000026346142,订单明细20260329030437.xlsx
贵烟(跨越),250.0,201.4,0.0,0.0,2026-03-16,XQJ10000000026346142,订单明细20260329030437.xlsx
贵烟(跨越),250.0,201.4,0.0,0.0,2026-03-16,XQJ10000000026346142,订单明细20260329030437.xlsx
贵烟(跨越),250.0,201.4,0.0,0.0,2026-03-16,XQJ10000000026346142,订单明细20260329030437.xlsx
贵烟(跨越),250.0,201.4,0.0,0.0,2026-03-16,XQJ10000000026346142,订单明细20260329030437.xlsx
贵烟(跨越),250.0,201.4,0.0,0.0,2026-03-16,XQJ10000000026346142,订单明细20260329030437.xlsx
贵烟(跨越),250.0,201.4,0.0,0.0,2026-03-16,XQJ10000000026346142,订单明细20260329030437.xlsx
金圣(吉品),250.0,219.42,0.0,0.0,2026-03-16,XQJ10000000026346142,订单明细20260329030437.xlsx
金圣(吉品),250.0,219.42,0.0,0.0,2026-03-16,XQJ10000000026346142,订单明细20260329030437.xlsx
金圣(吉品),250.0,219.42,0.0,0.0,2026-03-16,XQJ10000000026346142,订单明细20260329030437.xlsx
金圣(吉品),250.0,219.42,0.0,0.0,2026-03-16,XQJ10000000026346142,订单明细20260329030437.xlsx
金圣(吉品),250.0,219.42,0.0,0.0,2026-03-16,XQJ10000000026346142,订单明细20260329030437.xlsx
金圣(吉品),250.0,219.42,0.0,0.0,2026-03-16,XQJ10000000026346142,订单明细20260329030437.xlsx
金圣(青瓷),180.0,158.0,0.0,0.0,2026-03-16,XQJ10000000026346142,订单明细20260329030437.xlsx
金圣(青瓷),180.0,158.0,0.0,0.0,2026-03-16,XQJ10000000026346142,订单明细20260329030437.xlsx
金圣(青瓷),180.0,158.0,0.0,0.0,2026-03-16,XQJ10000000026346142,订单明细20260329030437.xlsx
金圣(青瓷),180.0,158.0,0.0,0.0,2026-03-16,XQJ10000000026346142,订单明细20260329030437.xlsx
金圣(青瓷),180.0,158.0,0.0,0.0,2026-03-16,XQJ10000000026346142,订单明细20260329030437.xlsx
金圣(青瓷),180.0,158.0,0.0,0.0,2026-03-16,XQJ10000000026346142,订单明细20260329030437.xlsx
金桥(炫影细支),260.0,225.0,1.0,225.0,2026-03-16,XQJ10000000026346142,订单明细20260329030437.xlsx
金桥(炫影细支),260.0,225.0,1.0,225.0,2026-03-16,XQJ10000000026346142,订单明细20260329030437.xlsx
金桥(炫影细支),260.0,225.0,1.0,225.0,2026-03-16,XQJ10000000026346142,订单明细20260329030437.xlsx
金桥(炫影细支),260.0,225.0,1.0,225.0,2026-03-16,XQJ10000000026346142,订单明细20260329030437.xlsx
金桥(炫影细支),260.0,225.0,1.0,225.0,2026-03-16,XQJ10000000026346142,订单明细20260329030437.xlsx
金桥(炫影细支),260.0,225.0,1.0,225.0,2026-03-16,XQJ10000000026346142,订单明细20260329030437.xlsx
钻石(双中支荷花),450.0,381.6,0.0,0.0,2026-03-16,XQJ10000000026346142,订单明细20260329030437.xlsx
钻石(双中支荷花),450.0,381.6,0.0,0.0,2026-03-16,XQJ10000000026346142,订单明细20260329030437.xlsx
钻石(双中支荷花),450.0,381.6,0.0,0.0,2026-03-16,XQJ10000000026346142,订单明细20260329030437.xlsx
钻石(双中支荷花),450.0,381.6,0.0,0.0,2026-03-16,XQJ10000000026346142,订单明细20260329030437.xlsx
钻石(双中支荷花),450.0,381.6,0.0,0.0,2026-03-16,XQJ10000000026346142,订单明细20260329030437.xlsx
钻石(双中支荷花),450.0,381.6,0.0,0.0,2026-03-16,XQJ10000000026346142,订单明细20260329030437.xlsx
钻石(细支荷花),420.0,360.4,0.0,0.0,2026-03-16,XQJ10000000026346142,订单明细20260329030437.xlsx
钻石(细支荷花),420.0,360.4,0.0,0.0,2026-03-16,XQJ10000000026346142,订单明细20260329030437.xlsx
钻石(细支荷花),420.0,360.4,0.0,0.0,2026-03-16,XQJ10000000026346142,订单明细20260329030437.xlsx
钻石(细支荷花),420.0,360.4,0.0,0.0,2026-03-16,XQJ10000000026346142,订单明细20260329030437.xlsx
钻石(细支荷花),420.0,360.4,0.0,0.0,2026-03-16,XQJ10000000026346142,订单明细20260329030437.xlsx
钻石(细支荷花),420.0,360.4,0.0,0.0,2026-03-16,XQJ10000000026346142,订单明细20260329030437.xlsx
钻石(荷花),320.0,275.6,0.0,0.0,2026-03-16,XQJ10000000026346142,订单明细20260329030437.xlsx
钻石(荷花),320.0,275.6,0.0,0.0,2026-03-16,XQJ10000000026346142,订单明细20260329030437.xlsx
钻石(荷花),320.0,275.6,0.0,0.0,2026-03-16,XQJ10000000026346142,订单明细20260329030437.xlsx
钻石(荷花),320.0,275.6,0.0,0.0,2026-03-16,XQJ10000000026346142,订单明细20260329030437.xlsx
钻石(荷花),320.0,275.6,0.0,0.0,2026-03-16,XQJ10000000026346142,订单明细20260329030437.xlsx
钻石(荷花),320.0,275.6,0.0,0.0,2026-03-16,XQJ10000000026346142,订单明细20260329030437.xlsx
钻石(荷花小雅90mm细支),550.0,470.0,0.0,0.0,2026-03-16,XQJ10000000026346142,订单明细20260329030437.xlsx
钻石(荷花小雅90mm细支),550.0,470.0,0.0,0.0,2026-03-16,XQJ10000000026346142,订单明细20260329030437.xlsx
钻石(荷花小雅90mm细支),550.0,470.0,0.0,0.0,2026-03-16,XQJ10000000026346142,订单明细20260329030437.xlsx
钻石(荷花小雅90mm细支),550.0,470.0,0.0,0.0,2026-03-16,XQJ10000000026346142,订单明细20260329030437.xlsx
钻石(荷花小雅90mm细支),550.0,470.0,0.0,0.0,2026-03-16,XQJ10000000026346142,订单明细20260329030437.xlsx
钻石(荷花小雅90mm细支),550.0,470.0,0.0,0.0,2026-03-16,XQJ10000000026346142,订单明细20260329030437.xlsx
钻石(软荷花),500.0,339.2,0.0,0.0,2026-03-16,XQJ10000000026346142,订单明细20260329030437.xlsx
钻石(软荷花),500.0,339.2,0.0,0.0,2026-03-16,XQJ10000000026346142,订单明细20260329030437.xlsx
钻石(软荷花),500.0,339.2,0.0,0.0,2026-03-16,XQJ10000000026346142,订单明细20260329030437.xlsx
钻石(软荷花),500.0,339.2,0.0,0.0,2026-03-16,XQJ10000000026346142,订单明细20260329030437.xlsx
钻石(软荷花),500.0,339.2,0.0,0.0,2026-03-16,XQJ10000000026346142,订单明细20260329030437.xlsx
钻石(软荷花),500.0,339.2,0.0,0.0,2026-03-16,XQJ10000000026346142,订单明细20260329030437.xlsx
长城(10支132秘制),1200.0,900.0,0.0,0.0,2026-03-16,XQJ10000000026346142,订单明细20260329030437.xlsx
长城(10支132秘制),1200.0,900.0,0.0,0.0,2026-03-16,XQJ10000000026346142,订单明细20260329030437.xlsx
长城(10支132秘制),1200.0,900.0,0.0,0.0,2026-03-16,XQJ10000000026346142,订单明细20260329030437.xlsx
长城(10支132秘制),1200.0,900.0,0.0,0.0,2026-03-16,XQJ10000000026346142,订单明细20260329030437.xlsx
长城(10支132秘制),1200.0,900.0,0.0,0.0,2026-03-16,XQJ10000000026346142,订单明细20260329030437.xlsx
长城(10支132秘制),1200.0,900.0,0.0,0.0,2026-03-16,XQJ10000000026346142,订单明细20260329030437.xlsx
长城(132奇迹),1000.0,640.0,0.0,0.0,2026-03-16,XQJ10000000026346142,订单明细20260329030437.xlsx
长城(132奇迹),1000.0,640.0,0.0,0.0,2026-03-16,XQJ10000000026346142,订单明细20260329030437.xlsx
长城(132奇迹),1000.0,640.0,0.0,0.0,2026-03-16,XQJ10000000026346142,订单明细20260329030437.xlsx
长城(132奇迹),1000.0,640.0,0.0,0.0,2026-03-16,XQJ10000000026346142,订单明细20260329030437.xlsx
长城(132奇迹),1000.0,640.0,0.0,0.0,2026-03-16,XQJ10000000026346142,订单明细20260329030437.xlsx
长城(132奇迹),1000.0,640.0,0.0,0.0,2026-03-16,XQJ10000000026346142,订单明细20260329030437.xlsx
长城(132益川老坊3),2500.0,1750.0,0.0,0.0,2026-03-16,XQJ10000000026346142,订单明细20260329030437.xlsx
长城(132益川老坊3),2500.0,1750.0,0.0,0.0,2026-03-16,XQJ10000000026346142,订单明细20260329030437.xlsx
长城(132益川老坊3),2500.0,1750.0,0.0,0.0,2026-03-16,XQJ10000000026346142,订单明细20260329030437.xlsx
长城(132益川老坊3),2500.0,1750.0,0.0,0.0,2026-03-16,XQJ10000000026346142,订单明细20260329030437.xlsx
长城(132益川老坊3),2500.0,1750.0,0.0,0.0,2026-03-16,XQJ10000000026346142,订单明细20260329030437.xlsx
长城(132益川老坊3),2500.0,1750.0,0.0,0.0,2026-03-16,XQJ10000000026346142,订单明细20260329030437.xlsx
长城(132迷你3号),250.0,187.5,0.0,0.0,2026-03-16,XQJ10000000026346142,订单明细20260329030437.xlsx
长城(132迷你3号),250.0,187.5,0.0,0.0,2026-03-16,XQJ10000000026346142,订单明细20260329030437.xlsx
长城(132迷你3号),250.0,187.5,0.0,0.0,2026-03-16,XQJ10000000026346142,订单明细20260329030437.xlsx
长城(132迷你3号),250.0,187.5,0.0,0.0,2026-03-16,XQJ10000000026346142,订单明细20260329030437.xlsx
长城(132迷你3号),250.0,187.5,0.0,0.0,2026-03-16,XQJ10000000026346142,订单明细20260329030437.xlsx
长城(132迷你3号),250.0,187.5,0.0,0.0,2026-03-16,XQJ10000000026346142,订单明细20260329030437.xlsx
长城(3号),300.0,230.0,0.0,0.0,2026-03-16,XQJ10000000026346142,订单明细20260329030437.xlsx
长城(3号),300.0,230.0,0.0,0.0,2026-03-16,XQJ10000000026346142,订单明细20260329030437.xlsx
长城(3号),300.0,230.0,0.0,0.0,2026-03-16,XQJ10000000026346142,订单明细20260329030437.xlsx
长城(3号),300.0,230.0,0.0,0.0,2026-03-16,XQJ10000000026346142,订单明细20260329030437.xlsx
长城(3号),300.0,230.0,0.0,0.0,2026-03-16,XQJ10000000026346142,订单明细20260329030437.xlsx
长城(3号),300.0,230.0,0.0,0.0,2026-03-16,XQJ10000000026346142,订单明细20260329030437.xlsx
长城(GJ6号),2000.0,1200.0,0.0,0.0,2026-03-16,XQJ10000000026346142,订单明细20260329030437.xlsx
长城(GJ6号),2000.0,1200.0,0.0,0.0,2026-03-16,XQJ10000000026346142,订单明细20260329030437.xlsx
长城(GJ6号),2000.0,1200.0,0.0,0.0,2026-03-16,XQJ10000000026346142,订单明细20260329030437.xlsx
长城(GJ6号),2000.0,1200.0,0.0,0.0,2026-03-16,XQJ10000000026346142,订单明细20260329030437.xlsx
长城(GJ6号),2000.0,1200.0,0.0,0.0,2026-03-16,XQJ10000000026346142,订单明细20260329030437.xlsx
长城(GJ6号),2000.0,1200.0,0.0,0.0,2026-03-16,XQJ10000000026346142,订单明细20260329030437.xlsx
长城(GL3号),3080.0,1680.0,0.0,0.0,2026-03-16,XQJ10000000026346142,订单明细20260329030437.xlsx
长城(GL3号),3080.0,1680.0,0.0,0.0,2026-03-16,XQJ10000000026346142,订单明细20260329030437.xlsx
长城(GL3号),3080.0,1680.0,0.0,0.0,2026-03-16,XQJ10000000026346142,订单明细20260329030437.xlsx
长城(GL3号),3080.0,1680.0,0.0,0.0,2026-03-16,XQJ10000000026346142,订单明细20260329030437.xlsx
长城(GL3号),3080.0,1680.0,0.0,0.0,2026-03-16,XQJ10000000026346142,订单明细20260329030437.xlsx
长城(GL3号),3080.0,1680.0,0.0,0.0,2026-03-16,XQJ10000000026346142,订单明细20260329030437.xlsx
长城(唯佳金字塔),1700.0,1150.0,0.0,0.0,2026-03-16,XQJ10000000026346142,订单明细20260329030437.xlsx
长城(唯佳金字塔),1700.0,1150.0,0.0,0.0,2026-03-16,XQJ10000000026346142,订单明细20260329030437.xlsx
长城(唯佳金字塔),1700.0,1150.0,0.0,0.0,2026-03-16,XQJ10000000026346142,订单明细20260329030437.xlsx
长城(唯佳金字塔),1700.0,1150.0,0.0,0.0,2026-03-16,XQJ10000000026346142,订单明细20260329030437.xlsx
长城(唯佳金字塔),1700.0,1150.0,0.0,0.0,2026-03-16,XQJ10000000026346142,订单明细20260329030437.xlsx
长城(唯佳金字塔),1700.0,1150.0,0.0,0.0,2026-03-16,XQJ10000000026346142,订单明细20260329030437.xlsx
长城(大号铝管5支),250.0,190.0,0.0,0.0,2026-03-16,XQJ10000000026346142,订单明细20260329030437.xlsx
长城(大号铝管5支),250.0,190.0,0.0,0.0,2026-03-16,XQJ10000000026346142,订单明细20260329030437.xlsx
长城(大号铝管5支),250.0,190.0,0.0,0.0,2026-03-16,XQJ10000000026346142,订单明细20260329030437.xlsx
长城(大号铝管5支),250.0,190.0,0.0,0.0,2026-03-16,XQJ10000000026346142,订单明细20260329030437.xlsx
长城(大号铝管5支),250.0,190.0,0.0,0.0,2026-03-16,XQJ10000000026346142,订单明细20260329030437.xlsx
长城(大号铝管5支),250.0,190.0,0.0,0.0,2026-03-16,XQJ10000000026346142,订单明细20260329030437.xlsx
长城(导师6号),1500.0,1050.0,0.0,0.0,2026-03-16,XQJ10000000026346142,订单明细20260329030437.xlsx
长城(导师6号),1500.0,1050.0,0.0,0.0,2026-03-16,XQJ10000000026346142,订单明细20260329030437.xlsx
长城(导师6号),1500.0,1050.0,0.0,0.0,2026-03-16,XQJ10000000026346142,订单明细20260329030437.xlsx
长城(导师6号),1500.0,1050.0,0.0,0.0,2026-03-16,XQJ10000000026346142,订单明细20260329030437.xlsx
长城(导师6号),1500.0,1050.0,0.0,0.0,2026-03-16,XQJ10000000026346142,订单明细20260329030437.xlsx
长城(导师6号),1500.0,1050.0,0.0,0.0,2026-03-16,XQJ10000000026346142,订单明细20260329030437.xlsx
长城(揽胜1号),1600.0,1120.0,0.0,0.0,2026-03-16,XQJ10000000026346142,订单明细20260329030437.xlsx
长城(揽胜1号),1600.0,1120.0,0.0,0.0,2026-03-16,XQJ10000000026346142,订单明细20260329030437.xlsx
长城(揽胜1号),1600.0,1120.0,0.0,0.0,2026-03-16,XQJ10000000026346142,订单明细20260329030437.xlsx
长城(揽胜1号),1600.0,1120.0,0.0,0.0,2026-03-16,XQJ10000000026346142,订单明细20260329030437.xlsx
长城(揽胜1号),1600.0,1120.0,0.0,0.0,2026-03-16,XQJ10000000026346142,订单明细20260329030437.xlsx
长城(揽胜1号),1600.0,1120.0,0.0,0.0,2026-03-16,XQJ10000000026346142,订单明细20260329030437.xlsx
长城(揽胜3号经典),800.0,600.0,0.0,0.0,2026-03-16,XQJ10000000026346142,订单明细20260329030437.xlsx
长城(揽胜3号经典),800.0,600.0,0.0,0.0,2026-03-16,XQJ10000000026346142,订单明细20260329030437.xlsx
长城(揽胜3号经典),800.0,600.0,0.0,0.0,2026-03-16,XQJ10000000026346142,订单明细20260329030437.xlsx
长城(揽胜3号经典),800.0,600.0,0.0,0.0,2026-03-16,XQJ10000000026346142,订单明细20260329030437.xlsx
长城(揽胜3号经典),800.0,600.0,0.0,0.0,2026-03-16,XQJ10000000026346142,订单明细20260329030437.xlsx
长城(揽胜3号经典),800.0,600.0,0.0,0.0,2026-03-16,XQJ10000000026346142,订单明细20260329030437.xlsx
长城(生肖版),1500.0,1120.0,0.0,0.0,2026-03-16,XQJ10000000026346142,订单明细20260329030437.xlsx
长城(生肖版),1500.0,1120.0,0.0,0.0,2026-03-16,XQJ10000000026346142,订单明细20260329030437.xlsx
长城(生肖版),1500.0,1120.0,0.0,0.0,2026-03-16,XQJ10000000026346142,订单明细20260329030437.xlsx
长城(生肖版),1500.0,1120.0,0.0,0.0,2026-03-16,XQJ10000000026346142,订单明细20260329030437.xlsx
长城(生肖版),1500.0,1120.0,0.0,0.0,2026-03-16,XQJ10000000026346142,订单明细20260329030437.xlsx
长城(生肖版),1500.0,1120.0,0.0,0.0,2026-03-16,XQJ10000000026346142,订单明细20260329030437.xlsx
长城(盛世3号),880.0,616.0,0.0,0.0,2026-03-16,XQJ10000000026346142,订单明细20260329030437.xlsx
长城(盛世3号),880.0,616.0,0.0,0.0,2026-03-16,XQJ10000000026346142,订单明细20260329030437.xlsx
长城(盛世3号),880.0,616.0,0.0,0.0,2026-03-16,XQJ10000000026346142,订单明细20260329030437.xlsx
长城(盛世3号),880.0,616.0,0.0,0.0,2026-03-16,XQJ10000000026346142,订单明细20260329030437.xlsx
长城(盛世3号),880.0,616.0,0.0,0.0,2026-03-16,XQJ10000000026346142,订单明细20260329030437.xlsx
长城(盛世3号),880.0,616.0,0.0,0.0,2026-03-16,XQJ10000000026346142,订单明细20260329030437.xlsx
长城(盛世5号),300.0,230.0,0.0,0.0,2026-03-16,XQJ10000000026346142,订单明细20260329030437.xlsx
长城(盛世5号),300.0,230.0,0.0,0.0,2026-03-16,XQJ10000000026346142,订单明细20260329030437.xlsx
长城(盛世5号),300.0,230.0,0.0,0.0,2026-03-16,XQJ10000000026346142,订单明细20260329030437.xlsx
长城(盛世5号),300.0,230.0,0.0,0.0,2026-03-16,XQJ10000000026346142,订单明细20260329030437.xlsx
长城(盛世5号),300.0,230.0,0.0,0.0,2026-03-16,XQJ10000000026346142,订单明细20260329030437.xlsx
长城(盛世5号),300.0,230.0,0.0,0.0,2026-03-16,XQJ10000000026346142,订单明细20260329030437.xlsx
长城(盛世6号),840.0,588.0,0.0,0.0,2026-03-16,XQJ10000000026346142,订单明细20260329030437.xlsx
长城(盛世6号),840.0,588.0,0.0,0.0,2026-03-16,XQJ10000000026346142,订单明细20260329030437.xlsx
长城(盛世6号),840.0,588.0,0.0,0.0,2026-03-16,XQJ10000000026346142,订单明细20260329030437.xlsx
长城(盛世6号),840.0,588.0,0.0,0.0,2026-03-16,XQJ10000000026346142,订单明细20260329030437.xlsx
长城(盛世6号),840.0,588.0,0.0,0.0,2026-03-16,XQJ10000000026346142,订单明细20260329030437.xlsx
长城(盛世6号),840.0,588.0,0.0,0.0,2026-03-16,XQJ10000000026346142,订单明细20260329030437.xlsx
长城(红色132),200.0,150.0,0.0,0.0,2026-03-16,XQJ10000000026346142,订单明细20260329030437.xlsx
长城(红色132),200.0,150.0,0.0,0.0,2026-03-16,XQJ10000000026346142,订单明细20260329030437.xlsx
长城(红色132),200.0,150.0,0.0,0.0,2026-03-16,XQJ10000000026346142,订单明细20260329030437.xlsx
长城(红色132),200.0,150.0,0.0,0.0,2026-03-16,XQJ10000000026346142,订单明细20260329030437.xlsx
长城(红色132),200.0,150.0,0.0,0.0,2026-03-16,XQJ10000000026346142,订单明细20260329030437.xlsx
长城(红色132),200.0,150.0,0.0,0.0,2026-03-16,XQJ10000000026346142,订单明细20260329030437.xlsx
长城(经典3号),500.0,380.0,0.0,0.0,2026-03-16,XQJ10000000026346142,订单明细20260329030437.xlsx
长城(经典3号),500.0,380.0,0.0,0.0,2026-03-16,XQJ10000000026346142,订单明细20260329030437.xlsx
长城(经典3号),500.0,380.0,0.0,0.0,2026-03-16,XQJ10000000026346142,订单明细20260329030437.xlsx
长城(经典3号),500.0,380.0,0.0,0.0,2026-03-16,XQJ10000000026346142,订单明细20260329030437.xlsx
长城(经典3号),500.0,380.0,0.0,0.0,2026-03-16,XQJ10000000026346142,订单明细20260329030437.xlsx
长城(经典3号),500.0,380.0,0.0,0.0,2026-03-16,XQJ10000000026346142,订单明细20260329030437.xlsx
长城(迷你香草),260.0,200.0,0.0,0.0,2026-03-16,XQJ10000000026346142,订单明细20260329030437.xlsx
长城(迷你香草),260.0,200.0,0.0,0.0,2026-03-16,XQJ10000000026346142,订单明细20260329030437.xlsx
长城(迷你香草),260.0,200.0,0.0,0.0,2026-03-16,XQJ10000000026346142,订单明细20260329030437.xlsx
长城(迷你香草),260.0,200.0,0.0,0.0,2026-03-16,XQJ10000000026346142,订单明细20260329030437.xlsx
长城(迷你香草),260.0,200.0,0.0,0.0,2026-03-16,XQJ10000000026346142,订单明细20260329030437.xlsx
长城(迷你香草),260.0,200.0,0.0,0.0,2026-03-16,XQJ10000000026346142,订单明细20260329030437.xlsx
长白山(777),150.0,121.9,0.0,0.0,2026-03-16,XQJ10000000026346142,订单明细20260329030437.xlsx
长白山(777),150.0,121.9,0.0,0.0,2026-03-16,XQJ10000000026346142,订单明细20260329030437.xlsx
长白山(777),150.0,121.9,0.0,0.0,2026-03-16,XQJ10000000026346142,订单明细20260329030437.xlsx
长白山(777),150.0,121.9,0.0,0.0,2026-03-16,XQJ10000000026346142,订单明细20260329030437.xlsx
长白山(777),150.0,121.9,0.0,0.0,2026-03-16,XQJ10000000026346142,订单明细20260329030437.xlsx
长白山(777),150.0,121.9,0.0,0.0,2026-03-16,XQJ10000000026346142,订单明细20260329030437.xlsx
长白山(蓝尚),180.0,158.0,0.0,0.0,2026-03-16,XQJ10000000026346142,订单明细20260329030437.xlsx
长白山(蓝尚),180.0,158.0,0.0,0.0,2026-03-16,XQJ10000000026346142,订单明细20260329030437.xlsx
长白山(蓝尚),180.0,158.0,0.0,0.0,2026-03-16,XQJ10000000026346142,订单明细20260329030437.xlsx
长白山(蓝尚),180.0,158.0,0.0,0.0,2026-03-16,XQJ10000000026346142,订单明细20260329030437.xlsx
长白山(蓝尚),180.0,158.0,0.0,0.0,2026-03-16,XQJ10000000026346142,订单明细20260329030437.xlsx
长白山(蓝尚),180.0,158.0,0.0,0.0,2026-03-16,XQJ10000000026346142,订单明细20260329030437.xlsx
高希霸(世纪四),13500.0,9362.75,0.0,0.0,2026-03-16,XQJ10000000026346142,订单明细20260329030437.xlsx
高希霸(世纪四),13500.0,9362.75,0.0,0.0,2026-03-16,XQJ10000000026346142,订单明细20260329030437.xlsx
高希霸(世纪四),13500.0,9362.75,0.0,0.0,2026-03-16,XQJ10000000026346142,订单明细20260329030437.xlsx
高希霸(世纪四),13500.0,9362.75,0.0,0.0,2026-03-16,XQJ10000000026346142,订单明细20260329030437.xlsx
高希霸(世纪四),13500.0,9362.75,0.0,0.0,2026-03-16,XQJ10000000026346142,订单明细20260329030437.xlsx
高希霸(世纪四),13500.0,9362.75,0.0,0.0,2026-03-16,XQJ10000000026346142,订单明细20260329030437.xlsx
高希霸(罗布图木盒25支装),13750.0,9604.25,0.0,0.0,2026-03-16,XQJ10000000026346142,订单明细20260329030437.xlsx
高希霸(罗布图木盒25支装),13750.0,9604.25,0.0,0.0,2026-03-16,XQJ10000000026346142,订单明细20260329030437.xlsx
高希霸(罗布图木盒25支装),13750.0,9604.25,0.0,0.0,2026-03-16,XQJ10000000026346142,订单明细20260329030437.xlsx
高希霸(罗布图木盒25支装),13750.0,9604.25,0.0,0.0,2026-03-16,XQJ10000000026346142,订单明细20260329030437.xlsx
高希霸(罗布图木盒25支装),13750.0,9604.25,0.0,0.0,2026-03-16,XQJ10000000026346142,订单明细20260329030437.xlsx
高希霸(罗布图木盒25支装),13750.0,9604.25,0.0,0.0,2026-03-16,XQJ10000000026346142,订单明细20260329030437.xlsx
黄山(徽商新概念细支),500.0,339.2,1.0,339.2,2026-03-16,XQJ10000000026346142,订单明细20260329030437.xlsx
黄山(徽商新概念细支),500.0,339.2,1.0,339.2,2026-03-16,XQJ10000000026346142,订单明细20260329030437.xlsx
黄山(徽商新概念细支),500.0,339.2,1.0,339.2,2026-03-16,XQJ10000000026346142,订单明细20260329030437.xlsx
黄山(徽商新概念细支),500.0,339.2,1.0,339.2,2026-03-16,XQJ10000000026346142,订单明细20260329030437.xlsx
黄山(徽商新概念细支),500.0,339.2,1.0,339.2,2026-03-16,XQJ10000000026346142,订单明细20260329030437.xlsx
黄山(徽商新概念细支),500.0,339.2,1.0,339.2,2026-03-16,XQJ10000000026346142,订单明细20260329030437.xlsx
黄山(新制皖烟),140.0,121.9,0.0,0.0,2026-03-16,XQJ10000000026346142,订单明细20260329030437.xlsx
黄山(新制皖烟),140.0,121.9,0.0,0.0,2026-03-16,XQJ10000000026346142,订单明细20260329030437.xlsx
黄山(新制皖烟),140.0,121.9,0.0,0.0,2026-03-16,XQJ10000000026346142,订单明细20260329030437.xlsx
黄山(新制皖烟),140.0,121.9,0.0,0.0,2026-03-16,XQJ10000000026346142,订单明细20260329030437.xlsx
黄山(新制皖烟),140.0,121.9,0.0,0.0,2026-03-16,XQJ10000000026346142,订单明细20260329030437.xlsx
黄山(新制皖烟),140.0,121.9,0.0,0.0,2026-03-16,XQJ10000000026346142,订单明细20260329030437.xlsx
黄果树(佳品),70.0,61.5,0.0,0.0,2026-03-16,XQJ10000000026346142,订单明细20260329030437.xlsx
黄果树(佳品),70.0,61.5,0.0,0.0,2026-03-16,XQJ10000000026346142,订单明细20260329030437.xlsx
黄果树(佳品),70.0,61.5,0.0,0.0,2026-03-16,XQJ10000000026346142,订单明细20260329030437.xlsx
黄果树(佳品),70.0,61.5,0.0,0.0,2026-03-16,XQJ10000000026346142,订单明细20260329030437.xlsx
黄果树(佳品),70.0,61.5,0.0,0.0,2026-03-16,XQJ10000000026346142,订单明细20260329030437.xlsx
黄果树(佳品),70.0,61.5,0.0,0.0,2026-03-16,XQJ10000000026346142,订单明细20260329030437.xlsx
黄金叶(乐途),140.0,121.9,0.0,0.0,2026-03-16,XQJ10000000026346142,订单明细20260329030437.xlsx
黄金叶(乐途),140.0,121.9,0.0,0.0,2026-03-16,XQJ10000000026346142,订单明细20260329030437.xlsx
黄金叶(乐途),140.0,121.9,0.0,0.0,2026-03-16,XQJ10000000026346142,订单明细20260329030437.xlsx
黄金叶(乐途),140.0,121.9,0.0,0.0,2026-03-16,XQJ10000000026346142,订单明细20260329030437.xlsx
黄金叶(乐途),140.0,121.9,0.0,0.0,2026-03-16,XQJ10000000026346142,订单明细20260329030437.xlsx
黄金叶(乐途),140.0,121.9,0.0,0.0,2026-03-16,XQJ10000000026346142,订单明细20260329030437.xlsx
黄金叶(商鼎),200.0,175.0,1.0,175.0,2026-03-16,XQJ10000000026346142,订单明细20260329030437.xlsx
黄金叶(商鼎),200.0,175.0,1.0,175.0,2026-03-16,XQJ10000000026346142,订单明细20260329030437.xlsx
黄金叶(商鼎),200.0,175.0,1.0,175.0,2026-03-16,XQJ10000000026346142,订单明细20260329030437.xlsx
黄金叶(商鼎),200.0,175.0,1.0,175.0,2026-03-16,XQJ10000000026346142,订单明细20260329030437.xlsx
黄金叶(商鼎),200.0,175.0,1.0,175.0,2026-03-16,XQJ10000000026346142,订单明细20260329030437.xlsx
黄金叶(商鼎),200.0,175.0,1.0,175.0,2026-03-16,XQJ10000000026346142,订单明细20260329030437.xlsx
黄金叶(大成细支),350.0,263.0,0.0,0.0,2026-03-16,XQJ10000000026346142,订单明细20260329030437.xlsx
黄金叶(大成细支),350.0,263.0,0.0,0.0,2026-03-16,XQJ10000000026346142,订单明细20260329030437.xlsx
黄金叶(大成细支),350.0,263.0,0.0,0.0,2026-03-16,XQJ10000000026346142,订单明细20260329030437.xlsx
黄金叶(大成细支),350.0,263.0,0.0,0.0,2026-03-16,XQJ10000000026346142,订单明细20260329030437.xlsx
黄金叶(大成细支),350.0,263.0,0.0,0.0,2026-03-16,XQJ10000000026346142,订单明细20260329030437.xlsx
黄金叶(大成细支),350.0,263.0,0.0,0.0,2026-03-16,XQJ10000000026346142,订单明细20260329030437.xlsx
黄金叶(天叶),1000.0,678.4,0.0,0.0,2026-03-16,XQJ10000000026346142,订单明细20260329030437.xlsx
黄金叶(天叶),1000.0,678.4,0.0,0.0,2026-03-16,XQJ10000000026346142,订单明细20260329030437.xlsx
黄金叶(天叶),1000.0,678.4,0.0,0.0,2026-03-16,XQJ10000000026346142,订单明细20260329030437.xlsx
黄金叶(天叶),1000.0,678.4,0.0,0.0,2026-03-16,XQJ10000000026346142,订单明细20260329030437.xlsx
黄金叶(天叶),1000.0,678.4,0.0,0.0,2026-03-16,XQJ10000000026346142,订单明细20260329030437.xlsx
黄金叶(天叶),1000.0,678.4,0.0,0.0,2026-03-16,XQJ10000000026346142,订单明细20260329030437.xlsx
黄金叶(天叶中支),1200.0,1000.0,0.0,0.0,2026-03-16,XQJ10000000026346142,订单明细20260329030437.xlsx
黄金叶(天叶中支),1200.0,1000.0,0.0,0.0,2026-03-16,XQJ10000000026346142,订单明细20260329030437.xlsx
黄金叶(天叶中支),1200.0,1000.0,0.0,0.0,2026-03-16,XQJ10000000026346142,订单明细20260329030437.xlsx
黄金叶(天叶中支),1200.0,1000.0,0.0,0.0,2026-03-16,XQJ10000000026346142,订单明细20260329030437.xlsx
黄金叶(天叶中支),1200.0,1000.0,0.0,0.0,2026-03-16,XQJ10000000026346142,订单明细20260329030437.xlsx
黄金叶(天叶中支),1200.0,1000.0,0.0,0.0,2026-03-16,XQJ10000000026346142,订单明细20260329030437.xlsx
黄金叶(天叶细支),1000.0,848.0,1.0,848.0,2026-03-16,XQJ10000000026346142,订单明细20260329030437.xlsx
黄金叶(天叶细支),1000.0,848.0,1.0,848.0,2026-03-16,XQJ10000000026346142,订单明细20260329030437.xlsx
黄金叶(天叶细支),1000.0,848.0,1.0,848.0,2026-03-16,XQJ10000000026346142,订单明细20260329030437.xlsx
黄金叶(天叶细支),1000.0,848.0,1.0,848.0,2026-03-16,XQJ10000000026346142,订单明细20260329030437.xlsx
黄金叶(天叶细支),1000.0,848.0,1.0,848.0,2026-03-16,XQJ10000000026346142,订单明细20260329030437.xlsx
黄金叶(天叶细支),1000.0,848.0,1.0,848.0,2026-03-16,XQJ10000000026346142,订单明细20260329030437.xlsx
黄金叶(天香细支),550.0,455.8,0.0,0.0,2026-03-16,XQJ10000000026346142,订单明细20260329030437.xlsx
黄金叶(天香细支),550.0,455.8,0.0,0.0,2026-03-16,XQJ10000000026346142,订单明细20260329030437.xlsx
黄金叶(天香细支),550.0,455.8,0.0,0.0,2026-03-16,XQJ10000000026346142,订单明细20260329030437.xlsx
黄金叶(天香细支),550.0,455.8,0.0,0.0,2026-03-16,XQJ10000000026346142,订单明细20260329030437.xlsx
黄金叶(天香细支),550.0,455.8,0.0,0.0,2026-03-16,XQJ10000000026346142,订单明细20260329030437.xlsx
黄金叶(天香细支),550.0,455.8,0.0,0.0,2026-03-16,XQJ10000000026346142,订单明细20260329030437.xlsx
黄金叶(浓香细支),300.0,263.0,0.0,0.0,2026-03-16,XQJ10000000026346142,订单明细20260329030437.xlsx
黄金叶(浓香细支),300.0,263.0,0.0,0.0,2026-03-16,XQJ10000000026346142,订单明细20260329030437.xlsx
黄金叶(浓香细支),300.0,263.0,0.0,0.0,2026-03-16,XQJ10000000026346142,订单明细20260329030437.xlsx
黄金叶(浓香细支),300.0,263.0,0.0,0.0,2026-03-16,XQJ10000000026346142,订单明细20260329030437.xlsx
黄金叶(浓香细支),300.0,263.0,0.0,0.0,2026-03-16,XQJ10000000026346142,订单明细20260329030437.xlsx
黄金叶(浓香细支),300.0,263.0,0.0,0.0,2026-03-16,XQJ10000000026346142,订单明细20260329030437.xlsx
黄金叶(炫尚),200.0,175.0,0.0,0.0,2026-03-16,XQJ10000000026346142,订单明细20260329030437.xlsx
黄金叶(炫尚),200.0,175.0,0.0,0.0,2026-03-16,XQJ10000000026346142,订单明细20260329030437.xlsx
黄金叶(炫尚),200.0,175.0,0.0,0.0,2026-03-16,XQJ10000000026346142,订单明细20260329030437.xlsx
黄金叶(炫尚),200.0,175.0,0.0,0.0,2026-03-16,XQJ10000000026346142,订单明细20260329030437.xlsx
黄金叶(炫尚),200.0,175.0,0.0,0.0,2026-03-16,XQJ10000000026346142,订单明细20260329030437.xlsx
黄金叶(炫尚),200.0,175.0,0.0,0.0,2026-03-16,XQJ10000000026346142,订单明细20260329030437.xlsx
黄金叶(爱尚),160.0,139.92,0.0,0.0,2026-03-16,XQJ10000000026346142,订单明细20260329030437.xlsx
黄金叶(爱尚),160.0,139.92,0.0,0.0,2026-03-16,XQJ10000000026346142,订单明细20260329030437.xlsx
黄金叶(爱尚),160.0,139.92,0.0,0.0,2026-03-16,XQJ10000000026346142,订单明细20260329030437.xlsx
黄金叶(爱尚),160.0,139.92,0.0,0.0,2026-03-16,XQJ10000000026346142,订单明细20260329030437.xlsx
黄金叶(爱尚),160.0,139.92,0.0,0.0,2026-03-16,XQJ10000000026346142,订单明细20260329030437.xlsx
黄金叶(爱尚),160.0,139.92,0.0,0.0,2026-03-16,XQJ10000000026346142,订单明细20260329030437.xlsx
黄金叶(软天叶),900.0,763.2,0.0,0.0,2026-03-16,XQJ10000000026346142,订单明细20260329030437.xlsx
黄金叶(软天叶),900.0,763.2,0.0,0.0,2026-03-16,XQJ10000000026346142,订单明细20260329030437.xlsx
黄金叶(软天叶),900.0,763.2,0.0,0.0,2026-03-16,XQJ10000000026346142,订单明细20260329030437.xlsx
黄金叶(软天叶),900.0,763.2,0.0,0.0,2026-03-16,XQJ10000000026346142,订单明细20260329030437.xlsx
黄金叶(软天叶),900.0,763.2,0.0,0.0,2026-03-16,XQJ10000000026346142,订单明细20260329030437.xlsx
黄金叶(软天叶),900.0,763.2,0.0,0.0,2026-03-16,XQJ10000000026346142,订单明细20260329030437.xlsx
黄鹤楼(1916雪之梦3号),1800.0,1200.0,0.0,0.0,2026-03-16,XQJ10000000026346142,订单明细20260329030437.xlsx
黄鹤楼(1916雪之梦3号),1800.0,1200.0,0.0,0.0,2026-03-16,XQJ10000000026346142,订单明细20260329030437.xlsx
黄鹤楼(1916雪之梦3号),1800.0,1200.0,0.0,0.0,2026-03-16,XQJ10000000026346142,订单明细20260329030437.xlsx
黄鹤楼(1916雪之梦3号),1800.0,1200.0,0.0,0.0,2026-03-16,XQJ10000000026346142,订单明细20260329030437.xlsx
黄鹤楼(1916雪之梦3号),1800.0,1200.0,0.0,0.0,2026-03-16,XQJ10000000026346142,订单明细20260329030437.xlsx
黄鹤楼(1916雪之梦3号),1800.0,1200.0,0.0,0.0,2026-03-16,XQJ10000000026346142,订单明细20260329030437.xlsx
黄鹤楼(冰咖),260.0,225.0,0.0,0.0,2026-03-16,XQJ10000000026346142,订单明细20260329030437.xlsx
黄鹤楼(冰咖),260.0,225.0,0.0,0.0,2026-03-16,XQJ10000000026346142,订单明细20260329030437.xlsx
黄鹤楼(冰咖),260.0,225.0,0.0,0.0,2026-03-16,XQJ10000000026346142,订单明细20260329030437.xlsx
黄鹤楼(冰咖),260.0,225.0,0.0,0.0,2026-03-16,XQJ10000000026346142,订单明细20260329030437.xlsx
黄鹤楼(冰咖),260.0,225.0,0.0,0.0,2026-03-16,XQJ10000000026346142,订单明细20260329030437.xlsx
黄鹤楼(冰咖),260.0,225.0,0.0,0.0,2026-03-16,XQJ10000000026346142,订单明细20260329030437.xlsx
黄鹤楼(天下名楼),160.0,139.92,0.0,0.0,2026-03-16,XQJ10000000026346142,订单明细20260329030437.xlsx
黄鹤楼(天下名楼),160.0,139.92,0.0,0.0,2026-03-16,XQJ10000000026346142,订单明细20260329030437.xlsx
黄鹤楼(天下名楼),160.0,139.92,0.0,0.0,2026-03-16,XQJ10000000026346142,订单明细20260329030437.xlsx
黄鹤楼(天下名楼),160.0,139.92,0.0,0.0,2026-03-16,XQJ10000000026346142,订单明细20260329030437.xlsx
黄鹤楼(天下名楼),160.0,139.92,0.0,0.0,2026-03-16,XQJ10000000026346142,订单明细20260329030437.xlsx
黄鹤楼(天下名楼),160.0,139.92,0.0,0.0,2026-03-16,XQJ10000000026346142,订单明细20260329030437.xlsx
黄鹤楼(炫彩),400.0,280.0,0.0,0.0,2026-03-16,XQJ10000000026346142,订单明细20260329030437.xlsx
黄鹤楼(炫彩),400.0,280.0,0.0,0.0,2026-03-16,XQJ10000000026346142,订单明细20260329030437.xlsx
黄鹤楼(炫彩),400.0,280.0,0.0,0.0,2026-03-16,XQJ10000000026346142,订单明细20260329030437.xlsx
黄鹤楼(炫彩),400.0,280.0,0.0,0.0,2026-03-16,XQJ10000000026346142,订单明细20260329030437.xlsx
黄鹤楼(炫彩),400.0,280.0,0.0,0.0,2026-03-16,XQJ10000000026346142,订单明细20260329030437.xlsx
黄鹤楼(炫彩),400.0,280.0,0.0,0.0,2026-03-16,XQJ10000000026346142,订单明细20260329030437.xlsx
黄鹤楼(硬15细支),1000.0,848.0,0.0,0.0,2026-03-16,XQJ10000000026346142,订单明细20260329030437.xlsx
黄鹤楼(硬15细支),1000.0,848.0,0.0,0.0,2026-03-16,XQJ10000000026346142,订单明细20260329030437.xlsx
黄鹤楼(硬15细支),1000.0,848.0,0.0,0.0,2026-03-16,XQJ10000000026346142,订单明细20260329030437.xlsx
黄鹤楼(硬15细支),1000.0,848.0,0.0,0.0,2026-03-16,XQJ10000000026346142,订单明细20260329030437.xlsx
黄鹤楼(硬15细支),1000.0,848.0,0.0,0.0,2026-03-16,XQJ10000000026346142,订单明细20260329030437.xlsx
黄鹤楼(硬15细支),1000.0,848.0,0.0,0.0,2026-03-16,XQJ10000000026346142,订单明细20260329030437.xlsx
黄鹤楼(硬1916),1000.0,848.0,0.0,0.0,2026-03-16,XQJ10000000026346142,订单明细20260329030437.xlsx
黄鹤楼(硬1916),1000.0,848.0,0.0,0.0,2026-03-16,XQJ10000000026346142,订单明细20260329030437.xlsx
黄鹤楼(硬1916),1000.0,848.0,0.0,0.0,2026-03-16,XQJ10000000026346142,订单明细20260329030437.xlsx
黄鹤楼(硬1916),1000.0,848.0,0.0,0.0,2026-03-16,XQJ10000000026346142,订单明细20260329030437.xlsx
黄鹤楼(硬1916),1000.0,848.0,0.0,0.0,2026-03-16,XQJ10000000026346142,订单明细20260329030437.xlsx
黄鹤楼(硬1916),1000.0,848.0,0.0,0.0,2026-03-16,XQJ10000000026346142,订单明细20260329030437.xlsx
黄鹤楼(硬1916如意),1000.0,763.2,0.0,0.0,2026-03-16,XQJ10000000026346142,订单明细20260329030437.xlsx
黄鹤楼(硬1916如意),1000.0,763.2,0.0,0.0,2026-03-16,XQJ10000000026346142,订单明细20260329030437.xlsx
黄鹤楼(硬1916如意),1000.0,763.2,0.0,0.0,2026-03-16,XQJ10000000026346142,订单明细20260329030437.xlsx
黄鹤楼(硬1916如意),1000.0,763.2,0.0,0.0,2026-03-16,XQJ10000000026346142,订单明细20260329030437.xlsx
黄鹤楼(硬1916如意),1000.0,763.2,0.0,0.0,2026-03-16,XQJ10000000026346142,订单明细20260329030437.xlsx
黄鹤楼(硬1916如意),1000.0,763.2,0.0,0.0,2026-03-16,XQJ10000000026346142,订单明细20260329030437.xlsx
黄鹤楼(硬1916红爆),1000.0,720.8,0.0,0.0,2026-03-16,XQJ10000000026346142,订单明细20260329030437.xlsx
黄鹤楼(硬1916红爆),1000.0,720.8,0.0,0.0,2026-03-16,XQJ10000000026346142,订单明细20260329030437.xlsx
黄鹤楼(硬1916红爆),1000.0,720.8,0.0,0.0,2026-03-16,XQJ10000000026346142,订单明细20260329030437.xlsx
黄鹤楼(硬1916红爆),1000.0,720.8,0.0,0.0,2026-03-16,XQJ10000000026346142,订单明细20260329030437.xlsx
黄鹤楼(硬1916红爆),1000.0,720.8,0.0,0.0,2026-03-16,XQJ10000000026346142,订单明细20260329030437.xlsx
黄鹤楼(硬1916红爆),1000.0,720.8,0.0,0.0,2026-03-16,XQJ10000000026346142,订单明细20260329030437.xlsx
黄鹤楼(硬峡谷情细支),350.0,263.0,0.0,0.0,2026-03-16,XQJ10000000026346142,订单明细20260329030437.xlsx
黄鹤楼(硬峡谷情细支),350.0,263.0,0.0,0.0,2026-03-16,XQJ10000000026346142,订单明细20260329030437.xlsx
黄鹤楼(硬峡谷情细支),350.0,263.0,0.0,0.0,2026-03-16,XQJ10000000026346142,订单明细20260329030437.xlsx
黄鹤楼(硬峡谷情细支),350.0,263.0,0.0,0.0,2026-03-16,XQJ10000000026346142,订单明细20260329030437.xlsx
黄鹤楼(硬峡谷情细支),350.0,263.0,0.0,0.0,2026-03-16,XQJ10000000026346142,订单明细20260329030437.xlsx
黄鹤楼(硬峡谷情细支),350.0,263.0,0.0,0.0,2026-03-16,XQJ10000000026346142,订单明细20260329030437.xlsx
黄鹤楼(硬峡谷柔情),400.0,263.0,0.0,0.0,2026-03-16,XQJ10000000026346142,订单明细20260329030437.xlsx
黄鹤楼(硬峡谷柔情),400.0,263.0,0.0,0.0,2026-03-16,XQJ10000000026346142,订单明细20260329030437.xlsx
黄鹤楼(硬峡谷柔情),400.0,263.0,0.0,0.0,2026-03-16,XQJ10000000026346142,订单明细20260329030437.xlsx
黄鹤楼(硬峡谷柔情),400.0,263.0,0.0,0.0,2026-03-16,XQJ10000000026346142,订单明细20260329030437.xlsx
黄鹤楼(硬峡谷柔情),400.0,263.0,0.0,0.0,2026-03-16,XQJ10000000026346142,订单明细20260329030437.xlsx
黄鹤楼(硬峡谷柔情),400.0,263.0,0.0,0.0,2026-03-16,XQJ10000000026346142,订单明细20260329030437.xlsx
黄鹤楼(硬平安),1000.0,720.8,0.0,0.0,2026-03-16,XQJ10000000026346142,订单明细20260329030437.xlsx
黄鹤楼(硬平安),1000.0,720.8,0.0,0.0,2026-03-16,XQJ10000000026346142,订单明细20260329030437.xlsx
黄鹤楼(硬平安),1000.0,720.8,0.0,0.0,2026-03-16,XQJ10000000026346142,订单明细20260329030437.xlsx
黄鹤楼(硬平安),1000.0,720.8,0.0,0.0,2026-03-16,XQJ10000000026346142,订单明细20260329030437.xlsx
黄鹤楼(硬平安),1000.0,720.8,0.0,0.0,2026-03-16,XQJ10000000026346142,订单明细20260329030437.xlsx
黄鹤楼(硬平安),1000.0,720.8,0.0,0.0,2026-03-16,XQJ10000000026346142,订单明细20260329030437.xlsx
黄鹤楼(视窗),400.0,300.0,0.0,0.0,2026-03-16,XQJ10000000026346142,订单明细20260329030437.xlsx
黄鹤楼(视窗),400.0,300.0,0.0,0.0,2026-03-16,XQJ10000000026346142,订单明细20260329030437.xlsx
黄鹤楼(视窗),400.0,300.0,0.0,0.0,2026-03-16,XQJ10000000026346142,订单明细20260329030437.xlsx
黄鹤楼(视窗),400.0,300.0,0.0,0.0,2026-03-16,XQJ10000000026346142,订单明细20260329030437.xlsx
黄鹤楼(视窗),400.0,300.0,0.0,0.0,2026-03-16,XQJ10000000026346142,订单明细20260329030437.xlsx
黄鹤楼(视窗),400.0,300.0,0.0,0.0,2026-03-16,XQJ10000000026346142,订单明细20260329030437.xlsx
黄鹤楼(软1916),1000.0,848.0,0.0,0.0,2026-03-16,XQJ10000000026346142,订单明细20260329030437.xlsx
黄鹤楼(软1916),1000.0,848.0,0.0,0.0,2026-03-16,XQJ10000000026346142,订单明细20260329030437.xlsx
黄鹤楼(软1916),1000.0,848.0,0.0,0.0,2026-03-16,XQJ10000000026346142,订单明细20260329030437.xlsx
黄鹤楼(软1916),1000.0,848.0,0.0,0.0,2026-03-16,XQJ10000000026346142,订单明细20260329030437.xlsx
黄鹤楼(软1916),1000.0,848.0,0.0,0.0,2026-03-16,XQJ10000000026346142,订单明细20260329030437.xlsx
黄鹤楼(软1916),1000.0,848.0,0.0,0.0,2026-03-16,XQJ10000000026346142,订单明细20260329030437.xlsx
黄鹤楼(软蓝),190.0,164.3,0.0,0.0,2026-03-16,XQJ10000000026346142,订单明细20260329030437.xlsx
黄鹤楼(软蓝),190.0,164.3,0.0,0.0,2026-03-16,XQJ10000000026346142,订单明细20260329030437.xlsx
黄鹤楼(软蓝),190.0,164.3,0.0,0.0,2026-03-16,XQJ10000000026346142,订单明细20260329030437.xlsx
黄鹤楼(软蓝),190.0,164.3,0.0,0.0,2026-03-16,XQJ10000000026346142,订单明细20260329030437.xlsx
黄鹤楼(软蓝),190.0,164.3,0.0,0.0,2026-03-16,XQJ10000000026346142,订单明细20260329030437.xlsx
黄鹤楼(软蓝),190.0,164.3,0.0,0.0,2026-03-16,XQJ10000000026346142,订单明细20260329030437.xlsx
黄鹤楼(迷你冰爽),250.0,190.0,0.0,0.0,2026-03-16,XQJ10000000026346142,订单明细20260329030437.xlsx
黄鹤楼(迷你冰爽),250.0,190.0,0.0,0.0,2026-03-16,XQJ10000000026346142,订单明细20260329030437.xlsx
黄鹤楼(迷你冰爽),250.0,190.0,0.0,0.0,2026-03-16,XQJ10000000026346142,订单明细20260329030437.xlsx
黄鹤楼(迷你冰爽),250.0,190.0,0.0,0.0,2026-03-16,XQJ10000000026346142,订单明细20260329030437.xlsx
黄鹤楼(迷你冰爽),250.0,190.0,0.0,0.0,2026-03-16,XQJ10000000026346142,订单明细20260329030437.xlsx
黄鹤楼(迷你冰爽),250.0,190.0,0.0,0.0,2026-03-16,XQJ10000000026346142,订单明细20260329030437.xlsx
黄鹤楼(迷你醇味),240.0,182.4,0.0,0.0,2026-03-16,XQJ10000000026346142,订单明细20260329030437.xlsx
黄鹤楼(迷你醇味),240.0,182.4,0.0,0.0,2026-03-16,XQJ10000000026346142,订单明细20260329030437.xlsx
黄鹤楼(迷你醇味),240.0,182.4,0.0,0.0,2026-03-16,XQJ10000000026346142,订单明细20260329030437.xlsx
黄鹤楼(迷你醇味),240.0,182.4,0.0,0.0,2026-03-16,XQJ10000000026346142,订单明细20260329030437.xlsx
黄鹤楼(迷你醇味),240.0,182.4,0.0,0.0,2026-03-16,XQJ10000000026346142,订单明细20260329030437.xlsx
黄鹤楼(迷你醇味),240.0,182.4,0.0,0.0,2026-03-16,XQJ10000000026346142,订单明细20260329030437.xlsx
黄鹤楼(逍遥5号),1200.0,760.0,0.0,0.0,2026-03-16,XQJ10000000026346142,订单明细20260329030437.xlsx
黄鹤楼(逍遥5号),1200.0,760.0,0.0,0.0,2026-03-16,XQJ10000000026346142,订单明细20260329030437.xlsx
黄鹤楼(逍遥5号),1200.0,760.0,0.0,0.0,2026-03-16,XQJ10000000026346142,订单明细20260329030437.xlsx
黄鹤楼(逍遥5号),1200.0,760.0,0.0,0.0,2026-03-16,XQJ10000000026346142,订单明细20260329030437.xlsx
黄鹤楼(逍遥5号),1200.0,760.0,0.0,0.0,2026-03-16,XQJ10000000026346142,订单明细20260329030437.xlsx
黄鹤楼(逍遥5号),1200.0,760.0,0.0,0.0,2026-03-16,XQJ10000000026346142,订单明细20260329030437.xlsx
黄鹤楼(逍遥6号),1000.0,700.0,0.0,0.0,2026-03-16,XQJ10000000026346142,订单明细20260329030437.xlsx
黄鹤楼(逍遥6号),1000.0,700.0,0.0,0.0,2026-03-16,XQJ10000000026346142,订单明细20260329030437.xlsx
黄鹤楼(逍遥6号),1000.0,700.0,0.0,0.0,2026-03-16,XQJ10000000026346142,订单明细20260329030437.xlsx
黄鹤楼(逍遥6号),1000.0,700.0,0.0,0.0,2026-03-16,XQJ10000000026346142,订单明细20260329030437.xlsx
黄鹤楼(逍遥6号),1000.0,700.0,0.0,0.0,2026-03-16,XQJ10000000026346142,订单明细20260329030437.xlsx
黄鹤楼(逍遥6号),1000.0,700.0,0.0,0.0,2026-03-16,XQJ10000000026346142,订单明细20260329030437.xlsx
黄鹤楼(逍遥7号),850.0,595.0,0.0,0.0,2026-03-16,XQJ10000000026346142,订单明细20260329030437.xlsx
黄鹤楼(逍遥7号),850.0,595.0,0.0,0.0,2026-03-16,XQJ10000000026346142,订单明细20260329030437.xlsx
黄鹤楼(逍遥7号),850.0,595.0,0.0,0.0,2026-03-16,XQJ10000000026346142,订单明细20260329030437.xlsx
黄鹤楼(逍遥7号),850.0,595.0,0.0,0.0,2026-03-16,XQJ10000000026346142,订单明细20260329030437.xlsx
黄鹤楼(逍遥7号),850.0,595.0,0.0,0.0,2026-03-16,XQJ10000000026346142,订单明细20260329030437.xlsx
黄鹤楼(逍遥7号),850.0,595.0,0.0,0.0,2026-03-16,XQJ10000000026346142,订单明细20260329030437.xlsx
黄鹤楼(雪之梦10号),1200.0,744.0,0.0,0.0,2026-03-16,XQJ10000000026346142,订单明细20260329030437.xlsx
黄鹤楼(雪之梦10号),1200.0,744.0,0.0,0.0,2026-03-16,XQJ10000000026346142,订单明细20260329030437.xlsx
黄鹤楼(雪之梦10号),1200.0,744.0,0.0,0.0,2026-03-16,XQJ10000000026346142,订单明细20260329030437.xlsx
黄鹤楼(雪之梦10号),1200.0,744.0,0.0,0.0,2026-03-16,XQJ10000000026346142,订单明细20260329030437.xlsx
黄鹤楼(雪之梦10号),1200.0,744.0,0.0,0.0,2026-03-16,XQJ10000000026346142,订单明细20260329030437.xlsx
黄鹤楼(雪之梦10号),1200.0,744.0,0.0,0.0,2026-03-16,XQJ10000000026346142,订单明细20260329030437.xlsx
黄鹤楼(雪之梦5号),800.0,560.0,0.0,0.0,2026-03-16,XQJ10000000026346142,订单明细20260329030437.xlsx
黄鹤楼(雪之梦5号),800.0,560.0,0.0,0.0,2026-03-16,XQJ10000000026346142,订单明细20260329030437.xlsx
黄鹤楼(雪之梦5号),800.0,560.0,0.0,0.0,2026-03-16,XQJ10000000026346142,订单明细20260329030437.xlsx
黄鹤楼(雪之梦5号),800.0,560.0,0.0,0.0,2026-03-16,XQJ10000000026346142,订单明细20260329030437.xlsx
黄鹤楼(雪之梦5号),800.0,560.0,0.0,0.0,2026-03-16,XQJ10000000026346142,订单明细20260329030437.xlsx
黄鹤楼(雪之梦5号),800.0,560.0,0.0,0.0,2026-03-16,XQJ10000000026346142,订单明细20260329030437.xlsx
黄鹤楼(雪之梦7号),700.0,460.0,0.0,0.0,2026-03-16,XQJ10000000026346142,订单明细20260329030437.xlsx
黄鹤楼(雪之梦7号),700.0,460.0,0.0,0.0,2026-03-16,XQJ10000000026346142,订单明细20260329030437.xlsx
黄鹤楼(雪之梦7号),700.0,460.0,0.0,0.0,2026-03-16,XQJ10000000026346142,订单明细20260329030437.xlsx
黄鹤楼(雪之梦7号),700.0,460.0,0.0,0.0,2026-03-16,XQJ10000000026346142,订单明细20260329030437.xlsx
黄鹤楼(雪之梦7号),700.0,460.0,0.0,0.0,2026-03-16,XQJ10000000026346142,订单明细20260329030437.xlsx
黄鹤楼(雪之梦7号),700.0,460.0,0.0,0.0,2026-03-16,XQJ10000000026346142,订单明细20260329030437.xlsx
黄鹤楼(雪之梦8号),500.0,300.0,0.0,0.0,2026-03-16,XQJ10000000026346142,订单明细20260329030437.xlsx
黄鹤楼(雪之梦8号),500.0,300.0,0.0,0.0,2026-03-16,XQJ10000000026346142,订单明细20260329030437.xlsx
黄鹤楼(雪之梦8号),500.0,300.0,0.0,0.0,2026-03-16,XQJ10000000026346142,订单明细20260329030437.xlsx
黄鹤楼(雪之梦8号),500.0,300.0,0.0,0.0,2026-03-16,XQJ10000000026346142,订单明细20260329030437.xlsx
黄鹤楼(雪之梦8号),500.0,300.0,0.0,0.0,2026-03-16,XQJ10000000026346142,订单明细20260329030437.xlsx
黄鹤楼(雪之梦8号),500.0,300.0,0.0,0.0,2026-03-16,XQJ10000000026346142,订单明细20260329030437.xlsx
黄鹤楼(雪之梦9号),1100.0,700.0,0.0,0.0,2026-03-16,XQJ10000000026346142,订单明细20260329030437.xlsx
黄鹤楼(雪之梦9号),1100.0,700.0,0.0,0.0,2026-03-16,XQJ10000000026346142,订单明细20260329030437.xlsx
黄鹤楼(雪之梦9号),1100.0,700.0,0.0,0.0,2026-03-16,XQJ10000000026346142,订单明细20260329030437.xlsx
黄鹤楼(雪之梦9号),1100.0,700.0,0.0,0.0,2026-03-16,XQJ10000000026346142,订单明细20260329030437.xlsx
黄鹤楼(雪之梦9号),1100.0,700.0,0.0,0.0,2026-03-16,XQJ10000000026346142,订单明细20260329030437.xlsx
黄鹤楼(雪之梦9号),1100.0,700.0,0.0,0.0,2026-03-16,XQJ10000000026346142,订单明细20260329030437.xlsx
黄鹤楼(雪之韵2号),240.0,180.0,0.0,0.0,2026-03-16,XQJ10000000026346142,订单明细20260329030437.xlsx
黄鹤楼(雪之韵2号),240.0,180.0,0.0,0.0,2026-03-16,XQJ10000000026346142,订单明细20260329030437.xlsx
黄鹤楼(雪之韵2号),240.0,180.0,0.0,0.0,2026-03-16,XQJ10000000026346142,订单明细20260329030437.xlsx
黄鹤楼(雪之韵2号),240.0,180.0,0.0,0.0,2026-03-16,XQJ10000000026346142,订单明细20260329030437.xlsx
黄鹤楼(雪之韵2号),240.0,180.0,0.0,0.0,2026-03-16,XQJ10000000026346142,订单明细20260329030437.xlsx
黄鹤楼(雪之韵2号),240.0,180.0,0.0,0.0,2026-03-16,XQJ10000000026346142,订单明细20260329030437.xlsx
七匹狼(纯境),160.0,143.1,1.0,143.1,2026-03-23,XQJ10000000026369701,订单明细20260329030433.xlsx
七匹狼(纯境),160.0,143.1,1.0,143.1,2026-03-23,XQJ10000000026369701,订单明细20260329030433.xlsx
七匹狼(纯境),160.0,143.1,1.0,143.1,2026-03-23,XQJ10000000026369701,订单明细20260329030433.xlsx
七匹狼(纯境),160.0,143.1,1.0,143.1,2026-03-23,XQJ10000000026369701,订单明细20260329030433.xlsx
七匹狼(纯境),160.0,143.1,1.0,143.1,2026-03-23,XQJ10000000026369701,订单明细20260329030433.xlsx
七匹狼(纯境),160.0,143.1,1.0,143.1,2026-03-23,XQJ10000000026369701,订单明细20260329030433.xlsx
中华(双中支),500.0,424.0,1.0,424.0,2026-03-23,XQJ10000000026369701,订单明细20260329030433.xlsx
中华(双中支),500.0,424.0,1.0,424.0,2026-03-23,XQJ10000000026369701,订单明细20260329030433.xlsx
中华(双中支),500.0,424.0,1.0,424.0,2026-03-23,XQJ10000000026369701,订单明细20260329030433.xlsx
中华(双中支),500.0,424.0,1.0,424.0,2026-03-23,XQJ10000000026369701,订单明细20260329030433.xlsx
中华(双中支),500.0,424.0,1.0,424.0,2026-03-23,XQJ10000000026369701,订单明细20260329030433.xlsx
中华(双中支),500.0,424.0,1.0,424.0,2026-03-23,XQJ10000000026369701,订单明细20260329030433.xlsx
云烟(中支云龙),200.0,175.0,1.0,175.0,2026-03-23,XQJ10000000026369701,订单明细20260329030433.xlsx
云烟(中支云龙),200.0,175.0,1.0,175.0,2026-03-23,XQJ10000000026369701,订单明细20260329030433.xlsx
云烟(中支云龙),200.0,175.0,1.0,175.0,2026-03-23,XQJ10000000026369701,订单明细20260329030433.xlsx
云烟(中支云龙),200.0,175.0,1.0,175.0,2026-03-23,XQJ10000000026369701,订单明细20260329030433.xlsx
云烟(中支云龙),200.0,175.0,1.0,175.0,2026-03-23,XQJ10000000026369701,订单明细20260329030433.xlsx
云烟(中支云龙),200.0,175.0,1.0,175.0,2026-03-23,XQJ10000000026369701,订单明细20260329030433.xlsx
云烟(中支小重九),500.0,424.0,1.0,424.0,2026-03-23,XQJ10000000026369701,订单明细20260329030433.xlsx
云烟(中支小重九),500.0,424.0,1.0,424.0,2026-03-23,XQJ10000000026369701,订单明细20260329030433.xlsx
云烟(中支小重九),500.0,424.0,1.0,424.0,2026-03-23,XQJ10000000026369701,订单明细20260329030433.xlsx
云烟(中支小重九),500.0,424.0,1.0,424.0,2026-03-23,XQJ10000000026369701,订单明细20260329030433.xlsx
云烟(中支小重九),500.0,424.0,1.0,424.0,2026-03-23,XQJ10000000026369701,订单明细20260329030433.xlsx
云烟(中支小重九),500.0,424.0,1.0,424.0,2026-03-23,XQJ10000000026369701,订单明细20260329030433.xlsx
云烟(硬云龙),150.0,129.3,10.0,1293.0,2026-03-23,XQJ10000000026369701,订单明细20260329030433.xlsx
云烟(硬云龙),150.0,129.3,10.0,1293.0,2026-03-23,XQJ10000000026369701,订单明细20260329030433.xlsx
云烟(硬云龙),150.0,129.3,10.0,1293.0,2026-03-23,XQJ10000000026369701,订单明细20260329030433.xlsx
云烟(硬云龙),150.0,129.3,10.0,1293.0,2026-03-23,XQJ10000000026369701,订单明细20260329030433.xlsx
云烟(硬云龙),150.0,129.3,10.0,1293.0,2026-03-23,XQJ10000000026369701,订单明细20260329030433.xlsx
云烟(硬云龙),150.0,129.3,10.0,1293.0,2026-03-23,XQJ10000000026369701,订单明细20260329030433.xlsx
云烟(福),120.0,107.06,3.0,321.18,2026-03-23,XQJ10000000026369701,订单明细20260329030433.xlsx
云烟(福),120.0,107.06,3.0,321.18,2026-03-23,XQJ10000000026369701,订单明细20260329030433.xlsx
云烟(福),120.0,107.06,3.0,321.18,2026-03-23,XQJ10000000026369701,订单明细20260329030433.xlsx
云烟(福),120.0,107.06,3.0,321.18,2026-03-23,XQJ10000000026369701,订单明细20260329030433.xlsx
云烟(福),120.0,107.06,3.0,321.18,2026-03-23,XQJ10000000026369701,订单明细20260329030433.xlsx
云烟(福),120.0,107.06,3.0,321.18,2026-03-23,XQJ10000000026369701,订单明细20260329030433.xlsx
云烟(紫),130.0,114.5,3.0,343.5,2026-03-23,XQJ10000000026369701,订单明细20260329030433.xlsx
云烟(紫),130.0,114.5,3.0,343.5,2026-03-23,XQJ10000000026369701,订单明细20260329030433.xlsx
云烟(紫),130.0,114.5,3.0,343.5,2026-03-23,XQJ10000000026369701,订单明细20260329030433.xlsx
云烟(紫),130.0,114.5,3.0,343.5,2026-03-23,XQJ10000000026369701,订单明细20260329030433.xlsx
云烟(紫),130.0,114.5,3.0,343.5,2026-03-23,XQJ10000000026369701,订单明细20260329030433.xlsx
云烟(紫),130.0,114.5,3.0,343.5,2026-03-23,XQJ10000000026369701,订单明细20260329030433.xlsx
云烟(细支云龙),150.0,129.3,10.0,1293.0,2026-03-23,XQJ10000000026369701,订单明细20260329030433.xlsx
云烟(细支云龙),150.0,129.3,10.0,1293.0,2026-03-23,XQJ10000000026369701,订单明细20260329030433.xlsx
云烟(细支云龙),150.0,129.3,10.0,1293.0,2026-03-23,XQJ10000000026369701,订单明细20260329030433.xlsx
云烟(细支云龙),150.0,129.3,10.0,1293.0,2026-03-23,XQJ10000000026369701,订单明细20260329030433.xlsx
云烟(细支云龙),150.0,129.3,10.0,1293.0,2026-03-23,XQJ10000000026369701,订单明细20260329030433.xlsx
云烟(细支云龙),150.0,129.3,10.0,1293.0,2026-03-23,XQJ10000000026369701,订单明细20260329030433.xlsx
云烟(细支小重九),500.0,424.0,1.0,424.0,2026-03-23,XQJ10000000026369701,订单明细20260329030433.xlsx
云烟(细支小重九),500.0,424.0,1.0,424.0,2026-03-23,XQJ10000000026369701,订单明细20260329030433.xlsx
云烟(细支小重九),500.0,424.0,1.0,424.0,2026-03-23,XQJ10000000026369701,订单明细20260329030433.xlsx
云烟(细支小重九),500.0,424.0,1.0,424.0,2026-03-23,XQJ10000000026369701,订单明细20260329030433.xlsx
云烟(细支小重九),500.0,424.0,1.0,424.0,2026-03-23,XQJ10000000026369701,订单明细20260329030433.xlsx
云烟(细支小重九),500.0,424.0,1.0,424.0,2026-03-23,XQJ10000000026369701,订单明细20260329030433.xlsx
云烟(细支灵感蘑菇),260.0,225.0,1.0,225.0,2026-03-23,XQJ10000000026369701,订单明细20260329030433.xlsx
云烟(细支灵感蘑菇),260.0,225.0,1.0,225.0,2026-03-23,XQJ10000000026369701,订单明细20260329030433.xlsx
云烟(细支灵感蘑菇),260.0,225.0,1.0,225.0,2026-03-23,XQJ10000000026369701,订单明细20260329030433.xlsx
云烟(细支灵感蘑菇),260.0,225.0,1.0,225.0,2026-03-23,XQJ10000000026369701,订单明细20260329030433.xlsx
云烟(细支灵感蘑菇),260.0,225.0,1.0,225.0,2026-03-23,XQJ10000000026369701,订单明细20260329030433.xlsx
云烟(细支灵感蘑菇),260.0,225.0,1.0,225.0,2026-03-23,XQJ10000000026369701,订单明细20260329030433.xlsx
云烟(细支珍品),260.0,225.0,10.0,2250.0,2026-03-23,XQJ10000000026369701,订单明细20260329030433.xlsx
云烟(细支珍品),260.0,225.0,10.0,2250.0,2026-03-23,XQJ10000000026369701,订单明细20260329030433.xlsx
云烟(细支珍品),260.0,225.0,10.0,2250.0,2026-03-23,XQJ10000000026369701,订单明细20260329030433.xlsx
云烟(细支珍品),260.0,225.0,10.0,2250.0,2026-03-23,XQJ10000000026369701,订单明细20260329030433.xlsx
云烟(细支珍品),260.0,225.0,10.0,2250.0,2026-03-23,XQJ10000000026369701,订单明细20260329030433.xlsx
云烟(细支珍品),260.0,225.0,10.0,2250.0,2026-03-23,XQJ10000000026369701,订单明细20260329030433.xlsx
人民大会堂(硬红细支),160.0,139.92,0.0,0.0,2026-03-23,XQJ10000000026369701,订单明细20260329030433.xlsx
人民大会堂(硬红细支),160.0,139.92,0.0,0.0,2026-03-23,XQJ10000000026369701,订单明细20260329030433.xlsx
人民大会堂(硬红细支),160.0,139.92,0.0,0.0,2026-03-23,XQJ10000000026369701,订单明细20260329030433.xlsx
人民大会堂(硬红细支),160.0,139.92,0.0,0.0,2026-03-23,XQJ10000000026369701,订单明细20260329030433.xlsx
人民大会堂(硬红细支),160.0,139.92,0.0,0.0,2026-03-23,XQJ10000000026369701,订单明细20260329030433.xlsx
人民大会堂(硬红细支),160.0,139.92,0.0,0.0,2026-03-23,XQJ10000000026369701,订单明细20260329030433.xlsx
兰州(硬珍品),180.0,155.0,1.0,155.0,2026-03-23,XQJ10000000026369701,订单明细20260329030433.xlsx
兰州(硬珍品),180.0,155.0,1.0,155.0,2026-03-23,XQJ10000000026369701,订单明细20260329030433.xlsx
兰州(硬珍品),180.0,155.0,1.0,155.0,2026-03-23,XQJ10000000026369701,订单明细20260329030433.xlsx
兰州(硬珍品),180.0,155.0,1.0,155.0,2026-03-23,XQJ10000000026369701,订单明细20260329030433.xlsx
兰州(硬珍品),180.0,155.0,1.0,155.0,2026-03-23,XQJ10000000026369701,订单明细20260329030433.xlsx
兰州(硬珍品),180.0,155.0,1.0,155.0,2026-03-23,XQJ10000000026369701,订单明细20260329030433.xlsx
利群(江南韵),260.0,225.0,1.0,225.0,2026-03-23,XQJ10000000026369701,订单明细20260329030433.xlsx
利群(江南韵),260.0,225.0,1.0,225.0,2026-03-23,XQJ10000000026369701,订单明细20260329030433.xlsx
利群(江南韵),260.0,225.0,1.0,225.0,2026-03-23,XQJ10000000026369701,订单明细20260329030433.xlsx
利群(江南韵),260.0,225.0,1.0,225.0,2026-03-23,XQJ10000000026369701,订单明细20260329030433.xlsx
利群(江南韵),260.0,225.0,1.0,225.0,2026-03-23,XQJ10000000026369701,订单明细20260329030433.xlsx
利群(江南韵),260.0,225.0,1.0,225.0,2026-03-23,XQJ10000000026369701,订单明细20260329030433.xlsx
南京(梦都),200.0,175.0,1.0,175.0,2026-03-23,XQJ10000000026369701,订单明细20260329030433.xlsx
南京(梦都),200.0,175.0,1.0,175.0,2026-03-23,XQJ10000000026369701,订单明细20260329030433.xlsx
南京(梦都),200.0,175.0,1.0,175.0,2026-03-23,XQJ10000000026369701,订单明细20260329030433.xlsx
南京(梦都),200.0,175.0,1.0,175.0,2026-03-23,XQJ10000000026369701,订单明细20260329030433.xlsx
南京(梦都),200.0,175.0,1.0,175.0,2026-03-23,XQJ10000000026369701,订单明细20260329030433.xlsx
南京(梦都),200.0,175.0,1.0,175.0,2026-03-23,XQJ10000000026369701,订单明细20260329030433.xlsx
双喜(硬经典1906),170.0,150.52,1.0,150.52,2026-03-23,XQJ10000000026369701,订单明细20260329030433.xlsx
双喜(硬经典1906),170.0,150.52,1.0,150.52,2026-03-23,XQJ10000000026369701,订单明细20260329030433.xlsx
双喜(硬经典1906),170.0,150.52,1.0,150.52,2026-03-23,XQJ10000000026369701,订单明细20260329030433.xlsx
双喜(硬经典1906),170.0,150.52,1.0,150.52,2026-03-23,XQJ10000000026369701,订单明细20260329030433.xlsx
双喜(硬经典1906),170.0,150.52,1.0,150.52,2026-03-23,XQJ10000000026369701,订单明细20260329030433.xlsx
双喜(硬经典1906),170.0,150.52,1.0,150.52,2026-03-23,XQJ10000000026369701,订单明细20260329030433.xlsx
威斯(小熊猫),100.0,88.0,1.0,88.0,2026-03-23,XQJ10000000026369701,订单明细20260329030433.xlsx
威斯(小熊猫),100.0,88.0,1.0,88.0,2026-03-23,XQJ10000000026369701,订单明细20260329030433.xlsx
威斯(小熊猫),100.0,88.0,1.0,88.0,2026-03-23,XQJ10000000026369701,订单明细20260329030433.xlsx
威斯(小熊猫),100.0,88.0,1.0,88.0,2026-03-23,XQJ10000000026369701,订单明细20260329030433.xlsx
威斯(小熊猫),100.0,88.0,1.0,88.0,2026-03-23,XQJ10000000026369701,订单明细20260329030433.xlsx
威斯(小熊猫),100.0,88.0,1.0,88.0,2026-03-23,XQJ10000000026369701,订单明细20260329030433.xlsx
娇子(X),110.0,97.0,3.0,291.0,2026-03-23,XQJ10000000026369701,订单明细20260329030433.xlsx
娇子(X),110.0,97.0,3.0,291.0,2026-03-23,XQJ10000000026369701,订单明细20260329030433.xlsx
娇子(X),110.0,97.0,3.0,291.0,2026-03-23,XQJ10000000026369701,订单明细20260329030433.xlsx
娇子(X),110.0,97.0,3.0,291.0,2026-03-23,XQJ10000000026369701,订单明细20260329030433.xlsx
娇子(X),110.0,97.0,3.0,291.0,2026-03-23,XQJ10000000026369701,订单明细20260329030433.xlsx
娇子(X),110.0,97.0,3.0,291.0,2026-03-23,XQJ10000000026369701,订单明细20260329030433.xlsx
娇子(宽窄锦上细支),300.0,263.0,1.0,263.0,2026-03-23,XQJ10000000026369701,订单明细20260329030433.xlsx
娇子(宽窄锦上细支),300.0,263.0,1.0,263.0,2026-03-23,XQJ10000000026369701,订单明细20260329030433.xlsx
娇子(宽窄锦上细支),300.0,263.0,1.0,263.0,2026-03-23,XQJ10000000026369701,订单明细20260329030433.xlsx
娇子(宽窄锦上细支),300.0,263.0,1.0,263.0,2026-03-23,XQJ10000000026369701,订单明细20260329030433.xlsx
娇子(宽窄锦上细支),300.0,263.0,1.0,263.0,2026-03-23,XQJ10000000026369701,订单明细20260329030433.xlsx
娇子(宽窄锦上细支),300.0,263.0,1.0,263.0,2026-03-23,XQJ10000000026369701,订单明细20260329030433.xlsx
娇子(格调细支),150.0,129.3,1.0,129.3,2026-03-23,XQJ10000000026369701,订单明细20260329030433.xlsx
娇子(格调细支),150.0,129.3,1.0,129.3,2026-03-23,XQJ10000000026369701,订单明细20260329030433.xlsx
娇子(格调细支),150.0,129.3,1.0,129.3,2026-03-23,XQJ10000000026369701,订单明细20260329030433.xlsx
娇子(格调细支),150.0,129.3,1.0,129.3,2026-03-23,XQJ10000000026369701,订单明细20260329030433.xlsx
娇子(格调细支),150.0,129.3,1.0,129.3,2026-03-23,XQJ10000000026369701,订单明细20260329030433.xlsx
娇子(格调细支),150.0,129.3,1.0,129.3,2026-03-23,XQJ10000000026369701,订单明细20260329030433.xlsx
泰山(硬红八喜),65.0,57.24,1.0,57.24,2026-03-23,XQJ10000000026369701,订单明细20260329030433.xlsx
泰山(硬红八喜),65.0,57.24,1.0,57.24,2026-03-23,XQJ10000000026369701,订单明细20260329030433.xlsx
泰山(硬红八喜),65.0,57.24,1.0,57.24,2026-03-23,XQJ10000000026369701,订单明细20260329030433.xlsx
泰山(硬红八喜),65.0,57.24,1.0,57.24,2026-03-23,XQJ10000000026369701,订单明细20260329030433.xlsx
泰山(硬红八喜),65.0,57.24,1.0,57.24,2026-03-23,XQJ10000000026369701,订单明细20260329030433.xlsx
泰山(硬红八喜),65.0,57.24,1.0,57.24,2026-03-23,XQJ10000000026369701,订单明细20260329030433.xlsx
泰山(颜悦),200.0,167.48,0.0,0.0,2026-03-23,XQJ10000000026369701,订单明细20260329030433.xlsx
泰山(颜悦),200.0,167.48,0.0,0.0,2026-03-23,XQJ10000000026369701,订单明细20260329030433.xlsx
泰山(颜悦),200.0,167.48,0.0,0.0,2026-03-23,XQJ10000000026369701,订单明细20260329030433.xlsx
泰山(颜悦),200.0,167.48,0.0,0.0,2026-03-23,XQJ10000000026369701,订单明细20260329030433.xlsx
泰山(颜悦),200.0,167.48,0.0,0.0,2026-03-23,XQJ10000000026369701,订单明细20260329030433.xlsx
泰山(颜悦),200.0,167.48,0.0,0.0,2026-03-23,XQJ10000000026369701,订单明细20260329030433.xlsx
牡丹(软),140.0,121.9,1.0,121.9,2026-03-23,XQJ10000000026369701,订单明细20260329030433.xlsx
牡丹(软),140.0,121.9,1.0,121.9,2026-03-23,XQJ10000000026369701,订单明细20260329030433.xlsx
牡丹(软),140.0,121.9,1.0,121.9,2026-03-23,XQJ10000000026369701,订单明细20260329030433.xlsx
牡丹(软),140.0,121.9,1.0,121.9,2026-03-23,XQJ10000000026369701,订单明细20260329030433.xlsx
牡丹(软),140.0,121.9,1.0,121.9,2026-03-23,XQJ10000000026369701,订单明细20260329030433.xlsx
牡丹(软),140.0,121.9,1.0,121.9,2026-03-23,XQJ10000000026369701,订单明细20260329030433.xlsx
玉溪(创客),200.0,175.0,1.0,175.0,2026-03-23,XQJ10000000026369701,订单明细20260329030433.xlsx
玉溪(创客),200.0,175.0,1.0,175.0,2026-03-23,XQJ10000000026369701,订单明细20260329030433.xlsx
玉溪(创客),200.0,175.0,1.0,175.0,2026-03-23,XQJ10000000026369701,订单明细20260329030433.xlsx
玉溪(创客),200.0,175.0,1.0,175.0,2026-03-23,XQJ10000000026369701,订单明细20260329030433.xlsx
玉溪(创客),200.0,175.0,1.0,175.0,2026-03-23,XQJ10000000026369701,订单明细20260329030433.xlsx
玉溪(创客),200.0,175.0,1.0,175.0,2026-03-23,XQJ10000000026369701,订单明细20260329030433.xlsx
玉溪(软初心),200.0,175.0,5.0,875.0,2026-03-23,XQJ10000000026369701,订单明细20260329030433.xlsx
玉溪(软初心),200.0,175.0,5.0,875.0,2026-03-23,XQJ10000000026369701,订单明细20260329030433.xlsx
玉溪(软初心),200.0,175.0,5.0,875.0,2026-03-23,XQJ10000000026369701,订单明细20260329030433.xlsx
玉溪(软初心),200.0,175.0,5.0,875.0,2026-03-23,XQJ10000000026369701,订单明细20260329030433.xlsx
玉溪(软初心),200.0,175.0,5.0,875.0,2026-03-23,XQJ10000000026369701,订单明细20260329030433.xlsx
玉溪(软初心),200.0,175.0,5.0,875.0,2026-03-23,XQJ10000000026369701,订单明细20260329030433.xlsx
玉溪(软尚善),280.0,243.8,10.0,2438.0,2026-03-23,XQJ10000000026369701,订单明细20260329030433.xlsx
玉溪(软尚善),280.0,243.8,10.0,2438.0,2026-03-23,XQJ10000000026369701,订单明细20260329030433.xlsx
玉溪(软尚善),280.0,243.8,10.0,2438.0,2026-03-23,XQJ10000000026369701,订单明细20260329030433.xlsx
玉溪(软尚善),280.0,243.8,10.0,2438.0,2026-03-23,XQJ10000000026369701,订单明细20260329030433.xlsx
玉溪(软尚善),280.0,243.8,10.0,2438.0,2026-03-23,XQJ10000000026369701,订单明细20260329030433.xlsx
玉溪(软尚善),280.0,243.8,10.0,2438.0,2026-03-23,XQJ10000000026369701,订单明细20260329030433.xlsx
白沙(硬和天下双中支),900.0,763.2,1.0,763.2,2026-03-23,XQJ10000000026369701,订单明细20260329030433.xlsx
白沙(硬和天下双中支),900.0,763.2,1.0,763.2,2026-03-23,XQJ10000000026369701,订单明细20260329030433.xlsx
白沙(硬和天下双中支),900.0,763.2,1.0,763.2,2026-03-23,XQJ10000000026369701,订单明细20260329030433.xlsx
白沙(硬和天下双中支),900.0,763.2,1.0,763.2,2026-03-23,XQJ10000000026369701,订单明细20260329030433.xlsx
白沙(硬和天下双中支),900.0,763.2,1.0,763.2,2026-03-23,XQJ10000000026369701,订单明细20260329030433.xlsx
白沙(硬和天下双中支),900.0,763.2,1.0,763.2,2026-03-23,XQJ10000000026369701,订单明细20260329030433.xlsx
红塔山(硬恭贺新禧),150.0,121.9,1.0,121.9,2026-03-23,XQJ10000000026369701,订单明细20260329030433.xlsx
红塔山(硬恭贺新禧),150.0,121.9,1.0,121.9,2026-03-23,XQJ10000000026369701,订单明细20260329030433.xlsx
红塔山(硬恭贺新禧),150.0,121.9,1.0,121.9,2026-03-23,XQJ10000000026369701,订单明细20260329030433.xlsx
红塔山(硬恭贺新禧),150.0,121.9,1.0,121.9,2026-03-23,XQJ10000000026369701,订单明细20260329030433.xlsx
红塔山(硬恭贺新禧),150.0,121.9,1.0,121.9,2026-03-23,XQJ10000000026369701,订单明细20260329030433.xlsx
红塔山(硬恭贺新禧),150.0,121.9,1.0,121.9,2026-03-23,XQJ10000000026369701,订单明细20260329030433.xlsx
红塔山(硬经典),90.0,75.0,1.0,75.0,2026-03-23,XQJ10000000026369701,订单明细20260329030433.xlsx
红塔山(硬经典),90.0,75.0,1.0,75.0,2026-03-23,XQJ10000000026369701,订单明细20260329030433.xlsx
红塔山(硬经典),90.0,75.0,1.0,75.0,2026-03-23,XQJ10000000026369701,订单明细20260329030433.xlsx
红塔山(硬经典),90.0,75.0,1.0,75.0,2026-03-23,XQJ10000000026369701,订单明细20260329030433.xlsx
红塔山(硬经典),90.0,75.0,1.0,75.0,2026-03-23,XQJ10000000026369701,订单明细20260329030433.xlsx
红塔山(硬经典),90.0,75.0,1.0,75.0,2026-03-23,XQJ10000000026369701,订单明细20260329030433.xlsx
红塔山(硬经典100),110.0,97.0,3.0,291.0,2026-03-23,XQJ10000000026369701,订单明细20260329030433.xlsx
红塔山(硬经典100),110.0,97.0,3.0,291.0,2026-03-23,XQJ10000000026369701,订单明细20260329030433.xlsx
红塔山(硬经典100),110.0,97.0,3.0,291.0,2026-03-23,XQJ10000000026369701,订单明细20260329030433.xlsx
红塔山(硬经典100),110.0,97.0,3.0,291.0,2026-03-23,XQJ10000000026369701,订单明细20260329030433.xlsx
红塔山(硬经典100),110.0,97.0,3.0,291.0,2026-03-23,XQJ10000000026369701,订单明细20260329030433.xlsx
红塔山(硬经典100),110.0,97.0,3.0,291.0,2026-03-23,XQJ10000000026369701,订单明细20260329030433.xlsx
红塔山(细支传奇),180.0,155.0,1.0,155.0,2026-03-23,XQJ10000000026369701,订单明细20260329030433.xlsx
红塔山(细支传奇),180.0,155.0,1.0,155.0,2026-03-23,XQJ10000000026369701,订单明细20260329030433.xlsx
红塔山(细支传奇),180.0,155.0,1.0,155.0,2026-03-23,XQJ10000000026369701,订单明细20260329030433.xlsx
红塔山(细支传奇),180.0,155.0,1.0,155.0,2026-03-23,XQJ10000000026369701,订单明细20260329030433.xlsx
红塔山(细支传奇),180.0,155.0,1.0,155.0,2026-03-23,XQJ10000000026369701,订单明细20260329030433.xlsx
红塔山(细支传奇),180.0,155.0,1.0,155.0,2026-03-23,XQJ10000000026369701,订单明细20260329030433.xlsx
红旗渠(雪茄),50.0,44.5,2.0,89.0,2026-03-23,XQJ10000000026369701,订单明细20260329030433.xlsx
红旗渠(雪茄),50.0,44.5,2.0,89.0,2026-03-23,XQJ10000000026369701,订单明细20260329030433.xlsx
红旗渠(雪茄),50.0,44.5,2.0,89.0,2026-03-23,XQJ10000000026369701,订单明细20260329030433.xlsx
红旗渠(雪茄),50.0,44.5,2.0,89.0,2026-03-23,XQJ10000000026369701,订单明细20260329030433.xlsx
红旗渠(雪茄),50.0,44.5,2.0,89.0,2026-03-23,XQJ10000000026369701,订单明细20260329030433.xlsx
红旗渠(雪茄),50.0,44.5,2.0,89.0,2026-03-23,XQJ10000000026369701,订单明细20260329030433.xlsx
红河(硬88),120.0,97.0,3.0,291.0,2026-03-23,XQJ10000000026369701,订单明细20260329030433.xlsx
红河(硬88),120.0,97.0,3.0,291.0,2026-03-23,XQJ10000000026369701,订单明细20260329030433.xlsx
红河(硬88),120.0,97.0,3.0,291.0,2026-03-23,XQJ10000000026369701,订单明细20260329030433.xlsx
红河(硬88),120.0,97.0,3.0,291.0,2026-03-23,XQJ10000000026369701,订单明细20260329030433.xlsx
红河(硬88),120.0,97.0,3.0,291.0,2026-03-23,XQJ10000000026369701,订单明细20260329030433.xlsx
红河(硬88),120.0,97.0,3.0,291.0,2026-03-23,XQJ10000000026369701,订单明细20260329030433.xlsx
红河(硬99),140.0,121.9,7.0,853.3,2026-03-23,XQJ10000000026369701,订单明细20260329030433.xlsx
红河(硬99),140.0,121.9,7.0,853.3,2026-03-23,XQJ10000000026369701,订单明细20260329030433.xlsx
红河(硬99),140.0,121.9,7.0,853.3,2026-03-23,XQJ10000000026369701,订单明细20260329030433.xlsx
红河(硬99),140.0,121.9,7.0,853.3,2026-03-23,XQJ10000000026369701,订单明细20260329030433.xlsx
红河(硬99),140.0,121.9,7.0,853.3,2026-03-23,XQJ10000000026369701,订单明细20260329030433.xlsx
红河(硬99),140.0,121.9,7.0,853.3,2026-03-23,XQJ10000000026369701,订单明细20260329030433.xlsx
红河(软甲),65.0,57.2,1.0,57.2,2026-03-23,XQJ10000000026369701,订单明细20260329030433.xlsx
红河(软甲),65.0,57.2,1.0,57.2,2026-03-23,XQJ10000000026369701,订单明细20260329030433.xlsx
红河(软甲),65.0,57.2,1.0,57.2,2026-03-23,XQJ10000000026369701,订单明细20260329030433.xlsx
红河(软甲),65.0,57.2,1.0,57.2,2026-03-23,XQJ10000000026369701,订单明细20260329030433.xlsx
红河(软甲),65.0,57.2,1.0,57.2,2026-03-23,XQJ10000000026369701,订单明细20260329030433.xlsx
红河(软甲),65.0,57.2,1.0,57.2,2026-03-23,XQJ10000000026369701,订单明细20260329030433.xlsx
芙蓉王(品悦细支),260.0,225.0,1.0,225.0,2026-03-23,XQJ10000000026369701,订单明细20260329030433.xlsx
芙蓉王(品悦细支),260.0,225.0,1.0,225.0,2026-03-23,XQJ10000000026369701,订单明细20260329030433.xlsx
芙蓉王(品悦细支),260.0,225.0,1.0,225.0,2026-03-23,XQJ10000000026369701,订单明细20260329030433.xlsx
芙蓉王(品悦细支),260.0,225.0,1.0,225.0,2026-03-23,XQJ10000000026369701,订单明细20260329030433.xlsx
芙蓉王(品悦细支),260.0,225.0,1.0,225.0,2026-03-23,XQJ10000000026369701,订单明细20260329030433.xlsx
芙蓉王(品悦细支),260.0,225.0,1.0,225.0,2026-03-23,XQJ10000000026369701,订单明细20260329030433.xlsx
芙蓉王(沁爽细支),300.0,263.0,1.0,263.0,2026-03-23,XQJ10000000026369701,订单明细20260329030433.xlsx
芙蓉王(沁爽细支),300.0,263.0,1.0,263.0,2026-03-23,XQJ10000000026369701,订单明细20260329030433.xlsx
芙蓉王(沁爽细支),300.0,263.0,1.0,263.0,2026-03-23,XQJ10000000026369701,订单明细20260329030433.xlsx
芙蓉王(沁爽细支),300.0,263.0,1.0,263.0,2026-03-23,XQJ10000000026369701,订单明细20260329030433.xlsx
芙蓉王(沁爽细支),300.0,263.0,1.0,263.0,2026-03-23,XQJ10000000026369701,订单明细20260329030433.xlsx
芙蓉王(沁爽细支),300.0,263.0,1.0,263.0,2026-03-23,XQJ10000000026369701,订单明细20260329030433.xlsx
芙蓉王(硬),250.0,218.36,5.0,1091.8,2026-03-23,XQJ10000000026369701,订单明细20260329030433.xlsx
芙蓉王(硬),250.0,218.36,5.0,1091.8,2026-03-23,XQJ10000000026369701,订单明细20260329030433.xlsx
芙蓉王(硬),250.0,218.36,5.0,1091.8,2026-03-23,XQJ10000000026369701,订单明细20260329030433.xlsx
芙蓉王(硬),250.0,218.36,5.0,1091.8,2026-03-23,XQJ10000000026369701,订单明细20260329030433.xlsx
芙蓉王(硬),250.0,218.36,5.0,1091.8,2026-03-23,XQJ10000000026369701,订单明细20260329030433.xlsx
芙蓉王(硬),250.0,218.36,5.0,1091.8,2026-03-23,XQJ10000000026369701,订单明细20260329030433.xlsx
芙蓉王(绽放细支),400.0,339.2,1.0,339.2,2026-03-23,XQJ10000000026369701,订单明细20260329030433.xlsx
芙蓉王(绽放细支),400.0,339.2,1.0,339.2,2026-03-23,XQJ10000000026369701,订单明细20260329030433.xlsx
芙蓉王(绽放细支),400.0,339.2,1.0,339.2,2026-03-23,XQJ10000000026369701,订单明细20260329030433.xlsx
芙蓉王(绽放细支),400.0,339.2,1.0,339.2,2026-03-23,XQJ10000000026369701,订单明细20260329030433.xlsx
芙蓉王(绽放细支),400.0,339.2,1.0,339.2,2026-03-23,XQJ10000000026369701,订单明细20260329030433.xlsx
芙蓉王(绽放细支),400.0,339.2,1.0,339.2,2026-03-23,XQJ10000000026369701,订单明细20260329030433.xlsx
贵烟(萃),200.0,158.0,0.0,0.0,2026-03-23,XQJ10000000026369701,订单明细20260329030433.xlsx
贵烟(萃),200.0,158.0,0.0,0.0,2026-03-23,XQJ10000000026369701,订单明细20260329030433.xlsx
贵烟(萃),200.0,158.0,0.0,0.0,2026-03-23,XQJ10000000026369701,订单明细20260329030433.xlsx
贵烟(萃),200.0,158.0,0.0,0.0,2026-03-23,XQJ10000000026369701,订单明细20260329030433.xlsx
贵烟(萃),200.0,158.0,0.0,0.0,2026-03-23,XQJ10000000026369701,订单明细20260329030433.xlsx
贵烟(萃),200.0,158.0,0.0,0.0,2026-03-23,XQJ10000000026369701,订单明细20260329030433.xlsx
金圣(吉品),250.0,219.42,1.0,219.42,2026-03-23,XQJ10000000026369701,订单明细20260329030433.xlsx
金圣(吉品),250.0,219.42,1.0,219.42,2026-03-23,XQJ10000000026369701,订单明细20260329030433.xlsx
金圣(吉品),250.0,219.42,1.0,219.42,2026-03-23,XQJ10000000026369701,订单明细20260329030433.xlsx
金圣(吉品),250.0,219.42,1.0,219.42,2026-03-23,XQJ10000000026369701,订单明细20260329030433.xlsx
金圣(吉品),250.0,219.42,1.0,219.42,2026-03-23,XQJ10000000026369701,订单明细20260329030433.xlsx
金圣(吉品),250.0,219.42,1.0,219.42,2026-03-23,XQJ10000000026369701,订单明细20260329030433.xlsx
黄山(新制皖烟),140.0,121.9,1.0,121.9,2026-03-23,XQJ10000000026369701,订单明细20260329030433.xlsx
黄山(新制皖烟),140.0,121.9,1.0,121.9,2026-03-23,XQJ10000000026369701,订单明细20260329030433.xlsx
黄山(新制皖烟),140.0,121.9,1.0,121.9,2026-03-23,XQJ10000000026369701,订单明细20260329030433.xlsx
黄山(新制皖烟),140.0,121.9,1.0,121.9,2026-03-23,XQJ10000000026369701,订单明细20260329030433.xlsx
黄山(新制皖烟),140.0,121.9,1.0,121.9,2026-03-23,XQJ10000000026369701,订单明细20260329030433.xlsx
黄山(新制皖烟),140.0,121.9,1.0,121.9,2026-03-23,XQJ10000000026369701,订单明细20260329030433.xlsx
黄金叶(乐途),140.0,121.9,2.0,243.8,2026-03-23,XQJ10000000026369701,订单明细20260329030433.xlsx
黄金叶(乐途),140.0,121.9,2.0,243.8,2026-03-23,XQJ10000000026369701,订单明细20260329030433.xlsx
黄金叶(乐途),140.0,121.9,2.0,243.8,2026-03-23,XQJ10000000026369701,订单明细20260329030433.xlsx
黄金叶(乐途),140.0,121.9,2.0,243.8,2026-03-23,XQJ10000000026369701,订单明细20260329030433.xlsx
黄金叶(乐途),140.0,121.9,2.0,243.8,2026-03-23,XQJ10000000026369701,订单明细20260329030433.xlsx
黄金叶(乐途),140.0,121.9,2.0,243.8,2026-03-23,XQJ10000000026369701,订单明细20260329030433.xlsx
黄鹤楼(硬1916如意),1000.0,763.2,1.0,763.2,2026-03-23,XQJ10000000026369701,订单明细20260329030433.xlsx
黄鹤楼(硬1916如意),1000.0,763.2,1.0,763.2,2026-03-23,XQJ10000000026369701,订单明细20260329030433.xlsx
黄鹤楼(硬1916如意),1000.0,763.2,1.0,763.2,2026-03-23,XQJ10000000026369701,订单明细20260329030433.xlsx
黄鹤楼(硬1916如意),1000.0,763.2,1.0,763.2,2026-03-23,XQJ10000000026369701,订单明细20260329030433.xlsx
黄鹤楼(硬1916如意),1000.0,763.2,1.0,763.2,2026-03-23,XQJ10000000026369701,订单明细20260329030433.xlsx
黄鹤楼(硬1916如意),1000.0,763.2,1.0,763.2,2026-03-23,XQJ10000000026369701,订单明细20260329030433.xlsx
黄鹤楼(硬峡谷情细支),350.0,263.0,1.0,263.0,2026-03-23,XQJ10000000026369701,订单明细20260329030433.xlsx
黄鹤楼(硬峡谷情细支),350.0,263.0,1.0,263.0,2026-03-23,XQJ10000000026369701,订单明细20260329030433.xlsx
黄鹤楼(硬峡谷情细支),350.0,263.0,1.0,263.0,2026-03-23,XQJ10000000026369701,订单明细20260329030433.xlsx
黄鹤楼(硬峡谷情细支),350.0,263.0,1.0,263.0,2026-03-23,XQJ10000000026369701,订单明细20260329030433.xlsx
黄鹤楼(硬峡谷情细支),350.0,263.0,1.0,263.0,2026-03-23,XQJ10000000026369701,订单明细20260329030433.xlsx
黄鹤楼(硬峡谷情细支),350.0,263.0,1.0,263.0,2026-03-23,XQJ10000000026369701,订单明细20260329030433.xlsx
黄鹤楼(硬峡谷柔情),400.0,263.0,1.0,263.0,2026-03-23,XQJ10000000026369701,订单明细20260329030433.xlsx
黄鹤楼(硬峡谷柔情),400.0,263.0,1.0,263.0,2026-03-23,XQJ10000000026369701,订单明细20260329030433.xlsx
黄鹤楼(硬峡谷柔情),400.0,263.0,1.0,263.0,2026-03-23,XQJ10000000026369701,订单明细20260329030433.xlsx
黄鹤楼(硬峡谷柔情),400.0,263.0,1.0,263.0,2026-03-23,XQJ10000000026369701,订单明细20260329030433.xlsx
黄鹤楼(硬峡谷柔情),400.0,263.0,1.0,263.0,2026-03-23,XQJ10000000026369701,订单明细20260329030433.xlsx
黄鹤楼(硬峡谷柔情),400.0,263.0,1.0,263.0,2026-03-23,XQJ10000000026369701,订单明细20260329030433.xlsx
黄鹤楼(视窗),400.0,300.0,1.0,300.0,2026-03-23,XQJ10000000026369701,订单明细20260329030433.xlsx
黄鹤楼(视窗),400.0,300.0,1.0,300.0,2026-03-23,XQJ10000000026369701,订单明细20260329030433.xlsx
黄鹤楼(视窗),400.0,300.0,1.0,300.0,2026-03-23,XQJ10000000026369701,订单明细20260329030433.xlsx
黄鹤楼(视窗),400.0,300.0,1.0,300.0,2026-03-23,XQJ10000000026369701,订单明细20260329030433.xlsx
黄鹤楼(视窗),400.0,300.0,1.0,300.0,2026-03-23,XQJ10000000026369701,订单明细20260329030433.xlsx
黄鹤楼(视窗),400.0,300.0,1.0,300.0,2026-03-23,XQJ10000000026369701,订单明细20260329030433.xlsx
